0 0 0 0 0 0
256 0 0 220 67 46
512 0 0 439 135 92
768 0 0 658 204 138
1024 0 0 877 273 185
1280 0 0 1094 344 231
1536 0 0 1310 417 277
1792 0 0 1525 491 320
2048 0 0 1741 564 362
2303 0 0 1957 635 400
2559 0 0 2175 707 439
2815 0 0 2392 777 477
3071 0 0 2610 848 519
3327 0 0 2828 919 562
3583 0 0 3045 989 605
3839 0 0 3263 1060 648
4095 0 0 3480 1131 692
0 256 0 138 247 93
256 256 0 291 276 116
512 256 0 467 310 143
768 256 0 675 349 176
1024 256 0 888 396 214
1280 256 0 1103 448 254
1536 256 0 1316 506 295
1792 256 0 1530 568 337
2048 256 0 1743 633 378
2303 256 0 1954 702 418
2559 256 0 2168 770 458
2815 256 0 2385 837 497
3071 256 0 2603 903 537
3327 256 0 2821 969 579
3583 256 0 3039 1036 621
3839 256 0 3257 1104 663
4095 256 0 3475 1171 705
0 512 0 275 494 186
256 512 0 377 500 193
512 512 0 516 511 207
768 512 0 708 530 229
1024 512 0 912 559 259
1280 512 0 1120 594 291
1536 512 0 1331 638 328
1792 512 0 1541 689 366
2048 512 0 1751 743 405
2303 512 0 1959 806 445
2559 512 0 2169 868 486
2815 512 0 2382 930 527
3071 512 0 2596 993 568
3327 512 0 2812 1056 610
3583 512 0 3029 1118 650
3839 512 0 3248 1180 690
4095 512 0 3468 1242 729
0 768 0 412 741 278
256 768 0 485 744 283
512 768 0 596 751 291
768 768 0 764 762 306
1024 768 0 954 782 327
1280 768 0 1152 805 351
1536 768 0 1357 836 381
1792 768 0 1562 873 412
2048 768 0 1769 914 446
2303 768 0 1974 964 486
2559 768 0 2179 1017 527
2815 768 0 2385 1074 572
3071 768 0 2591 1135 618
3327 768 0 2799 1195 663
3583 768 0 3015 1253 702
3839 768 0 3235 1307 736
4095 768 0 3459 1359 768
0 1024 0 558 987 369
256 1024 0 614 989 372
512 1024 0 704 993 378
768 1024 0 848 1002 389
1024 1024 0 1022 1016 406
1280 1024 0 1206 1033 426
1536 1024 0 1401 1057 452
1792 1024 0 1599 1086 480
2048 1024 0 1800 1118 511
2303 1024 0 2002 1158 547
2559 1024 0 2204 1202 586
2815 1024 0 2407 1250 628
3071 1024 0 2611 1302 671
3327 1024 0 2815 1356 714
3583 1024 0 3024 1410 755
3839 1024 0 3243 1458 785
4095 1024 0 3470 1501 809
0 1280 0 708 1232 461
256 1280 0 749 1233 464
512 1280 0 823 1237 468
768 1280 0 944 1243 477
1024 1280 0 1100 1253 491
1280 1280 0 1269 1266 508
1536 1280 0 1454 1285 531
1792 1280 0 1645 1307 556
2048 1280 0 1839 1333 584
2303 1280 0 2037 1365 617
2559 1280 0 2236 1400 651
2815 1280 0 2437 1438 688
3071 1280 0 2639 1482 727
3327 1280 0 2841 1528 767
3583 1280 0 3043 1579 810
3839 1280 0 3261 1620 837
4095 1280 0 3488 1656 853
0 1536 0 858 1476 563
256 1536 0 892 1477 565
512 1536 0 953 1480 569
768 1536 0 1057 1485 576
1024 1536 0 1197 1494 588
1280 1536 0 1351 1505 602
1536 1536 0 1525 1520 621
1792 1536 0 1707 1538 643
2048 1536 0 1893 1559 667
2303 1536 0 2086 1585 695
2559 1536 0 2281 1614 725
2815 1536 0 2479 1647 757
3071 1536 0 2678 1684 792
3327 1536 0 2878 1723 829
3583 1536 0 3078 1766 868
3839 1536 0 3292 1804 892
4095 1536 0 3513 1838 908
0 1792 0 1006 1721 662
256 1792 0 1034 1722 664
512 1792 0 1086 1724 667
768 1792 0 1175 1729 673
1024 1792 0 1302 1736 683
1280 1792 0 1442 1745 695
1536 1792 0 1606 1757 711
1792 1792 0 1778 1773 729
2048 1792 0 1957 1790 750
2303 1792 0 2144 1812 775
2559 1792 0 2335 1836 801
2815 1792 0 2528 1863 830
3071 1792 0 2724 1895 862
3327 1792 0 2921 1928 894
3583 1792 0 3120 1965 930
3839 1792 0 3329 2000 954
4095 1792 0 3544 2032 970
0 2048 0 1152 1966 759
256 2048 0 1175 1967 761
512 2048 0 1220 1969 763
768 2048 0 1298 1973 769
1024 2048 0 1411 1979 777
1280 2048 0 1540 1986 787
1536 2048 0 1692 1997 800
1792 2048 0 1856 2009 816
2048 2048 0 2027 2024 834
2303 2048 0 2208 2042 856
2559 2048 0 2394 2062 879
2815 2048 0 2583 2085 905
3071 2048 0 2776 2112 933
3327 2048 0 2970 2140 963
3583 2048 0 3166 2172 995
3839 2048 0 3370 2204 1019
4095 2048 0 3577 2235 1037
0 2303 0 1295 2211 854
256 2303 0 1316 2212 855
512 2303 0 1356 2214 858
768 2303 0 1425 2217 862
1024 2303 0 1529 2222 869
1280 2303 0 1647 2229 878
1536 2303 0 1790 2238 890
1792 2303 0 1945 2249 904
2048 2303 0 2108 2261 920
2303 2303 0 2283 2277 939
2559 2303 0 2462 2295 960
2815 2303 0 2647 2315 983
3071 2303 0 2836 2338 1009
3327 2303 0 3027 2363 1036
3583 2303 0 3220 2391 1065
3839 2303 0 3419 2419 1091
4095 2303 0 3620 2449 1114
0 2559 0 1439 2457 949
256 2559 0 1458 2458 950
512 2559 0 1493 2459 952
768 2559 0 1555 2462 956
1024 2559 0 1649 2466 962
1280 2559 0 1758 2472 970
1536 2559 0 1891 2480 981
1792 2559 0 2038 2489 993
2048 2559 0 2193 2500 1007
2303 2559 0 2362 2514 1025
2559 2559 0 2535 2530 1043
2815 2559 0 2715 2547 1064
3071 2559 0 2899 2567 1087
3327 2559 0 3087 2589 1111
3583 2559 0 3277 2613 1138
3839 2559 0 3471 2639 1164
4095 2559 0 3666 2667 1190
0 2815 0 1583 2703 1044
256 2815 0 1600 2703 1045
512 2815 0 1632 2705 1047
768 2815 0 1687 2707 1050
1024 2815 0 1774 2711 1056
1280 2815 0 1873 2716 1063
1536 2815 0 1998 2723 1072
1792 2815 0 2136 2731 1083
2048 2815 0 2283 2741 1096
2303 2815 0 2446 2753 1112
2559 2815 0 2613 2767 1128
2815 2815 0 2787 2782 1147
3071 2815 0 2968 2800 1168
3327 2815 0 3151 2819 1190
3583 2815 0 3338 2841 1215
3839 2815 0 3528 2864 1240
4095 2815 0 3720 2889 1266
0 3071 0 1727 2949 1138
256 3071 0 1742 2949 1139
512 3071 0 1771 2950 1141
768 3071 0 1822 2952 1144
1024 3071 0 1901 2956 1149
1280 3071 0 1994 2961 1156
1536 3071 0 2110 2967 1164
1792 3071 0 2241 2974 1175
2048 3071 0 2381 2983 1186
2303 3071 0 2537 2994 1200
2559 3071 0 2698 3006 1215
2815 3071 0 2867 3020 1233
3071 3071 0 3042 3036 1252
3327 3071 0 3221 3053 1272
3583 3071 0 3405 3072 1295
3839 3071 0 3591 3093 1319
4095 3071 0 3780 3116 1343
0 3327 0 1871 3194 1233
256 3327 0 1885 3195 1234
512 3327 0 1911 3196 1236
768 3327 0 1957 3198 1239
1024 3327 0 2031 3201 1243
1280 3327 0 2116 3205 1249
1536 3327 0 2225 3211 1257
1792 3327 0 2348 3218 1266
2048 3327 0 2481 3225 1276
2303 3327 0 2630 3235 1289
2559 3327 0 2786 3246 1303
2815 3327 0 2949 3258 1319
3071 3327 0 3120 3272 1337
3327 3327 0 3294 3288 1355
3583 3327 0 3474 3305 1376
3839 3327 0 3657 3324 1398
4095 3327 0 3842 3344 1422
0 3583 0 2015 3440 1328
256 3583 0 2028 3441 1329
512 3583 0 2052 3442 1330
768 3583 0 2095 3443 1333
1024 3583 0 2162 3446 1337
1280 3583 0 2242 3450 1343
1536 3583 0 2345 3455 1350
1792 3583 0 2461 3461 1358
2048 3583 0 2587 3468 1368
2303 3583 0 2730 3477 1380
2559 3583 0 2879 3487 1393
2815 3583 0 3037 3498 1407
3071 3583 0 3203 3511 1423
3327 3583 0 3372 3525 1441
3583 3583 0 3548 3541 1460
3839 3583 0 3727 3558 1481
4095 3583 0 3909 3577 1502
0 3839 0 2133 3692 1391
256 3839 0 2144 3692 1392
512 3839 0 2167 3693 1393
768 3839 0 2207 3695 1395
1024 3839 0 2271 3698 1398
1280 3839 0 2346 3701 1401
1536 3839 0 2443 3706 1407
1792 3839 0 2554 3711 1413
2048 3839 0 2674 3718 1419
2303 3839 0 2813 3726 1428
2559 3839 0 2957 3735 1437
2815 3839 0 3111 3745 1446
3071 3839 0 3274 3757 1456
3327 3839 0 3440 3770 1467
3583 3839 0 3614 3784 1476
3839 3839 0 3790 3797 1481
4095 3839 0 3966 3809 1484
0 4095 0 2233 3947 1433
256 4095 0 2244 3947 1434
512 4095 0 2265 3948 1434
768 4095 0 2303 3950 1435
1024 4095 0 2363 3953 1436
1280 4095 0 2434 3956 1437
1536 4095 0 2527 3960 1440
1792 4095 0 2634 3966 1442
2048 4095 0 2750 3972 1445
2303 4095 0 2884 3979 1448
2559 4095 0 3026 3988 1450
2815 4095 0 3176 3997 1453
3071 4095 0 3337 4008 1454
3327 4095 0 3502 4019 1453
3583 4095 0 3675 4032 1447
3839 4095 0 3846 4038 1428
4095 4095 0 4016 4041 1400
0 0 256 38 47 237
256 0 256 234 93 253
512 0 256 440 146 272
768 0 256 658 211 296
1024 0 256 874 281 325
1280 0 256 1090 353 355
1536 0 256 1307 424 386
1792 0 256 1524 495 418
2048 0 256 1741 567 450
2303 0 256 1957 637 483
2559 0 256 2174 708 517
2815 0 256 2392 778 552
3071 0 256 2610 849 589
3327 0 256 2827 920 627
3583 0 256 3045 990 665
3839 0 256 3262 1061 705
4095 0 256 3480 1132 744
0 256 256 158 266 276
256 256 256 300 287 286
512 256 256 466 316 300
768 256 256 670 356 321
1024 256 256 877 408 349
1280 256 256 1087 463 379
1536 256 256 1303 521 408
1792 256 256 1518 581 438
2048 256 256 1735 643 470
2303 256 256 1950 708 502
2559 256 256 2167 773 536
2815 256 256 2384 839 570
3071 256 256 2602 904 606
3327 256 256 2820 970 642
3583 256 256 3038 1037 680
3839 256 256 3256 1104 718
4095 256 256 3474 1172 757
0 512 256 286 495 327
256 512 256 385 501 333
512 512 256 518 513 344
768 512 256 703 535 361
1024 512 256 899 570 386
1280 512 256 1101 610 413
1536 512 256 1312 656 440
1792 512 256 1523 705 469
2048 512 256 1736 758 499
2303 512 256 1948 816 533
2559 512 256 2162 875 566
2815 512 256 2377 935 601
3071 512 256 2593 996 636
3327 512 256 2811 1057 672
3583 512 256 3029 1119 708
3839 512 256 3248 1181 744
4095 512 256 3467 1243 779
0 768 256 428 739 396
256 768 256 499 742 402
512 768 256 606 749 411
768 768 256 765 763 423
1024 768 256 948 786 442
1280 768 256 1140 812 463
1536 768 256 1340 846 488
1792 768 256 1544 886 515
2048 768 256 1749 929 545
2303 768 256 1954 979 579
2559 768 256 2161 1031 615
2815 768 256 2370 1086 651
3071 768 256 2583 1142 687
3327 768 256 2796 1198 722
3583 768 256 3014 1254 756
3839 768 256 3235 1308 787
4095 768 256 3458 1360 817
0 1024 256 573 984 470
256 1024 256 629 986 477
512 1024 256 717 991 485
768 1024 256 853 1000 494
1024 1024 256 1021 1016 510
1280 1024 256 1200 1036 527
1536 1024 256 1391 1062 549
1792 1024 256 1586 1093 575
2048 1024 256 1785 1127 602
2303 1024 256 1986 1169 634
2559 1024 256 2188 1213 668
2815 1024 256 2393 1261 703
3071 1024 256 2599 1311 739
3327 1024 256 2807 1362 776
3583 1024 256 3017 1416 812
3839 1024 256 3239 1461 837
4095 1024 256 3470 1501 855
0 1280 256 719 1230 549
256 1280 256 763 1230 556
512 1280 256 836 1234 563
768 1280 256 952 1240 571
1024 1280 256 1104 1252 583
1280 1280 256 1269 1266 598
1536 1280 256 1450 1286 617
1792 1280 256 1638 1310 640
2048 1280 256 1830 1337 665
2303 1280 256 2026 1370 694
2559 1280 256 2225 1406 724
2815 1280 256 2425 1446 757
3071 1280 256 2627 1490 793
3327 1280 256 2829 1537 830
3583 1280 256 3031 1587 869
3839 1280 256 3253 1626 889
4095 1280 256 3488 1656 895
0 1536 256 866 1475 636
256 1536 256 903 1475 642
512 1536 256 965 1478 649
768 1536 256 1065 1483 656
1024 1536 256 1202 1492 666
1280 1536 256 1353 1504 679
1536 1536 256 1525 1520 696
1792 1536 256 1704 1539 715
2048 1536 256 1888 1561 737
2303 1536 256 2080 1588 763
2559 1536 256 2274 1618 790
2815 1536 256 2470 1652 820
3071 1536 256 2669 1689 853
3327 1536 256 2868 1729 887
3583 1536 256 3069 1772 923
3839 1536 256 3286 1808 941
4095 1536 256 3513 1838 947
0 1792 256 1012 1720 724
256 1792 256 1043 1720 730
512 1792 256 1096 1722 735
768 1792 256 1184 1727 741
1024 1792 256 1308 1734 751
1280 1792 256 1446 1744 762
1536 1792 256 1607 1757 776
1792 1792 256 1778 1772 793
2048 1792 256 1955 1790 812
2303 1792 256 2141 1813 835
2559 1792 256 2330 1838 860
2815 1792 256 2522 1866 887
3071 1792 256 2718 1898 916
3327 1792 256 2914 1932 947
3583 1792 256 3113 1970 981
3839 1792 256 3324 2003 999
4095 1792 256 3544 2032 1007
0 2048 256 1158 1965 813
256 2048 256 1184 1966 818
512 2048 256 1230 1967 823
768 2048 256 1306 1971 828
1024 2048 256 1418 1977 836
1280 2048 256 1545 1985 845
1536 2048 256 1695 1996 858
1792 2048 256 1857 2009 873
2048 2048 256 2027 2023 890
2303 2048 256 2207 2042 910
2559 2048 256 2391 2063 932
2815 2048 256 2579 2087 956
3071 2048 256 2771 2114 983
3327 2048 256 2965 2143 1011
3583 2048 256 3161 2175 1042
3839 2048 256 3366 2206 1061
4095 2048 256 3577 2235 1071
0 2303 256 1302 2210 903
256 2303 256 1324 2210 907
512 2303 256 1365 2212 911
768 2303 256 1433 2215 915
1024 2303 256 1535 2220 922
1280 2303 256 1652 2227 931
1536 2303 256 1793 2236 942
1792 2303 256 1947 2248 955
2048 2303 256 2109 2260 970
2303 2303 256 2283 2277 989
2559 2303 256 2461 2295 1008
2815 2303 256 2645 2316 1030
3071 2303 256 2833 2339 1055
3327 2303 256 3023 2364 1081
3583 2303 256 3216 2393 1109
3839 2303 256 3415 2421 1130
4095 2303 256 3619 2449 1146
0 2559 256 1446 2456 994
256 2559 256 1465 2456 997
512 2559 256 1501 2457 1000
768 2559 256 1562 2460 1004
1024 2559 256 1656 2465 1010
1280 2559 256 1763 2471 1017
1536 2559 256 1895 2479 1027
1792 2559 256 2041 2488 1039
2048 2559 256 2194 2499 1053
2303 2559 256 2362 2514 1069
2559 2559 256 2535 2529 1087
2815 2559 256 2714 2547 1107
3071 2559 256 2898 2568 1129
3327 2559 256 3084 2590 1153
3583 2559 256 3274 2614 1179
3839 2559 256 3468 2641 1201
4095 2559 256 3665 2668 1222
0 2815 256 1591 2701 1086
256 2815 256 1607 2702 1087
512 2815 256 1639 2703 1090
768 2815 256 1694 2706 1093
1024 2815 256 1780 2710 1099
1280 2815 256 1879 2715 1105
1536 2815 256 2002 2722 1114
1792 2815 256 2140 2730 1125
2048 2815 256 2286 2740 1137
2303 2815 256 2447 2753 1152
2559 2815 256 2614 2766 1169
2815 2815 256 2787 2782 1187
3071 2815 256 2967 2800 1207
3327 2815 256 3149 2819 1229
3583 2815 256 3336 2841 1252
3839 2815 256 3526 2865 1276
4095 2815 256 3718 2890 1300
0 3071 256 1734 2947 1178
256 3071 256 1749 2948 1179
512 3071 256 1778 2949 1180
768 3071 256 1828 2951 1184
1024 3071 256 1907 2955 1189
1280 3071 256 1999 2959 1195
1536 3071 256 2115 2966 1203
1792 3071 256 2245 2973 1213
2048 3071 256 2383 2982 1224
2303 3071 256 2539 2993 1238
2559 3071 256 2699 3005 1253
2815 3071 256 2867 3019 1269
3071 3071 256 3042 3035 1288
3327 3071 256 3220 3053 1308
3583 3071 256 3403 3072 1330
3839 3071 256 3590 3094 1353
4095 3071 256 3778 3116 1376
0 3327 256 1878 3193 1269
256 3327 256 1891 3194 1270
512 3327 256 1918 3195 1272
768 3327 256 1964 3197 1274
1024 3327 256 2036 3200 1279
1280 3327 256 2121 3204 1285
1536 3327 256 2230 3210 1292
1792 3327 256 2352 3217 1301
2048 3327 256 2484 3224 1311
2303 3327 256 2633 3234 1324
2559 3327 256 2787 3245 1338
2815 3327 256 2950 3258 1353
3071 3327 256 3120 3272 1370
3327 3327 256 3294 3288 1388
3583 3327 256 3473 3305 1409
3839 3327 256 3656 3325 1430
4095 3327 256 3840 3345 1453
0 3583 256 2021 3439 1361
256 3583 256 2034 3439 1362
512 3583 256 2058 3440 1364
768 3583 256 2100 3442 1366
1024 3583 256 2168 3445 1370
1280 3583 256 2247 3449 1375
1536 3583 256 2349 3454 1382
1792 3583 256 2465 3460 1391
2048 3583 256 2590 3467 1400
2303 3583 256 2732 3476 1412
2559 3583 256 2881 3486 1424
2815 3583 256 3038 3498 1438
3071 3583 256 3204 3511 1454
3327 3583 256 3373 3525 1471
3583 3583 256 3548 3541 1490
3839 3583 256 3727 3559 1510
4095 3583 256 3908 3577 1531
0 3839 256 2137 3691 1420
256 3839 256 2148 3691 1420
512 3839 256 2171 3692 1421
768 3839 256 2210 3694 1423
1024 3839 256 2274 3697 1426
1280 3839 256 2349 3700 1430
1536 3839 256 2446 3705 1435
1792 3839 256 2556 3711 1441
2048 3839 256 2676 3717 1447
2303 3839 256 2814 3726 1456
2559 3839 256 2959 3735 1464
2815 3839 256 3112 3745 1474
3071 3839 256 3274 3757 1484
3327 3839 256 3441 3770 1493
3583 3839 256 3614 3784 1503
3839 3839 256 3789 3797 1508
4095 3839 256 3966 3809 1510
0 4095 256 2233 3947 1456
256 4095 256 2244 3947 1456
512 4095 256 2265 3948 1457
768 4095 256 2303 3950 1458
1024 4095 256 2363 3953 1458
1280 4095 256 2434 3956 1460
1536 4095 256 2527 3960 1462
1792 4095 256 2634 3966 1465
2048 4095 256 2750 3972 1467
2303 4095 256 2884 3980 1470
2559 4095 256 3026 3988 1473
2815 4095 256 3176 3997 1475
3071 4095 256 3337 4008 1476
3327 4095 256 3502 4019 1475
3583 4095 256 3675 4032 1469
3839 4095 256 3846 4038 1450
4095 4095 256 4016 4040 1422
0 0 512 81 102 476
256 0 512 253 125 471
512 0 512 443 162 471
768 0 512 660 222 481
1024 0 512 874 291 497
1280 0 512 1089 361 514
1536 0 512 1306 431 534
1792 0 512 1523 500 557
2048 0 512 1740 570 581
2303 0 512 1957 640 609
2559 0 512 2174 710 637
2815 0 512 2392 781 667
3071 0 512 2609 851 698
3327 0 512 2827 922 731
3583 0 512 3045 992 764
3839 0 512 3262 1063 798
4095 0 512 3480 1133 833
0 256 512 179 289 478
256 256 512 311 302 475
512 256 512 470 326 478
768 256 512 668 366 491
1024 256 512 872 419 511
1280 256 512 1079 476 533
1536 256 512 1295 533 554
1792 256 512 1512 591 576
2048 256 512 1730 651 600
2303 256 512 1947 713 626
2559 256 512 2166 777 654
2815 256 512 2384 841 682
3071 256 512 2602 906 713
3327 256 512 2820 972 744
3583 256 512 3038 1039 777
3839 256 512 3256 1106 811
4095 256 512 3474 1173 845
0 512 512 296 498 498
256 512 512 393 505 497
512 512 512 522 518 503
768 512 512 700 542 517
1024 512 512 892 580 537
1280 512 512 1091 622 559
1536 512 512 1301 668 581
1792 512 512 1513 717 604
2048 512 512 1727 769 629
2303 512 512 1941 824 656
2559 512 512 2157 881 683
2815 512 512 2374 939 712
3071 512 512 2592 999 741
3327 512 512 2810 1059 771
3583 512 512 3028 1121 802
3839 512 512 3247 1183 834
4095 512 512 3467 1244 865
0 768 512 439 741 543
256 768 512 510 743 548
512 768 512 613 751 555
768 768 512 766 766 566
1024 768 512 948 789 581
1280 768 512 1138 816 598
1536 768 512 1334 853 621
1792 768 512 1533 895 646
2048 768 512 1734 941 673
2303 768 512 1940 991 703
2559 768 512 2149 1042 732
2815 768 512 2361 1095 761
3071 768 512 2577 1148 789
3327 768 512 2794 1201 817
3583 768 512 3013 1256 846
3839 768 512 3234 1309 873
4095 768 512 3458 1361 900
0 1024 512 583 985 603
256 1024 512 639 986 610
512 1024 512 724 991 617
768 1024 512 854 1002 622
1024 1024 512 1021 1018 634
1280 1024 512 1200 1038 648
1536 1024 512 1388 1065 669
1792 1024 512 1580 1098 693
2048 1024 512 1775 1135 719
2303 1024 512 1975 1177 748
2559 1024 512 2178 1222 778
2815 1024 512 2382 1269 808
3071 1024 512 2590 1318 839
3327 1024 512 2800 1368 870
3583 1024 512 3011 1421 902
3839 1024 512 3236 1464 922
4095 1024 512 3469 1502 934
0 1280 512 727 1229 669
256 1280 512 772 1230 677
512 1280 512 843 1233 683
768 1280 512 951 1242 684
1024 1280 512 1103 1254 693
1280 1280 512 1268 1268 705
1536 1280 512 1450 1288 724
1792 1280 512 1637 1312 746
2048 1280 512 1827 1339 770
2303 1280 512 2021 1374 797
2559 1280 512 2217 1411 826
2815 1280 512 2415 1453 857
3071 1280 512 2615 1498 891
3327 1280 512 2817 1545 924
3583 1280 512 3021 1595 959
3839 1280 512 3247 1631 972
4095 1280 512 3488 1657 971
0 1536 512 871 1475 742
256 1536 512 909 1475 750
512 1536 512 971 1477 757
768 1536 512 1070 1483 763
1024 1536 512 1205 1493 771
1280 1536 512 1354 1504 782
1536 1536 512 1524 1521 798
1792 1536 512 1702 1541 816
2048 1536 512 1885 1563 837
2303 1536 512 2075 1591 861
2559 1536 512 2267 1622 886
2815 1536 512 2462 1657 914
3071 1536 512 2659 1695 945
3327 1536 512 2858 1735 976
3583 1536 512 3058 1779 1009
3839 1536 512 3279 1813 1021
4095 1536 512 3513 1839 1018
0 1792 512 1016 1720 819
256 1792 512 1048 1720 826
512 1792 512 1103 1721 834
768 1792 512 1191 1725 841
1024 1792 512 1313 1733 849
1280 1792 512 1449 1743 859
1536 1792 512 1608 1757 873
1792 1792 512 1777 1773 889
2048 1792 512 1952 1792 907
2303 1792 512 2137 1815 928
2559 1792 512 2324 1841 951
2815 1792 512 2515 1870 976
3071 1792 512 2710 1903 1004
3327 1792 512 2905 1937 1032
3583 1792 512 3103 1975 1063
3839 1792 512 3318 2007 1075
4095 1792 512 3543 2033 1073
0 2048 512 1161 1965 898
256 2048 512 1189 1965 905
512 2048 512 1237 1966 912
768 2048 512 1314 1969 920
1024 2048 512 1425 1976 928
1280 2048 512 1550 1984 937
1536 2048 512 1698 1995 949
1792 2048 512 1858 2008 963
2048 2048 512 2026 2024 978
2303 2048 512 2205 2043 998
2559 2048 512 2387 2065 1018
2815 2048 512 2574 2089 1041
3071 2048 512 2764 2117 1066
3327 2048 512 2957 2147 1092
3583 2048 512 3152 2180 1121
3839 2048 512 3360 2209 1133
4095 2048 512 3577 2236 1133
0 2303 512 1305 2210 982
256 2303 512 1329 2210 987
512 2303 512 1372 2211 993
768 2303 512 1442 2213 1000
1024 2303 512 1543 2219 1008
1280 2303 512 1659 2226 1016
1536 2303 512 1798 2235 1027
1792 2303 512 1950 2247 1040
2048 2303 512 2110 2260 1054
2303 2303 512 2282 2277 1071
2559 2303 512 2459 2296 1090
2815 2303 512 2641 2317 1110
3071 2303 512 2828 2341 1133
3327 2303 512 3017 2367 1158
3583 2303 512 3209 2396 1184
3839 2303 512 3411 2423 1198
4095 2303 512 3619 2450 1204
0 2559 512 1451 2455 1067
256 2559 512 1471 2455 1070
512 2559 512 1508 2456 1075
768 2559 512 1571 2458 1082
1024 2559 512 1664 2463 1089
1280 2559 512 1771 2469 1097
1536 2559 512 1901 2477 1107
1792 2559 512 2045 2487 1118
2048 2559 512 2197 2499 1131
2303 2559 512 2363 2513 1146
2559 2559 512 2534 2529 1163
2815 2559 512 2712 2548 1182
3071 2559 512 2895 2569 1203
3327 2559 512 3080 2591 1226
3583 2559 512 3269 2617 1250
3839 2559 512 3464 2642 1267
4095 2559 512 3664 2668 1278
0 2815 512 1595 2701 1153
256 2815 512 1613 2701 1156
512 2815 512 1646 2702 1160
768 2815 512 1703 2704 1166
1024 2815 512 1789 2708 1173
1280 2815 512 1887 2713 1180
1536 2815 512 2009 2720 1188
1792 2815 512 2145 2729 1199
2048 2815 512 2290 2739 1210
2303 2815 512 2450 2752 1225
2559 2815 512 2615 2766 1240
2815 2815 512 2787 2782 1257
3071 2815 512 2965 2800 1277
3327 2815 512 3147 2820 1297
3583 2815 512 3333 2843 1320
3839 2815 512 3523 2866 1339
4095 2815 512 3715 2891 1356
0 3071 512 1739 2946 1240
256 3071 512 1755 2947 1242
512 3071 512 1785 2948 1246
768 3071 512 1837 2949 1252
1024 3071 512 1916 2953 1258
1280 3071 512 2008 2957 1264
1536 3071 512 2122 2964 1272
1792 3071 512 2250 2972 1282
2048 3071 512 2388 2981 1292
2303 3071 512 2542 2992 1305
2559 3071 512 2701 3005 1320
2815 3071 512 2868 3019 1335
3071 3071 512 3042 3035 1353
3327 3071 512 3219 3053 1372
3583 3071 512 3401 3073 1393
3839 3071 512 3587 3095 1414
4095 3071 512 3775 3118 1433
0 3327 512 1883 3192 1327
256 3327 512 1897 3193 1329
512 3327 512 1924 3193 1332
768 3327 512 1972 3195 1338
1024 3327 512 2045 3198 1344
1280 3327 512 2130 3202 1350
1536 3327 512 2237 3208 1357
1792 3327 512 2359 3215 1365
2048 3327 512 2489 3223 1375
2303 3327 512 2637 3233 1387
2559 3327 512 2790 3244 1400
2815 3327 512 2952 3257 1415
3071 3327 512 3121 3272 1432
3327 3327 512 3294 3288 1449
3583 3327 512 3472 3306 1469
3839 3327 512 3654 3325 1489
4095 3327 512 3838 3346 1510
0 3583 512 2027 3438 1416
256 3583 512 2039 3438 1418
512 3583 512 2065 3439 1421
768 3583 512 2109 3440 1426
1024 3583 512 2177 3443 1431
1280 3583 512 2256 3447 1436
1536 3583 512 2357 3452 1443
1792 3583 512 2471 3459 1451
2048 3583 512 2595 3466 1460
2303 3583 512 2737 3475 1471
2559 3583 512 2885 3485 1483
2815 3583 512 3041 3497 1497
3071 3583 512 3205 3510 1512
3327 3583 512 3373 3525 1529
3583 3583 512 3548 3541 1547
3839 3583 512 3726 3559 1566
4095 3583 512 3906 3577 1586
0 3839 512 2140 3690 1470
256 3839 512 2152 3691 1471
512 3839 512 2175 3692 1473
768 3839 512 2216 3693 1476
1024 3839 512 2279 3696 1479
1280 3839 512 2354 3699 1483
1536 3839 512 2450 3704 1488
1792 3839 512 2560 3710 1494
2048 3839 512 2680 3716 1500
2303 3839 512 2817 3725 1508
2559 3839 512 2961 3734 1516
2815 3839 512 3114 3744 1525
3071 3839 512 3275 3757 1535
3327 3839 512 3441 3769 1544
3583 3839 512 3614 3784 1553
3839 3839 512 3789 3797 1558
4095 3839 512 3965 3809 1560
0 4095 512 2233 3947 1500
256 4095 512 2244 3948 1500
512 4095 512 2265 3949 1500
768 4095 512 2303 3950 1501
1024 4095 512 2363 3953 1502
1280 4095 512 2434 3956 1503
1536 4095 512 2527 3961 1506
1792 4095 512 2634 3966 1508
2048 4095 512 2749 3972 1511
2303 4095 512 2884 3980 1513
2559 4095 512 3025 3988 1516
2815 4095 512 3176 3997 1518
3071 4095 512 3337 4008 1519
3327 4095 512 3502 4020 1518
3583 4095 512 3675 4032 1512
3839 4095 512 3846 4038 1493
4095 4095 512 4016 4040 1465
0 0 768 132 169 718
256 0 768 279 165 706
512 0 768 451 184 701
768 0 768 665 238 706
1024 0 768 878 303 715
1280 0 768 1091 371 725
1536 0 768 1308 438 741
1792 0 768 1524 507 758
2048 0 768 1741 576 776
2303 0 768 1958 645 797
2559 0 768 2175 715 819
2815 0 768 2392 784 842
3071 0 768 2610 855 867
3327 0 768 2827 925 893
3583 0 768 3045 995 920
3839 0 768 3262 1065 949
4095 0 768 3480 1135 977
0 256 768 203 320 708
256 256 768 328 324 691
512 256 768 479 342 686
768 256 768 671 380 697
1024 256 768 874 430 713
1280 256 768 1081 484 730
1536 256 768 1296 539 749
1792 256 768 1513 597 769
2048 256 768 1731 656 788
2303 256 768 1948 718 809
2559 256 768 2166 781 831
2815 256 768 2384 844 854
3071 256 768 2602 910 879
3327 256 768 2820 975 904
3583 256 768 3038 1042 931
3839 256 768 3256 1109 959
4095 256 768 3474 1176 987
0 512 768 302 507 712
256 512 768 402 514 697
512 512 768 531 528 694
768 512 768 701 553 708
1024 512 768 896 588 725
1280 512 768 1098 627 744
1536 512 768 1305 672 765
1792 512 768 1514 722 788
2048 512 768 1725 774 810
2303 512 768 1940 829 832
2559 512 768 2156 885 854
2815 512 768 2373 943 877
3071 512 768 2591 1002 901
3327 512 768 2809 1062 926
3583 512 768 3028 1124 952
3839 512 768 3247 1185 979
4095 512 768 3467 1246 1005
0 768 768 442 746 737
256 768 768 515 749 735
512 768 768 618 756 738
768 768 768 768 772 748
1024 768 768 957 791 757
1280 768 768 1154 814 769
1536 768 768 1342 853 792
1792 768 768 1534 899 818
2048 768 768 1727 949 846
2303 768 768 1935 998 870
2559 768 768 2145 1048 894
2815 768 768 2359 1099 917
3071 768 768 2576 1151 940
3327 768 768 2794 1204 964
3583 768 768 3012 1259 989
3839 768 768 3234 1311 1012
4095 768 768 3457 1363 1035
0 1024 768 585 989 783
256 1024 768 642 990 786
512 1024 768 725 996 787
768 1024 768 846 1009 784
1024 1024 768 1020 1022 789
1280 1024 768 1208 1039 798
1536 1024 768 1396 1066 821
1792 1024 768 1585 1100 847
2048 1024 768 1775 1139 875
2303 1024 768 1974 1181 902
2559 1024 768 2175 1226 930
2815 1024 768 2378 1274 959
3071 1024 768 2585 1324 986
3327 1024 768 2794 1374 1014
3583 1024 768 3007 1426 1040
3839 1024 768 3234 1468 1055
4095 1024 768 3469 1504 1064
0 1280 768 728 1232 836
256 1280 768 773 1232 842
512 1280 768 840 1237 841
768 1280 768 937 1250 828
1024 1280 768 1093 1261 830
1280 1280 768 1268 1272 839
1536 1280 768 1455 1289 860
1792 1280 768 1643 1312 885
2048 1280 768 1832 1339 911
2303 1280 768 2024 1375 939
2559 1280 768 2216 1414 969
2815 1280 768 2408 1459 1003
3071 1280 768 2605 1506 1035
3327 1280 768 2806 1554 1065
3583 1280 768 3012 1602 1093
3839 1280 768 3242 1635 1101
4095 1280 768 3488 1658 1095
0 1536 768 872 1477 897
256 1536 768 910 1477 903
512 1536 768 972 1479 908
768 1536 768 1067 1486 911
1024 1536 768 1203 1495 916
1280 1536 768 1353 1507 923
1536 1536 768 1524 1522 940
1792 1536 768 1702 1542 959
2048 1536 768 1883 1565 980
2303 1536 768 2071 1594 1004
2559 1536 768 2261 1626 1029
2815 1536 768 2453 1662 1056
3071 1536 768 2649 1702 1084
3327 1536 768 2846 1743 1112
3583 1536 768 3047 1787 1141
3839 1536 768 3272 1818 1147
4095 1536 768 3513 1840 1136
0 1792 768 1016 1721 962
256 1792 768 1049 1721 968
512 1792 768 1105 1722 977
768 1792 768 1195 1726 988
1024 1792 768 1316 1734 995
1280 1792 768 1450 1744 1002
1536 1792 768 1608 1758 1016
1792 1792 768 1775 1775 1032
2048 1792 768 1949 1794 1049
2303 1792 768 2131 1818 1069
2559 1792 768 2317 1845 1091
2815 1792 768 2506 1875 1114
3071 1792 768 2699 1908 1139
3327 1792 768 2894 1944 1165
3583 1792 768 3091 1983 1194
3839 1792 768 3310 2012 1197
4095 1792 768 3543 2034 1184
0 2048 768 1161 1966 1030
256 2048 768 1189 1966 1036
512 2048 768 1239 1967 1045
768 2048 768 1322 1968 1059
1024 2048 768 1432 1975 1069
1280 2048 768 1555 1983 1078
1536 2048 768 1702 1994 1089
1792 2048 768 1859 2009 1103
2048 2048 768 2024 2025 1117
2303 2048 768 2201 2045 1135
2559 2048 768 2381 2068 1154
2815 2048 768 2566 2093 1175
3071 2048 768 2755 2122 1198
3327 2048 768 2946 2152 1222
3583 2048 768 3139 2186 1248
3839 2048 768 3352 2214 1251
4095 2048 768 3577 2237 1237
0 2303 768 1306 2211 1103
256 2303 768 1330 2211 1109
512 2303 768 1375 2211 1118
768 2303 768 1451 2212 1132
1024 2303 768 1553 2217 1142
1280 2303 768 1667 2224 1152
1536 2303 768 1804 2234 1162
1792 2303 768 1953 2246 1174
2048 2303 768 2111 2260 1187
2303 2303 768 2281 2278 1203
2559 2303 768 2455 2297 1220
2815 2303 768 2635 2319 1239
3071 2303 768 2820 2344 1260
3327 2303 768 3008 2371 1283
3583 2303 768 3198 2401 1307
3839 2303 768 3404 2427 1311
4095 2303 768 3618 2451 1301
0 2559 768 1451 2456 1179
256 2559 768 1472 2456 1184
512 2559 768 1513 2456 1192
768 2559 768 1582 2457 1207
1024 2559 768 1676 2461 1217
1280 2559 768 1782 2466 1227
1536 2559 768 1910 2475 1236
1792 2559 768 2051 2486 1246
2048 2559 768 2200 2497 1258
2303 2559 768 2365 2513 1272
2559 2559 768 2533 2530 1288
2815 2559 768 2708 2549 1305
3071 2559 768 2889 2571 1325
3327 2559 768 3073 2594 1345
3583 2559 768 3260 2620 1368
3839 2559 768 3458 2645 1375
4095 2559 768 3663 2669 1370
0 2815 768 1596 2701 1257
256 2815 768 1615 2701 1261
512 2815 768 1652 2701 1270
768 2815 768 1715 2702 1283
1024 2815 768 1802 2705 1293
1280 2815 768 1900 2710 1302
1536 2815 768 2019 2717 1310
1792 2815 768 2153 2727 1320
2048 2815 768 2295 2737 1331
2303 2815 768 2453 2751 1344
2559 2815 768 2616 2765 1358
2815 2815 768 2786 2782 1374
3071 2815 768 2963 2801 1392
3327 2815 768 3142 2822 1411
3583 2815 768 3326 2845 1432
3839 2815 768 3518 2869 1443
4095 2815 768 3713 2893 1447
0 3071 768 1741 2947 1338
256 3071 768 1758 2947 1342
512 3071 768 1792 2947 1349
768 3071 768 1850 2947 1363
1024 3071 768 1930 2950 1372
1280 3071 768 2021 2954 1380
1536 3071 768 2133 2961 1387
1792 3071 768 2260 2969 1396
2048 3071 768 2395 2978 1406
2303 3071 768 2547 2990 1418
2559 3071 768 2704 3003 1431
2815 3071 768 2869 3018 1446
3071 3071 768 3041 3035 1463
3327 3071 768 3216 3054 1480
3583 3071 768 3397 3075 1500
3839 3071 768 3583 3096 1515
4095 3071 768 3771 3119 1527
0 3327 768 1885 3192 1420
256 3327 768 1901 3192 1423
512 3327 768 1932 3192 1431
768 3327 768 1985 3192 1443
1024 3327 768 2059 3195 1451
1280 3327 768 2144 3199 1458
1536 3327 768 2249 3205 1465
1792 3327 768 2369 3212 1473
2048 3327 768 2497 3220 1482
2303 3327 768 2643 3231 1494
2559 3327 768 2795 3243 1506
2815 3327 768 2954 3256 1520
3071 3327 768 3122 3271 1535
3327 3327 768 3293 3288 1552
3583 3327 768 3470 3306 1570
3839 3327 768 3650 3326 1588
4095 3327 768 3833 3347 1607
0 3583 768 2030 3438 1504
256 3583 768 2045 3438 1507
512 3583 768 2073 3438 1514
768 3583 768 2123 3438 1526
1024 3583 768 2191 3440 1533
1280 3583 768 2270 3444 1539
1536 3583 768 2369 3449 1545
1792 3583 768 2482 3456 1553
2048 3583 768 2604 3463 1561
2303 3583 768 2744 3473 1572
2559 3583 768 2890 3483 1583
2815 3583 768 3045 3495 1596
3071 3583 768 3208 3509 1610
3327 3583 768 3374 3524 1626
3583 3583 768 3547 3541 1643
3839 3583 768 3724 3559 1661
4095 3583 768 3903 3578 1680
0 3839 768 2143 3690 1552
256 3839 768 2155 3690 1554
512 3839 768 2180 3691 1558
768 3839 768 2224 3691 1566
1024 3839 768 2288 3694 1570
1280 3839 768 2362 3697 1574
1536 3839 768 2458 3702 1579
1792 3839 768 2567 3708 1584
2048 3839 768 2685 3715 1590
2303 3839 768 2822 3724 1597
2559 3839 768 2965 3733 1605
2815 3839 768 3116 3744 1614
3071 3839 768 3277 3756 1623
3327 3839 768 3442 3769 1632
3583 3839 768 3614 3784 1640
3839 3839 768 3788 3797 1644
4095 3839 768 3963 3809 1645
0 4095 768 2233 3948 1575
256 4095 768 2244 3948 1576
512 4095 768 2265 3949 1576
768 4095 768 2302 3951 1577
1024 4095 768 2362 3954 1578
1280 4095 768 2433 3957 1579
1536 4095 768 2527 3961 1581
1792 4095 768 2633 3967 1583
2048 4095 768 2749 3973 1585
2303 4095 768 2884 3980 1588
2559 4095 768 3025 3989 1590
2815 4095 768 3176 3998 1593
3071 4095 768 3337 4009 1593
3327 4095 768 3502 4020 1592
3583 4095 768 3675 4033 1586
3839 4095 768 3846 4039 1567
4095 4095 768 4015 4040 1539
0 0 1024 163 205 954
256 0 1024 295 198 945
512 0 1024 458 213 939
768 0 1024 671 262 935
1024 0 1024 883 322 939
1280 0 1024 1096 385 946
1536 0 1024 1311 450 958
1792 0 1024 1527 517 971
2048 0 1024 1744 584 986
2303 0 1024 1959 653 1004
2559 0 1024 2176 721 1022
2815 0 1024 2393 791 1041
3071 0 1024 2610 860 1062
3327 0 1024 2828 930 1084
3583 0 1024 3045 999 1107
3839 0 1024 3262 1069 1131
4095 0 1024 3480 1139 1155
0 256 1024 223 342 942
256 256 1024 344 346 920
512 256 1024 492 362 907
768 256 1024 680 399 908
1024 256 1024 881 446 922
1280 256 1024 1087 496 939
1536 256 1024 1301 550 957
1792 256 1024 1516 606 975
2048 256 1024 1733 664 992
2303 256 1024 1950 725 1011
2559 256 1024 2167 787 1030
2815 256 1024 2385 850 1050
3071 256 1024 2603 915 1071
3327 256 1024 2821 980 1093
3583 256 1024 3038 1046 1115
3839 256 1024 3256 1113 1139
4095 256 1024 3474 1180 1164
0 512 1024 313 519 939
256 512 1024 417 527 914
512 512 1024 545 541 903
768 512 1024 711 566 912
1024 512 1024 904 599 929
1280 512 1024 1104 636 947
1536 512 1024 1308 681 966
1792 512 1024 1516 730 986
2048 512 1024 1727 782 1006
2303 512 1024 1941 836 1026
2559 512 1024 2157 891 1047
2815 512 1024 2374 948 1067
3071 512 1024 2592 1007 1088
3327 512 1024 2810 1067 1110
3583 512 1024 3028 1128 1133
3839 512 1024 3247 1189 1156
4095 512 1024 3467 1250 1179
0 768 1024 449 755 949
256 768 1024 524 758 940
512 768 1024 627 765 942
768 768 1024 772 779 962
1024 768 1024 962 797 972
1280 768 1024 1159 820 979
1536 768 1024 1342 862 990
1792 768 1024 1532 908 1008
2048 768 1024 1726 957 1032
2303 768 1024 1934 1005 1054
2559 768 1024 2145 1054 1076
2815 768 1024 2360 1104 1097
3071 768 1024 2576 1156 1119
3327 768 1024 2794 1208 1141
3583 768 1024 3012 1263 1163
3839 768 1024 3234 1315 1184
4095 768 1024 3457 1366 1204
0 1024 1024 590 995 982
256 1024 1024 648 996 980
512 1024 1024 731 1002 983
768 1024 1024 851 1014 991
1024 1024 1024 1025 1027 997
1280 1024 1024 1212 1043 1003
1536 1024 1024 1399 1071 1015
1792 1024 1024 1591 1104 1032
2048 1024 1024 1785 1140 1053
2303 1024 1024 1979 1184 1079
2559 1024 1024 2176 1231 1106
2815 1024 1024 2376 1280 1133
3071 1024 1024 2583 1329 1159
3327 1024 1024 2792 1379 1183
3583 1024 1024 3006 1430 1207
3839 1024 1024 3233 1472 1221
4095 1024 1024 3469 1507 1228
0 1280 1024 732 1237 1024
256 1280 1024 778 1237 1027
512 1280 1024 845 1242 1027
768 1280 1024 943 1253 1023
1024 1280 1024 1097 1264 1026
1280 1280 1024 1268 1276 1032
1536 1280 1024 1461 1291 1045
1792 1280 1024 1656 1311 1061
2048 1280 1024 1854 1333 1078
2303 1280 1024 2036 1373 1106
2559 1280 1024 2221 1416 1135
2815 1280 1024 2410 1462 1166
3071 1280 1024 2606 1510 1197
3327 1280 1024 2804 1558 1226
3583 1280 1024 3010 1607 1252
3839 1280 1024 3241 1639 1260
4095 1280 1024 3488 1661 1255
0 1536 1024 875 1480 1077
256 1536 1024 913 1480 1081
512 1536 1024 975 1483 1085
768 1536 1024 1071 1489 1089
1024 1536 1024 1199 1501 1087
1280 1536 1024 1344 1514 1087
1536 1536 1024 1523 1528 1098
1792 1536 1024 1709 1544 1110
2048 1536 1024 1900 1563 1124
2303 1536 1024 2091 1590 1143
2559 1536 1024 2286 1619 1162
2815 1536 1024 2483 1651 1183
3071 1536 1024 2670 1694 1219
3327 1536 1024 2856 1741 1257
3583 1536 1024 3047 1790 1293
3839 1536 1024 3270 1822 1301
4095 1536 1024 3513 1842 1291
0 1792 1024 1019 1724 1134
256 1792 1024 1051 1724 1139
512 1792 1024 1107 1725 1145
768 1792 1024 1198 1728 1155
1024 1792 1024 1311 1739 1153
1280 1792 1024 1438 1752 1150
1536 1792 1024 1601 1765 1155
1792 1792 1024 1775 1779 1166
2048 1792 1024 1957 1795 1180
2303 1792 1024 2147 1816 1197
2559 1792 1024 2339 1839 1214
2815 1792 1024 2535 1864 1233
3071 1792 1024 2721 1901 1265
3327 1792 1024 2905 1941 1301
3583 1792 1024 3091 1986 1339
3839 1792 1024 3307 2016 1347
4095 1792 1024 3544 2036 1333
0 2048 1024 1163 1969 1194
256 2048 1024 1191 1968 1199
512 2048 1024 1241 1969 1207
768 2048 1024 1324 1970 1220
1024 2048 1024 1428 1979 1221
1280 2048 1024 1544 1989 1220
1536 2048 1024 1688 2002 1216
1792 2048 1024 1850 2016 1225
2048 2048 1024 2022 2029 1242
2303 2048 1024 2203 2048 1262
2559 2048 1024 2386 2069 1282
2815 2048 1024 2573 2093 1304
3071 2048 1024 2763 2121 1327
3327 2048 1024 2953 2152 1353
3583 2048 1024 3138 2189 1389
3839 2048 1024 3349 2217 1395
4095 2048 1024 3577 2238 1380
0 2303 1024 1307 2213 1259
256 2303 1024 1332 2212 1264
512 2303 1024 1377 2213 1273
768 2303 1024 1453 2213 1286
1024 2303 1024 1553 2219 1293
1280 2303 1024 1663 2227 1297
1536 2303 1024 1797 2239 1298
1792 2303 1024 1947 2251 1307
2048 2303 1024 2108 2263 1321
2303 2303 1024 2280 2280 1338
2559 2303 1024 2456 2299 1356
2815 2303 1024 2636 2321 1375
3071 2303 1024 2822 2346 1396
3327 2303 1024 3008 2373 1419
3583 2303 1024 3195 2404 1446
3839 2303 1024 3401 2430 1450
4095 2303 1024 3619 2453 1436
0 2559 1024 1452 2457 1327
256 2559 1024 1474 2457 1332
512 2559 1024 1515 2457 1340
768 2559 1024 1584 2458 1354
1024 2559 1024 1679 2462 1364
1280 2559 1024 1784 2467 1373
1536 2559 1024 1909 2477 1377
1792 2559 1024 2049 2488 1386
2048 2559 1024 2199 2500 1398
2303 2559 1024 2363 2515 1413
2559 2559 1024 2532 2532 1429
2815 2559 1024 2706 2551 1446
3071 2559 1024 2886 2573 1465
3327 2559 1024 3069 2597 1485
3583 2559 1024 3256 2624 1507
3839 2559 1024 3455 2648 1509
4095 2559 1024 3663 2671 1498
0 2815 1024 1597 2703 1398
256 2815 1024 1616 2702 1402
512 2815 1024 1653 2702 1410
768 2815 1024 1717 2702 1424
1024 2815 1024 1806 2705 1436
1280 2815 1024 1905 2710 1446
1536 2815 1024 2023 2718 1453
1792 2815 1024 2155 2727 1462
2048 2815 1024 2296 2738 1472
2303 2815 1024 2453 2751 1485
2559 2815 1024 2615 2766 1500
2815 2815 1024 2784 2783 1515
3071 2815 1024 2960 2803 1533
3327 2815 1024 3138 2824 1551
3583 2815 1024 3321 2848 1571
3839 2815 1024 3514 2871 1575
4095 2815 1024 3713 2894 1567
0 3071 1024 1742 2948 1471
256 3071 1024 1759 2948 1476
512 3071 1024 1793 2947 1483
768 3071 1024 1852 2947 1497
1024 3071 1024 1935 2950 1509
1280 3071 1024 2028 2953 1520
1536 3071 1024 2140 2960 1528
1792 3071 1024 2265 2969 1537
2048 3071 1024 2399 2978 1546
2303 3071 1024 2549 2990 1558
2559 3071 1024 2705 3004 1571
2815 3071 1024 2869 3019 1585
3071 3071 1024 3039 3037 1601
3327 3071 1024 3213 3055 1618
3583 3071 1024 3393 3077 1637
3839 3071 1024 3579 3099 1645
4095 3071 1024 3769 3121 1647
0 3327 1024 1887 3193 1547
256 3327 1024 1903 3193 1551
512 3327 1024 1934 3193 1558
768 3327 1024 1988 3193 1571
1024 3327 1024 2065 3194 1583
1280 3327 1024 2153 3197 1594
1536 3327 1024 2258 3203 1603
1792 3327 1024 2377 3211 1611
2048 3327 1024 2504 3219 1620
2303 3327 1024 2648 3230 1631
2559 3327 1024 2798 3242 1643
2815 3327 1024 2956 3256 1656
3071 3327 1024 3122 3271 1671
3327 3327 1024 3291 3288 1687
3583 3327 1024 3467 3307 1704
3839 3327 1024 3647 3328 1718
4095 3327 1024 3830 3349 1728
0 3583 1024 2032 3438 1625
256 3583 1024 2046 3438 1628
512 3583 1024 2075 3438 1635
768 3583 1024 2126 3438 1648
1024 3583 1024 2198 3439 1659
1280 3583 1024 2280 3442 1670
1536 3583 1024 2380 3447 1679
1792 3583 1024 2492 3454 1687
2048 3583 1024 2613 3461 1695
2303 3583 1024 2751 3471 1705
2559 3583 1024 2895 3482 1716
2815 3583 1024 3048 3494 1729
3071 3583 1024 3209 3509 1742
3327 3583 1024 3374 3524 1757
3583 3583 1024 3546 3541 1774
3839 3583 1024 3722 3560 1790
4095 3583 1024 3900 3580 1805
0 3839 1024 2143 3691 1668
256 3839 1024 2156 3691 1670
512 3839 1024 2182 3691 1675
768 3839 1024 2226 3692 1682
1024 3839 1024 2292 3694 1690
1280 3839 1024 2369 3697 1697
1536 3839 1024 2465 3701 1703
1792 3839 1024 2574 3707 1709
2048 3839 1024 2691 3714 1715
2303 3839 1024 2827 3723 1722
2559 3839 1024 2968 3732 1729
2815 3839 1024 3119 3743 1738
3071 3839 1024 3279 3756 1746
3327 3839 1024 3443 3769 1755
3583 3839 1024 3614 3784 1762
3839 3839 1024 3787 3798 1766
4095 3839 1024 3960 3810 1766
0 4095 1024 2233 3949 1688
256 4095 1024 2243 3949 1688
512 4095 1024 2265 3950 1689
768 4095 1024 2302 3952 1689
1024 4095 1024 2362 3954 1690
1280 4095 1024 2433 3958 1691
1536 4095 1024 2526 3962 1693
1792 4095 1024 2633 3968 1695
2048 4095 1024 2749 3974 1697
2303 4095 1024 2884 3981 1700
2559 4095 1024 3025 3990 1702
2815 4095 1024 3176 3999 1704
3071 4095 1024 3336 4010 1705
3327 4095 1024 3501 4021 1703
3583 4095 1024 3675 4034 1697
3839 4095 1024 3845 4039 1678
4095 4095 1024 4014 4039 1650
0 0 1280 191 233 1189
256 0 1280 310 230 1184
512 0 1280 466 245 1177
768 0 1280 678 289 1166
1024 0 1280 890 343 1165
1280 0 1280 1102 401 1169
1536 0 1280 1316 464 1178
1792 0 1280 1531 529 1189
2048 0 1280 1747 594 1202
2303 0 1280 1962 662 1216
2559 0 1280 2178 729 1231
2815 0 1280 2395 798 1248
3071 0 1280 2612 867 1266
3327 0 1280 2829 936 1284
3583 0 1280 3046 1005 1304
3839 0 1280 3263 1075 1324
4095 0 1280 3480 1144 1345
0 256 1280 242 362 1177
256 256 1280 361 368 1152
512 256 1280 506 385 1133
768 256 1280 692 420 1123
1024 256 1280 891 463 1134
1280 256 1280 1095 510 1151
1536 256 1280 1307 562 1169
1792 256 1280 1521 616 1185
2048 256 1280 1737 673 1202
2303 256 1280 1952 733 1219
2559 256 1280 2169 794 1236
2815 256 1280 2387 857 1253
3071 256 1280 2604 921 1272
3327 256 1280 2822 986 1290
3583 256 1280 3039 1051 1310
3839 256 1280 3257 1118 1331
4095 256 1280 3475 1184 1352
0 512 1280 326 533 1170
256 512 1280 432 541 1138
512 512 1280 561 556 1120
768 512 1280 724 582 1119
1024 512 1280 914 613 1136
1280 512 1280 1111 647 1156
1536 512 1280 1313 692 1171
1792 512 1280 1520 740 1189
2048 512 1280 1730 790 1208
2303 512 1280 1944 844 1227
2559 512 1280 2159 898 1246
2815 512 1280 2376 955 1265
3071 512 1280 2593 1013 1284
3327 512 1280 2811 1072 1304
3583 512 1280 3029 1133 1324
3839 512 1280 3248 1194 1344
4095 512 1280 3467 1255 1364
0 768 1280 458 765 1169
256 768 1280 535 768 1153
512 768 1280 639 775 1152
768 768 1280 781 789 1175
1024 768 1280 967 806 1188
1280 768 1280 1160 829 1196
1536 768 1280 1341 873 1193
1792 768 1280 1531 919 1203
2048 768 1280 1728 965 1223
2303 768 1280 1936 1013 1244
2559 768 1280 2147 1061 1265
2815 768 1280 2361 1110 1286
3071 768 1280 2577 1161 1307
3327 768 1280 2794 1213 1327
3583 768 1280 3012 1267 1347
3839 768 1280 3234 1319 1367
4095 768 1280 3458 1370 1385
0 1024 1280 596 1003 1190
256 1024 1280 656 1004 1183
512 1024 1280 741 1009 1185
768 1024 1280 863 1019 1202
1024 1024 1280 1031 1032 1213
1280 1024 1280 1213 1049 1221
1536 1024 1280 1401 1078 1220
1792 1024 1280 1596 1109 1227
2048 1024 1280 1797 1141 1240
2303 1024 1280 1984 1189 1266
2559 1024 1280 2177 1237 1291
2815 1024 1280 2376 1286 1316
3071 1024 1280 2582 1335 1339
3327 1024 1280 2792 1385 1362
3583 1024 1280 3005 1435 1384
3839 1024 1280 3233 1476 1397
4095 1024 1280 3470 1511 1406
0 1280 1280 737 1243 1221
256 1280 1280 783 1243 1220
512 1280 1280 853 1247 1221
768 1280 1280 957 1256 1227
1024 1280 1280 1104 1268 1235
1280 1280 1280 1269 1281 1243
1536 1280 1280 1466 1295 1248
1792 1280 1280 1668 1311 1253
2048 1280 1280 1875 1329 1260
2303 1280 1280 2047 1373 1285
2559 1280 1280 2226 1419 1312
2815 1280 1280 2414 1465 1339
3071 1280 1280 2608 1514 1367
3327 1280 1280 2805 1563 1396
3583 1280 1280 3010 1612 1422
3839 1280 1280 3240 1643 1431
4095 1280 1280 3488 1664 1429
0 1536 1280 879 1485 1266
256 1536 1280 918 1485 1267
512 1536 1280 980 1487 1270
768 1536 1280 1077 1493 1276
1024 1536 1280 1197 1507 1271
1280 1536 1280 1336 1522 1266
1536 1536 1280 1523 1533 1271
1792 1536 1280 1717 1547 1277
2048 1536 1280 1917 1561 1283
2303 1536 1280 2112 1586 1296
2559 1536 1280 2312 1612 1310
2815 1536 1280 2516 1640 1324
3071 1536 1280 2694 1687 1366
3327 1536 1280 2867 1739 1413
3583 1536 1280 3049 1793 1455
3839 1536 1280 3269 1826 1467
4095 1536 1280 3514 1845 1460
0 1792 1280 1022 1728 1316
256 1792 1280 1055 1728 1319
512 1792 1280 1110 1729 1323
768 1792 1280 1200 1732 1330
1024 1792 1280 1305 1745 1322
1280 1792 1280 1426 1760 1312
1536 1792 1280 1594 1772 1308
1792 1792 1280 1775 1785 1313
2048 1792 1280 1967 1797 1324
2303 1792 1280 2164 1814 1336
2559 1792 1280 2365 1832 1349
2815 1792 1280 2568 1853 1363
3071 1792 1280 2747 1892 1400
3327 1792 1280 2921 1936 1445
3583 1792 1280 3093 1987 1494
3839 1792 1280 3306 2019 1507
4095 1792 1280 3544 2039 1496
0 2048 1280 1165 1971 1369
256 2048 1280 1193 1971 1373
512 2048 1280 1243 1972 1379
768 2048 1280 1326 1974 1389
1024 2048 1280 1423 1984 1383
1280 2048 1280 1532 1997 1371
1536 2048 1280 1674 2012 1354
1792 2048 1280 1840 2024 1358
2048 2048 1280 2021 2035 1376
2303 2048 1280 2207 2051 1396
2559 2048 1280 2396 2070 1416
2815 2048 1280 2586 2092 1437
3071 2048 1280 2779 2118 1459
3327 2048 1280 2968 2148 1487
3583 2048 1280 3140 2191 1538
3839 2048 1280 3347 2220 1550
4095 2048 1280 3577 2241 1537
0 2303 1280 1309 2215 1428
256 2303 1280 1334 2215 1432
512 2303 1280 1379 2215 1438
768 2303 1280 1455 2216 1449
1024 2303 1280 1551 2223 1452
1280 2303 1280 1657 2232 1450
1536 2303 1280 1786 2246 1439
1792 2303 1280 1937 2258 1444
2048 2303 1280 2104 2269 1458
2303 2303 1280 2280 2284 1475
2559 2303 1280 2459 2302 1492
2815 2303 1280 2643 2322 1510
3071 2303 1280 2830 2346 1530
3327 2303 1280 3017 2372 1553
3583 2303 1280 3196 2406 1592
3839 2303 1280 3399 2433 1599
4095 2303 1280 3619 2455 1586
0 2559 1280 1453 2459 1489
256 2559 1280 1475 2459 1493
512 2559 1280 1516 2459 1500
768 2559 1280 1585 2460 1511
1024 2559 1280 1679 2464 1521
1280 2559 1280 1782 2470 1526
1536 2559 1280 1901 2482 1522
1792 2559 1280 2040 2493 1527
2048 2559 1280 2193 2505 1538
2303 2559 1280 2359 2519 1552
2559 2559 1280 2530 2535 1567
2815 2559 1280 2707 2554 1584
3071 2559 1280 2888 2575 1601
3327 2559 1280 3072 2598 1622
3583 2559 1280 3255 2626 1650
3839 2559 1280 3454 2651 1653
4095 2559 1280 3664 2673 1641
0 2815 1280 1598 2704 1552
256 2815 1280 1617 2704 1556
512 2815 1280 1654 2704 1563
768 2815 1280 1718 2704 1575
1024 2815 1280 1807 2707 1588
1280 2815 1280 1907 2711 1598
1536 2815 1280 2022 2720 1601
1792 2815 1280 2152 2730 1606
2048 2815 1280 2292 2741 1614
2303 2815 1280 2450 2755 1627
2559 2815 1280 2613 2769 1641
2815 2815 1280 2782 2786 1657
3071 2815 1280 2958 2806 1674
3327 2815 1280 3136 2827 1693
3583 2815 1280 3318 2851 1713
3839 2815 1280 3512 2874 1714
4095 2815 1280 3713 2896 1701
0 3071 1280 1743 2949 1619
256 3071 1280 1760 2949 1623
512 3071 1280 1794 2949 1630
768 3071 1280 1853 2949 1642
1024 3071 1280 1938 2951 1656
1280 3071 1280 2033 2954 1669
1536 3071 1280 2143 2961 1676
1792 3071 1280 2266 2970 1683
2048 3071 1280 2398 2980 1689
2303 3071 1280 2549 2992 1701
2559 3071 1280 2704 3005 1714
2815 3071 1280 2868 3021 1729
3071 3071 1280 3038 3038 1745
3327 3071 1280 3211 3057 1761
3583 3071 1280 3389 3079 1780
3839 3071 1280 3576 3101 1784
4095 3071 1280 3768 3123 1778
0 3327 1280 1887 3194 1688
256 3327 1280 1903 3194 1691
512 3327 1280 1935 3194 1698
768 3327 1280 1989 3194 1710
1024 3327 1280 2069 3195 1725
1280 3327 1280 2159 3197 1740
1536 3327 1280 2265 3203 1749
1792 3327 1280 2382 3210 1757
2048 3327 1280 2507 3219 1764
2303 3327 1280 2650 3230 1775
2559 3327 1280 2799 3243 1787
2815 3327 1280 2956 3256 1800
3071 3327 1280 3121 3272 1814
3327 3327 1280 3289 3290 1830
3583 3327 1280 3464 3309 1847
3839 3327 1280 3644 3330 1855
4095 3327 1280 3827 3352 1859
0 3583 1280 2032 3439 1759
256 3583 1280 2047 3439 1763
512 3583 1280 2076 3439 1769
768 3583 1280 2126 3439 1781
1024 3583 1280 2201 3440 1796
1280 3583 1280 2287 3441 1811
1536 3583 1280 2388 3446 1822
1792 3583 1280 2500 3453 1831
2048 3583 1280 2619 3461 1838
2303 3583 1280 2756 3471 1848
2559 3583 1280 2899 3482 1859
2815 3583 1280 3050 3494 1871
3071 3583 1280 3210 3509 1884
3327 3583 1280 3374 3525 1898
3583 3583 1280 3544 3542 1914
3839 3583 1280 3719 3561 1928
4095 3583 1280 3897 3582 1941
0 3839 1280 2144 3692 1799
256 3839 1280 2157 3692 1801
512 3839 1280 2182 3692 1805
768 3839 1280 2226 3693 1812
1024 3839 1280 2295 3694 1822
1280 3839 1280 2374 3696 1832
1536 3839 1280 2471 3701 1840
1792 3839 1280 2579 3707 1846
2048 3839 1280 2695 3714 1852
2303 3839 1280 2830 3723 1858
2559 3839 1280 2971 3732 1866
2815 3839 1280 3121 3743 1874
3071 3839 1280 3280 3756 1882
3327 3839 1280 3443 3770 1890
3583 3839 1280 3613 3785 1897
3839 3839 1280 3785 3799 1900
4095 3839 1280 3958 3811 1901
0 4095 1280 2233 3950 1816
256 4095 1280 2243 3950 1817
512 4095 1280 2265 3951 1817
768 4095 1280 2302 3953 1817
1024 4095 1280 2362 3956 1818
1280 4095 1280 2433 3959 1819
1536 4095 1280 2526 3963 1821
1792 4095 1280 2633 3969 1823
2048 4095 1280 2749 3975 1825
2303 4095 1280 2883 3982 1828
2559 4095 1280 3025 3991 1830
2815 4095 1280 3176 4000 1831
3071 4095 1280 3336 4011 1832
3327 4095 1280 3501 4022 1831
3583 4095 1280 3675 4035 1824
3839 4095 1280 3845 4040 1805
4095 4095 1280 4014 4039 1778
0 0 1536 225 266 1423
256 0 1536 331 267 1418
512 0 1536 479 282 1410
768 0 1536 687 319 1399
1024 0 1536 898 369 1397
1280 0 1536 1110 422 1398
1536 0 1536 1323 482 1404
1792 0 1536 1537 544 1412
2048 0 1536 1751 608 1422
2303 0 1536 1966 674 1435
2559 0 1536 2182 740 1448
2815 0 1536 2398 807 1462
3071 0 1536 2614 875 1478
3327 0 1536 2831 944 1494
3583 0 1536 3048 1012 1512
3839 0 1536 3265 1081 1530
4095 0 1536 3482 1151 1549
0 256 1536 265 387 1414
256 256 1536 379 394 1389
512 256 1536 522 411 1366
768 256 1536 709 444 1346
1024 256 1536 905 484 1355
1280 256 1536 1106 527 1371
1536 256 1536 1316 577 1386
1792 256 1536 1528 630 1402
2048 256 1536 1742 685 1417
2303 256 1536 1957 744 1433
2559 256 1536 2173 804 1449
2815 256 1536 2390 866 1465
3071 256 1536 2607 929 1481
3327 256 1536 2824 993 1498
3583 256 1536 3041 1058 1516
3839 256 1536 3258 1124 1535
4095 256 1536 3476 1190 1554
0 512 1536 341 550 1406
256 512 1536 447 559 1374
512 512 1536 578 574 1346
768 512 1536 745 601 1325
1024 512 1536 929 630 1343
1280 512 1536 1120 663 1367
1536 512 1536 1321 706 1380
1792 512 1536 1526 753 1397
2048 512 1536 1735 801 1416
2303 512 1536 1948 854 1434
2559 512 1536 2163 907 1453
2815 512 1536 2379 963 1471
3071 512 1536 2596 1021 1489
3327 512 1536 2813 1079 1508
3583 512 1536 3031 1140 1526
3839 512 1536 3249 1200 1545
4095 512 1536 3469 1260 1564
0 768 1536 469 776 1399
256 768 1536 547 780 1380
512 768 1536 654 789 1363
768 768 1536 803 804 1350
1024 768 1536 979 822 1375
1280 768 1536 1161 845 1401
1536 768 1536 1344 888 1392
1792 768 1536 1535 932 1400
2048 768 1536 1733 976 1419
2303 768 1536 1940 1022 1441
2559 768 1536 2150 1069 1463
2815 768 1536 2364 1118 1484
3071 768 1536 2580 1168 1504
3327 768 1536 2797 1220 1524
3583 768 1536 3014 1274 1544
3839 768 1536 3236 1325 1563
4095 768 1536 3459 1375 1580
0 1024 1536 604 1012 1411
256 1024 1536 665 1014 1399
512 1024 1536 754 1019 1389
768 1024 1536 885 1029 1382
1024 1024 1536 1044 1043 1409
1280 1024 1536 1214 1060 1436
1536 1024 1536 1402 1088 1431
1792 1024 1536 1598 1118 1437
2048 1024 1536 1799 1150 1449
2303 1024 1536 1984 1198 1466
2559 1024 1536 2176 1246 1486
2815 1024 1536 2376 1294 1508
3071 1024 1536 2583 1343 1530
3327 1024 1536 2793 1391 1552
3583 1024 1536 3006 1441 1573
3839 1024 1536 3234 1481 1588
4095 1024 1536 3471 1515 1599
0 1280 1536 743 1251 1430
256 1280 1536 790 1251 1425
512 1280 1536 864 1254 1421
768 1280 1536 978 1261 1418
1024 1280 1536 1117 1273 1443
1280 1280 1536 1272 1286 1469
1536 1280 1536 1468 1300 1473
1792 1280 1536 1670 1316 1477
2048 1280 1536 1876 1334 1482
2303 1280 1536 2044 1382 1494
2559 1280 1536 2222 1429 1509
2815 1280 1536 2412 1474 1530
3071 1280 1536 2607 1521 1555
3327 1280 1536 2804 1570 1581
3583 1280 1536 3010 1618 1605
3839 1280 1536 3241 1649 1616
4095 1280 1536 3489 1669 1619
0 1536 1536 885 1491 1466
256 1536 1536 923 1492 1465
512 1536 1536 988 1494 1464
768 1536 1536 1090 1498 1465
1024 1536 1536 1205 1512 1476
1280 1536 1536 1338 1527 1488
1536 1536 1536 1525 1538 1492
1792 1536 1536 1719 1551 1497
2048 1536 1536 1918 1566 1502
2303 1536 1536 2113 1592 1510
2559 1536 1536 2311 1618 1519
2815 1536 1536 2516 1645 1531
3071 1536 1536 2691 1694 1565
3327 1536 1536 2863 1747 1603
3583 1536 1536 3048 1799 1636
3839 1536 1536 3269 1831 1648
4095 1536 1536 3514 1849 1646
0 1792 1536 1027 1733 1509
256 1792 1536 1060 1733 1510
512 1792 1536 1116 1734 1512
768 1792 1536 1208 1737 1516
1024 1792 1536 1310 1750 1519
1280 1792 1536 1428 1765 1521
1536 1792 1536 1594 1777 1519
1792 1792 1536 1776 1789 1522
2048 1792 1536 1968 1801 1529
2303 1792 1536 2168 1817 1536
2559 1792 1536 2371 1834 1545
2815 1792 1536 2578 1854 1554
3071 1792 1536 2757 1892 1583
3327 1792 1536 2928 1938 1621
3583 1792 1536 3095 1992 1670
3839 1792 1536 3305 2024 1685
4095 1792 1536 3545 2042 1678
0 2048 1536 1170 1976 1557
256 2048 1536 1197 1976 1559
512 2048 1536 1247 1976 1563
768 2048 1536 1330 1978 1570
1024 2048 1536 1425 1988 1568
1280 2048 1536 1532 2001 1563
1536 2048 1536 1672 2016 1551
1792 2048 1536 1839 2029 1552
2048 2048 1536 2023 2040 1560
2303 2048 1536 2215 2054 1570
2559 2048 1536 2411 2069 1580
2815 2048 1536 2611 2087 1591
3071 2048 1536 2810 2109 1608
3327 2048 1536 2999 2138 1636
3583 2048 1536 3147 2192 1704
3839 2048 1536 3346 2225 1725
4095 2048 1536 3578 2244 1714
0 2303 1536 1312 2219 1611
256 2303 1536 1337 2218 1614
512 2303 1536 1382 2219 1619
768 2303 1536 1458 2220 1627
1024 2303 1536 1552 2227 1630
1280 2303 1536 1654 2237 1627
1536 2303 1536 1769 2255 1602
1792 2303 1536 1919 2269 1597
2048 2303 1536 2093 2278 1604
2303 2303 1536 2278 2291 1613
2559 2303 1536 2467 2305 1622
2815 2303 1536 2662 2321 1633
3071 2303 1536 2859 2340 1646
3327 2303 1536 3048 2364 1671
3583 2303 1536 3204 2407 1744
3839 2303 1536 3399 2437 1767
4095 2303 1536 3620 2457 1758
0 2559 1536 1456 2463 1667
256 2559 1536 1478 2462 1670
512 2559 1536 1518 2463 1676
768 2559 1536 1588 2463 1685
1024 2559 1536 1680 2467 1692
1280 2559 1536 1778 2475 1693
1536 2559 1536 1879 2493 1667
1792 2559 1536 2014 2506 1658
2048 2559 1536 2173 2517 1659
2303 2559 1536 2350 2529 1669
2559 2559 1536 2531 2542 1680
2815 2559 1536 2718 2556 1692
3071 2559 1536 2910 2573 1705
3327 2559 1536 3097 2594 1728
3583 2559 1536 3264 2627 1790
3839 2559 1536 3455 2653 1811
4095 2559 1536 3664 2675 1806
0 2815 1536 1600 2707 1726
256 2815 1536 1619 2707 1729
512 2815 1536 1657 2707 1735
768 2815 1536 1720 2707 1745
1024 2815 1536 1808 2710 1755
1280 2815 1536 1905 2715 1762
1536 2815 1536 2010 2727 1753
1792 2815 1536 2133 2740 1743
2048 2815 1536 2268 2754 1731
2303 2815 1536 2435 2765 1746
2559 2815 1536 2606 2777 1762
2815 2815 1536 2782 2791 1778
3071 2815 1536 2963 2809 1796
3327 2815 1536 3144 2828 1816
3583 2815 1536 3326 2852 1844
3839 2815 1536 3517 2875 1857
4095 2815 1536 3714 2898 1860
0 3071 1536 1744 2951 1788
256 3071 1536 1762 2951 1791
512 3071 1536 1796 2951 1797
768 3071 1536 1854 2951 1807
1024 3071 1536 1938 2953 1819
1280 3071 1536 2032 2957 1829
1536 3071 1536 2137 2965 1830
1792 3071 1536 2254 2976 1825
2048 3071 1536 2380 2989 1816
2303 3071 1536 2536 3000 1830
2559 3071 1536 2697 3012 1845
2815 3071 1536 2864 3026 1861
3071 3071 1536 3036 3042 1878
3327 3071 1536 3212 3061 1896
3583 3071 1536 3392 3081 1915
3839 3071 1536 3579 3103 1924
4095 3071 1536 3769 3125 1926
0 3327 1536 1889 3196 1851
256 3327 1536 1905 3196 1854
512 3327 1536 1936 3196 1860
768 3327 1536 1990 3196 1871
1024 3327 1536 2069 3197 1884
1280 3327 1536 2159 3200 1896
1536 3327 1536 2263 3206 1903
1792 3327 1536 2376 3214 1905
2048 3327 1536 2496 3225 1903
2303 3327 1536 2642 3236 1915
2559 3327 1536 2793 3247 1927
2815 3327 1536 2952 3261 1941
3071 3327 1536 3118 3276 1956
3327 3327 1536 3287 3293 1972
3583 3327 1536 3462 3312 1990
3839 3327 1536 3643 3333 1997
4095 3327 1536 3828 3354 1999
0 3583 1536 2034 3441 1917
256 3583 1536 2048 3441 1920
512 3583 1536 2077 3441 1926
768 3583 1536 2127 3441 1936
1024 3583 1536 2202 3442 1950
1280 3583 1536 2287 3443 1964
1536 3583 1536 2388 3448 1974
1792 3583 1536 2498 3455 1980
2048 3583 1536 2614 3464 1982
2303 3583 1536 2752 3474 1993
2559 3583 1536 2896 3485 2004
2815 3583 1536 3048 3497 2016
3071 3583 1536 3208 3512 2030
3327 3583 1536 3372 3527 2045
3583 3583 1536 3542 3545 2061
3839 3583 1536 3717 3564 2075
4095 3583 1536 3894 3584 2087
0 3839 1536 2145 3694 1954
256 3839 1536 2158 3694 1956
512 3839 1536 2183 3694 1959
768 3839 1536 2227 3695 1966
1024 3839 1536 2295 3696 1975
1280 3839 1536 2374 3698 1984
1536 3839 1536 2471 3702 1992
1792 3839 1536 2579 3708 1997
2048 3839 1536 2694 3716 2001
2303 3839 1536 2829 3725 2008
2559 3839 1536 2970 3734 2015
2815 3839 1536 3120 3745 2024
3071 3839 1536 3279 3758 2032
3327 3839 1536 3442 3772 2041
3583 3839 1536 3612 3787 2048
3839 3839 1536 3784 3801 2051
4095 3839 1536 3957 3814 2052
0 4095 1536 2233 3951 1971
256 4095 1536 2244 3952 1971
512 4095 1536 2265 3953 1971
768 4095 1536 2302 3954 1971
1024 4095 1536 2362 3957 1972
1280 4095 1536 2434 3960 1974
1536 4095 1536 2526 3965 1975
1792 4095 1536 2633 3970 1977
2048 4095 1536 2749 3976 1979
2303 4095 1536 2884 3984 1981
2559 4095 1536 3025 3992 1984
2815 4095 1536 3176 4001 1986
3071 4095 1536 3337 4012 1986
3327 4095 1536 3502 4023 1985
3583 4095 1536 3675 4036 1979
3839 4095 1536 3847 4042 1961
4095 4095 1536 4018 4044 1933
0 0 1792 260 305 1658
256 0 1792 354 306 1653
512 0 1792 492 320 1645
768 0 1792 698 352 1635
1024 0 1792 907 396 1631
1280 0 1792 1118 446 1629
1536 0 1792 1330 502 1632
1792 0 1792 1543 562 1638
2048 0 1792 1757 623 1645
2303 0 1792 1971 687 1656
2559 0 1792 2186 753 1667
2815 0 1792 2401 819 1680
3071 0 1792 2617 886 1694
3327 0 1792 2834 953 1708
3583 0 1792 3050 1021 1724
3839 0 1792 3267 1090 1740
4095 0 1792 3483 1158 1757
0 256 1792 290 415 1650
256 256 1792 398 422 1627
512 256 1792 538 439 1602
768 256 1792 725 470 1575
1024 256 1792 920 507 1581
1280 256 1792 1118 547 1594
1536 256 1792 1326 594 1608
1792 256 1792 1536 646 1622
2048 256 1792 1749 699 1636
2303 256 1792 1963 757 1650
2559 256 1792 2178 816 1664
2815 256 1792 2394 877 1679
3071 256 1792 2610 939 1695
3327 256 1792 2827 1002 1710
3583 256 1792 3044 1067 1727
3839 256 1792 3261 1132 1744
4095 256 1792 3478 1198 1761
0 512 1792 358 569 1642
256 512 1792 463 578 1611
512 512 1792 595 594 1578
768 512 1792 765 621 1542
1024 512 1792 946 649 1556
1280 512 1792 1132 681 1579
1536 512 1792 1331 723 1592
1792 512 1792 1535 767 1608
2048 512 1792 1743 814 1627
2303 512 1792 1955 865 1645
2559 512 1792 2168 918 1663
2815 512 1792 2383 973 1681
3071 512 1792 2600 1030 1698
3327 512 1792 2816 1088 1715
3583 512 1792 3033 1148 1733
3839 512 1792 3251 1208 1751
4095 512 1792 3470 1267 1768
0 768 1792 481 790 1633
256 768 1792 560 794 1611
512 768 1792 669 803 1585
768 768 1792 824 820 1550
1024 768 1792 993 840 1569
1280 768 1792 1168 864 1593
1536 768 1792 1351 905 1588
1792 768 1792 1543 946 1599
2048 768 1792 1740 988 1619
2303 768 1792 1946 1033 1642
2559 768 1792 2156 1079 1664
2815 768 1792 2369 1127 1685
3071 768 1792 2584 1177 1705
3327 768 1792 2800 1228 1725
3583 768 1792 3017 1281 1745
3839 768 1792 3238 1332 1763
4095 768 1792 3461 1382 1781
0 1024 1792 614 1023 1636
256 1024 1792 675 1025 1622
512 1024 1792 767 1031 1604
768 1024 1792 905 1041 1580
1024 1024 1792 1058 1056 1604
1280 1024 1792 1221 1074 1634
1536 1024 1792 1408 1100 1639
1792 1024 1792 1601 1130 1646
2048 1024 1792 1799 1163 1654
2303 1024 1792 1985 1210 1667
2559 1024 1792 2178 1257 1683
2815 1024 1792 2379 1304 1704
3071 1024 1792 2586 1351 1725
3327 1024 1792 2795 1399 1746
3583 1024 1792 3009 1448 1767
3839 1024 1792 3236 1488 1784
4095 1024 1792 3472 1522 1797
0 1280 1792 750 1259 1647
256 1280 1792 798 1260 1639
512 1280 1792 875 1263 1630
768 1280 1792 995 1270 1617
1024 1280 1792 1131 1281 1643
1280 1280 1792 1281 1294 1675
1536 1280 1792 1472 1307 1694
1792 1280 1792 1669 1325 1700
2048 1280 1792 1868 1348 1696
2303 1280 1792 2040 1394 1698
2559 1280 1792 2220 1440 1707
2815 1280 1792 2411 1484 1725
3071 1280 1792 2607 1530 1747
3327 1280 1792 2805 1578 1770
3583 1280 1792 3011 1625 1793
3839 1280 1792 3242 1655 1807
4095 1280 1792 3490 1675 1815
0 1536 1792 891 1499 1674
256 1536 1792 930 1499 1670
512 1536 1792 996 1501 1666
768 1536 1792 1102 1505 1660
1024 1536 1792 1219 1518 1676
1280 1536 1792 1351 1531 1696
1536 1536 1792 1530 1543 1712
1792 1536 1792 1720 1557 1719
2048 1536 1792 1918 1573 1722
2303 1536 1792 2113 1598 1726
2559 1536 1792 2310 1625 1733
2815 1536 1792 2510 1655 1743
3071 1536 1792 2686 1703 1767
3327 1536 1792 2859 1756 1796
3583 1536 1792 3047 1806 1823
3839 1536 1792 3269 1837 1836
4095 1536 1792 3515 1854 1839
0 1792 1792 1032 1740 1709
256 1792 1792 1065 1740 1709
512 1792 1792 1122 1741 1708
768 1792 1792 1216 1744 1707
1024 1792 1792 1322 1755 1716
1280 1792 1792 1440 1768 1726
1536 1792 1792 1599 1781 1734
1792 1792 1792 1778 1794 1740
2048 1792 1792 1970 1806 1745
2303 1792 1792 2171 1821 1750
2559 1792 1792 2373 1839 1756
2815 1792 1792 2577 1860 1763
3071 1792 1792 2755 1899 1784
3327 1792 1792 2926 1945 1813
3583 1792 1792 3094 1998 1854
3839 1792 1792 3305 2030 1869
4095 1792 1792 3545 2047 1868
0 2048 1792 1174 1981 1751
256 2048 1792 1202 1981 1752
512 2048 1792 1252 1982 1754
768 2048 1792 1336 1983 1757
1024 2048 1792 1434 1993 1759
1280 2048 1792 1542 2005 1760
1536 2048 1792 1675 2021 1759
1792 2048 1792 1840 2033 1762
2048 2048 1792 2024 2044 1766
2303 2048 1792 2220 2057 1772
2559 2048 1792 2419 2071 1777
2815 2048 1792 2622 2087 1784
3071 2048 1792 2818 2110 1799
3327 2048 1792 3003 2141 1824
3583 2048 1792 3148 2197 1885
3839 2048 1792 3346 2230 1906
4095 2048 1792 3579 2248 1900
0 2303 1792 1317 2223 1800
256 2303 1792 1341 2223 1802
512 2303 1792 1386 2224 1805
768 2303 1792 1462 2225 1810
1024 2303 1792 1558 2231 1814
1280 2303 1792 1659 2241 1813
1536 2303 1792 1764 2262 1794
1792 2303 1792 1913 2275 1788
2048 2303 1792 2089 2284 1793
2303 2303 1792 2279 2296 1798
2559 2303 1792 2472 2309 1804
2815 2303 1792 2670 2323 1810
3071 2303 1792 2869 2341 1820
3327 2303 1792 3058 2365 1844
3583 2303 1792 3206 2411 1919
3839 2303 1792 3398 2441 1945
4095 2303 1792 3621 2461 1939
0 2559 1792 1460 2466 1852
256 2559 1792 1481 2466 1854
512 2559 1792 1522 2467 1858
768 2559 1792 1591 2467 1865
1024 2559 1792 1683 2471 1871
1280 2559 1792 1780 2480 1871
1536 2559 1792 1871 2500 1846
1792 2559 1792 2004 2514 1833
2048 2559 1792 2163 2525 1830
2303 2559 1792 2345 2535 1837
2559 2559 1792 2531 2547 1845
2815 2559 1792 2723 2560 1853
3071 2559 1792 2920 2575 1862
3327 2559 1792 3110 2594 1884
3583 2559 1792 3268 2630 1954
3839 2559 1792 3456 2657 1982
4095 2559 1792 3665 2679 1982
0 2815 1792 1603 2710 1906
256 2815 1792 1622 2710 1909
512 2815 1792 1659 2710 1913
768 2815 1792 1723 2710 1921
1024 2815 1792 1811 2713 1930
1280 2815 1792 1906 2719 1935
1536 2815 1792 2006 2732 1924
1792 2815 1792 2122 2748 1906
2048 2815 1792 2250 2764 1884
2303 2815 1792 2422 2774 1896
2559 2815 1792 2599 2785 1907
2815 2815 1792 2781 2797 1920
3071 2815 1792 2968 2812 1934
3327 2815 1792 3155 2830 1953
3583 2815 1792 3334 2854 1991
3839 2815 1792 3521 2877 2015
4095 2815 1792 3715 2901 2030
0 3071 1792 1747 2954 1964
256 3071 1792 1765 2954 1966
512 3071 1792 1799 2954 1971
768 3071 1792 1857 2954 1980
1024 3071 1792 1940 2956 1990
1280 3071 1792 2033 2960 1998
1536 3071 1792 2135 2970 1997
1792 3071 1792 2245 2983 1983
2048 3071 1792 2360 2999 1962
2303 3071 1792 2517 3011 1966
2559 3071 1792 2682 3022 1974
2815 3071 1792 2855 3034 1986
3071 3071 1792 3035 3049 2001
3327 3071 1792 3217 3065 2019
3583 3071 1792 3399 3084 2045
3839 3071 1792 3584 3105 2067
4095 3071 1792 3770 3128 2087
0 3327 1792 1891 3199 2023
256 3327 1792 1907 3199 2026
512 3327 1792 1938 3199 2031
768 3327 1792 1992 3199 2040
1024 3327 1792 2071 3200 2051
1280 3327 1792 2160 3202 2062
1536 3327 1792 2262 3209 2067
1792 3327 1792 2369 3220 2061
2048 3327 1792 2479 3234 2046
2303 3327 1792 2620 3247 2042
2559 3327 1792 2772 3259 2044
2815 3327 1792 2937 3271 2055
3071 3327 1792 3110 3284 2071
3327 3327 1792 3286 3299 2088
3583 3327 1792 3466 3316 2108
3839 3327 1792 3647 3336 2129
4095 3327 1792 3829 3356 2152
0 3583 1792 2036 3443 2085
256 3583 1792 2050 3443 2088
512 3583 1792 2079 3443 2093
768 3583 1792 2129 3443 2102
1024 3583 1792 2203 3444 2114
1280 3583 1792 2288 3446 2126
1536 3583 1792 2388 3451 2135
1792 3583 1792 2494 3459 2136
2048 3583 1792 2604 3470 2131
2303 3583 1792 2736 3482 2127
2559 3583 1792 2878 3494 2129
2815 3583 1792 3035 3505 2142
3071 3583 1792 3200 3518 2157
3327 3583 1792 3368 3533 2173
3583 3583 1792 3541 3549 2190
3839 3583 1792 3716 3568 2213
4095 3583 1792 3893 3587 2238
0 3839 1792 2146 3696 2120
256 3839 1792 2159 3696 2122
512 3839 1792 2184 3696 2125
768 3839 1792 2229 3697 2131
1024 3839 1792 2297 3698 2139
1280 3839 1792 2375 3700 2147
1536 3839 1792 2472 3704 2155
1792 3839 1792 2578 3711 2158
2048 3839 1792 2690 3719 2158
2303 3839 1792 2821 3730 2156
2559 3839 1792 2960 3740 2159
2815 3839 1792 3113 3751 2168
3071 3839 1792 3274 3763 2177
3327 3839 1792 3439 3776 2187
3583 3839 1792 3610 3791 2195
3839 3839 1792 3784 3805 2202
4095 3839 1792 3958 3819 2209
0 4095 1792 2234 3953 2137
256 4095 1792 2245 3953 2137
512 4095 1792 2266 3954 2138
768 4095 1792 2303 3956 2138
1024 4095 1792 2364 3959 2139
1280 4095 1792 2435 3962 2141
1536 4095 1792 2527 3967 2142
1792 4095 1792 2634 3972 2144
2048 4095 1792 2750 3978 2146
2303 4095 1792 2884 3986 2149
2559 4095 1792 3026 3994 2151
2815 4095 1792 3176 4003 2153
3071 4095 1792 3337 4014 2154
3327 4095 1792 3502 4025 2153
3583 4095 1792 3675 4038 2148
3839 4095 1792 3850 4046 2130
4095 4095 1792 4024 4052 2103
0 0 2048 297 348 1893
256 0 2048 377 347 1889
512 0 2048 506 357 1882
768 0 2048 708 385 1872
1024 0 2048 916 426 1865
1280 0 2048 1126 471 1861
1536 0 2048 1338 524 1861
1792 0 2048 1550 581 1865
2048 0 2048 1763 640 1870
2303 0 2048 1976 703 1879
2559 0 2048 2191 766 1888
2815 0 2048 2406 831 1899
3071 0 2048 2621 897 1912
3327 0 2048 2837 964 1925
3583 0 2048 3053 1031 1939
3839 0 2048 3269 1099 1954
4095 0 2048 3486 1167 1969
0 256 2048 316 446 1887
256 256 2048 417 452 1865
512 256 2048 553 467 1840
768 256 2048 742 497 1808
1024 256 2048 935 531 1810
1280 256 2048 1131 568 1820
1536 256 2048 1336 614 1832
1792 256 2048 1545 663 1844
2048 256 2048 1756 715 1856
2303 256 2048 1969 771 1869
2559 256 2048 2183 829 1882
2815 256 2048 2398 888 1896
3071 256 2048 2614 950 1910
3327 256 2048 2830 1012 1925
3583 256 2048 3047 1076 1940
3839 256 2048 3263 1141 1955
4095 256 2048 3480 1206 1971
0 512 2048 376 590 1879
256 512 2048 479 599 1850
512 512 2048 611 615 1814
768 512 2048 786 642 1768
1024 512 2048 964 670 1773
1280 512 2048 1146 701 1791
1536 512 2048 1343 740 1805
1792 512 2048 1545 783 1822
2048 512 2048 1751 828 1840
2303 512 2048 1962 878 1858
2559 512 2048 2174 930 1875
2815 512 2048 2389 984 1892
3071 512 2048 2604 1040 1909
3327 512 2048 2820 1097 1926
3583 512 2048 3036 1156 1943
3839 512 2048 3254 1216 1959
4095 512 2048 3473 1275 1976
0 768 2048 494 804 1868
256 768 2048 573 809 1846
512 768 2048 684 819 1814
768 768 2048 844 837 1766
1024 768 2048 1009 859 1767
1280 768 2048 1178 886 1778
1536 768 2048 1361 922 1783
1792 768 2048 1552 961 1799
2048 768 2048 1749 1001 1821
2303 768 2048 1954 1045 1844
2559 768 2048 2163 1090 1867
2815 768 2048 2375 1137 1889
3071 768 2048 2589 1186 1909
3327 768 2048 2804 1236 1929
3583 768 2048 3020 1289 1949
3839 768 2048 3240 1340 1967
4095 768 2048 3462 1390 1986
0 1024 2048 624 1034 1866
256 1024 2048 686 1037 1850
512 1024 2048 780 1043 1826
768 1024 2048 923 1054 1789
1024 1024 2048 1073 1071 1798
1280 1024 2048 1232 1090 1820
1536 1024 2048 1416 1113 1845
1792 1024 2048 1604 1144 1855
2048 1024 2048 1796 1179 1856
2303 1024 2048 1986 1224 1866
2559 1024 2048 2181 1269 1881
2815 1024 2048 2382 1314 1901
3071 1024 2048 2589 1360 1922
3327 1024 2048 2799 1407 1943
3583 1024 2048 3012 1456 1964
3839 1024 2048 3238 1496 1983
4095 1024 2048 3473 1529 1999
0 1280 2048 758 1269 1869
256 1280 2048 807 1270 1859
512 1280 2048 885 1273 1843
768 1280 2048 1010 1280 1820
1024 1280 2048 1146 1292 1838
1280 1280 2048 1294 1304 1869
1536 1280 2048 1478 1315 1914
1792 1280 2048 1666 1336 1921
2048 1280 2048 1855 1366 1903
2303 1280 2048 2034 1409 1900
2559 1280 2048 2219 1452 1905
2815 1280 2048 2411 1495 1921
3071 1280 2048 2607 1540 1941
3327 1280 2048 2807 1586 1962
3583 1280 2048 3013 1633 1984
3839 1280 2048 3244 1663 2001
4095 1280 2048 3491 1681 2016
0 1536 2048 897 1507 1887
256 1536 2048 937 1508 1881
512 1536 2048 1004 1510 1872
768 1536 2048 1114 1514 1858
1024 1536 2048 1236 1524 1872
1280 1536 2048 1371 1536 1896
1536 1536 2048 1538 1548 1931
1792 1536 2048 1721 1564 1944
2048 1536 2048 1915 1582 1942
2303 1536 2048 2112 1606 1944
2559 1536 2048 2308 1634 1949
2815 1536 2048 2501 1668 1957
3071 1536 2048 2678 1716 1972
3327 1536 2048 2855 1766 1990
3583 1536 2048 3046 1815 2013
3839 1536 2048 3270 1844 2028
4095 1536 2048 3516 1860 2037
0 1792 2048 1037 1747 1915
256 1792 2048 1071 1747 1912
512 1792 2048 1129 1749 1907
768 1792 2048 1226 1751 1901
1024 1792 2048 1338 1760 1911
1280 1792 2048 1460 1771 1927
1536 1792 2048 1606 1785 1952
1792 1792 2048 1780 1799 1964
2048 1792 2048 1972 1811 1968
2303 1792 2048 2173 1826 1973
2559 1792 2048 2372 1845 1977
2815 1792 2048 2569 1870 1983
3071 1792 2048 2746 1910 1997
3327 1792 2048 2918 1956 2016
3583 1792 2048 3091 2006 2044
3839 1792 2048 3305 2036 2058
4095 1792 2048 3547 2052 2063
0 2048 2048 1179 1988 1949
256 2048 2048 1207 1988 1948
512 2048 2048 1258 1988 1948
768 2048 2048 1343 1990 1947
1024 2048 2048 1446 1997 1953
1280 2048 2048 1557 2008 1961
1536 2048 2048 1682 2024 1975
1792 2048 2048 1842 2038 1983
2048 2048 2048 2026 2048 1986
2303 2048 2048 2222 2061 1991
2559 2048 2048 2420 2075 1996
2815 2048 2048 2624 2091 2002
3071 2048 2048 2812 2118 2017
3327 2048 2048 2990 2153 2039
3583 2048 2048 3143 2205 2076
3839 2048 2048 3346 2236 2092
4095 2048 2048 3580 2252 2092
0 2303 2048 1321 2229 1993
256 2303 2048 1346 2229 1994
512 2303 2048 1391 2229 1995
768 2303 2048 1468 2230 1997
1024 2303 2048 1566 2236 2003
1280 2303 2048 1668 2245 2007
1536 2303 2048 1769 2265 2004
1792 2303 2048 1915 2279 2005
2048 2303 2048 2091 2288 2009
2303 2303 2048 2280 2300 2014
2559 2303 2048 2473 2312 2019
2815 2303 2048 2672 2326 2024
3071 2303 2048 2868 2346 2034
3327 2303 2048 3054 2372 2054
3583 2303 2048 3203 2418 2109
3839 2303 2048 3397 2447 2130
4095 2303 2048 3622 2465 2127
0 2559 2048 1464 2471 2041
256 2559 2048 1486 2471 2042
512 2559 2048 1526 2471 2045
768 2559 2048 1596 2472 2049
1024 2559 2048 1688 2476 2055
1280 2559 2048 1785 2484 2057
1536 2559 2048 1874 2504 2047
1792 2559 2048 2004 2518 2039
2048 2559 2048 2160 2530 2034
2303 2559 2048 2343 2540 2038
2559 2559 2048 2530 2551 2043
2815 2559 2048 2724 2564 2049
3071 2559 2048 2923 2578 2055
3327 2559 2048 3114 2597 2073
3583 2559 2048 3268 2634 2135
3839 2559 2048 3456 2661 2162
4095 2559 2048 3666 2682 2165
0 2815 2048 1607 2714 2091
256 2815 2048 1626 2714 2093
512 2815 2048 1663 2714 2097
768 2815 2048 1726 2714 2103
1024 2815 2048 1814 2717 2110
1280 2815 2048 1909 2723 2114
1536 2815 2048 2006 2737 2108
1792 2815 2048 2116 2754 2089
2048 2815 2048 2235 2773 2061
2303 2815 2048 2411 2782 2066
2559 2815 2048 2593 2792 2070
2815 2815 2048 2781 2804 2076
3071 2815 2048 2975 2816 2082
3327 2815 2048 3167 2832 2098
3583 2815 2048 3342 2855 2150
3839 2815 2048 3526 2880 2184
4095 2815 2048 3716 2904 2208
0 3071 2048 1750 2958 2145
256 3071 2048 1768 2958 2147
512 3071 2048 1801 2958 2151
768 3071 2048 1860 2958 2158
1024 3071 2048 1943 2960 2167
1280 3071 2048 2035 2964 2174
1536 3071 2048 2134 2974 2172
1792 3071 2048 2237 2990 2153
2048 3071 2048 2340 3010 2121
2303 3071 2048 2495 3023 2107
2559 3071 2048 2662 3035 2101
2815 3071 2048 2844 3045 2106
3071 3071 2048 3034 3056 2117
3327 3071 2048 3224 3069 2134
3583 3071 2048 3409 3087 2171
3839 3071 2048 3591 3108 2212
4095 3071 2048 3772 3131 2257
0 3327 2048 1894 3202 2201
256 3327 2048 1910 3202 2203
512 3327 2048 1941 3202 2207
768 3327 2048 1994 3202 2215
1024 3327 2048 2073 3203 2224
1280 3327 2048 2161 3206 2233
1536 3327 2048 2262 3213 2237
1792 3327 2048 2360 3226 2222
2048 3327 2048 2457 3244 2193
2303 3327 2048 2590 3262 2162
2559 3327 2048 2740 3276 2145
2815 3327 2048 2916 3285 2152
3071 3327 2048 3100 3295 2168
3327 3327 2048 3286 3307 2186
3583 3327 2048 3473 3321 2209
3839 3327 2048 3654 3339 2254
4095 3327 2048 3830 3359 2314
0 3583 2048 2038 3446 2259
256 3583 2048 2053 3446 2261
512 3583 2048 2081 3446 2266
768 3583 2048 2131 3446 2273
1024 3583 2048 2205 3447 2284
1280 3583 2048 2289 3449 2294
1536 3583 2048 2388 3454 2302
1792 3583 2048 2489 3464 2296
2048 3583 2048 2591 3477 2282
2303 3583 2048 2712 3494 2254
2559 3583 2048 2851 3508 2242
2815 3583 2048 3016 3517 2255
3071 3583 2048 3188 3528 2271
3327 3583 2048 3362 3540 2289
3583 3583 2048 3540 3555 2308
3839 3583 2048 3717 3572 2345
4095 3583 2048 3893 3590 2393
0 3839 2048 2148 3698 2293
256 3839 2048 2161 3698 2295
512 3839 2048 2187 3698 2298
768 3839 2048 2231 3699 2303
1024 3839 2048 2299 3700 2310
1280 3839 2048 2377 3703 2318
1536 3839 2048 2473 3707 2324
1792 3839 2048 2576 3714 2324
2048 3839 2048 2684 3724 2320
2303 3839 2048 2808 3737 2304
2559 3839 2048 2944 3749 2298
2815 3839 2048 3101 3758 2309
3071 3839 2048 3266 3769 2319
3327 3839 2048 3434 3781 2330
3583 3839 2048 3608 3795 2340
3839 3839 2048 3784 3810 2354
4095 3839 2048 3961 3825 2372
0 4095 2048 2236 3955 2312
256 4095 2048 2247 3955 2313
512 4095 2048 2268 3956 2313
768 4095 2048 2306 3958 2314
1024 4095 2048 2366 3961 2315
1280 4095 2048 2437 3964 2316
1536 4095 2048 2529 3968 2318
1792 4095 2048 2636 3974 2320
2048 4095 2048 2751 3980 2322
2303 4095 2048 2886 3987 2325
2559 4095 2048 3027 3996 2327
2815 4095 2048 3177 4005 2329
3071 4095 2048 3338 4016 2330
3327 4095 2048 3503 4027 2330
3583 4095 2048 3676 4040 2326
3839 4095 2048 3853 4051 2309
4095 4095 2048 4033 4062 2283
0 0 2303 333 390 2126
256 0 2303 398 387 2126
512 0 2303 518 395 2121
768 0 2303 719 421 2109
1024 0 2303 926 458 2101
1280 0 2303 1136 500 2095
1536 0 2303 1347 550 2093
1792 0 2303 1558 604 2094
2048 0 2303 1771 661 2097
2303 0 2303 1983 721 2104
2559 0 2303 2197 783 2112
2815 0 2303 2411 846 2121
3071 0 2303 2626 911 2132
3327 0 2303 2841 976 2144
3583 0 2303 3057 1043 2157
3839 0 2303 3273 1110 2170
4095 0 2303 3489 1177 2184
0 256 2303 344 478 2122
256 256 2303 437 483 2104
512 256 2303 568 498 2079
768 256 2303 758 526 2045
1024 256 2303 950 558 2043
1280 256 2303 1144 593 2051
1536 256 2303 1348 636 2060
1792 256 2303 1556 683 2070
2048 256 2303 1765 733 2080
2303 256 2303 1977 788 2091
2559 256 2303 2190 844 2103
2815 256 2303 2405 903 2115
3071 256 2303 2620 963 2128
3327 256 2303 2835 1025 2142
3583 256 2303 3051 1088 2156
3839 256 2303 3267 1151 2170
4095 256 2303 3483 1216 2185
0 512 2303 395 614 2115
256 512 2303 496 623 2089
512 512 2303 627 638 2053
768 512 2303 805 665 2003
1024 512 2303 982 693 2000
1280 512 2303 1163 723 2009
1536 512 2303 1357 760 2024
1792 512 2303 1558 801 2040
2048 512 2303 1762 845 2058
2303 512 2303 1971 894 2074
2559 512 2303 2182 944 2091
2815 512 2303 2395 997 2108
3071 512 2303 2610 1052 2124
3327 512 2303 2825 1109 2140
3583 512 2303 3041 1167 2156
3839 512 2303 3258 1226 2172
4095 512 2303 3475 1286 2188
0 768 2303 509 821 2104
256 768 2303 587 826 2083
512 768 2303 699 836 2049
768 768 2303 862 854 1997
1024 768 2303 1029 879 1978
1280 768 2303 1199 908 1971
1536 768 2303 1378 942 1985
1792 768 2303 1567 978 2004
2048 768 2303 1761 1017 2027
2303 768 2303 1965 1059 2051
2559 768 2303 2172 1103 2074
2815 768 2303 2383 1149 2096
3071 768 2303 2596 1197 2117
3327 768 2303 2810 1247 2137
3583 768 2303 3026 1299 2156
3839 768 2303 3244 1350 2175
4095 768 2303 3464 1401 2194
0 1024 2303 636 1048 2099
256 1024 2303 698 1050 2082
512 1024 2303 793 1057 2056
768 1024 2303 939 1069 2013
1024 1024 2303 1093 1088 1999
1280 1024 2303 1253 1109 2001
1536 1024 2303 1429 1131 2038
1792 1024 2303 1612 1161 2053
2048 1024 2303 1801 1196 2054
2303 1024 2303 1992 1239 2065
2559 1024 2303 2188 1282 2080
2815 1024 2303 2389 1326 2101
3071 1024 2303 2596 1371 2122
3327 1024 2303 2804 1418 2144
3583 1024 2303 3017 1466 2165
3839 1024 2303 3241 1505 2186
4095 1024 2303 3475 1539 2206
0 1280 2303 768 1280 2098
256 1280 2303 817 1281 2086
512 1280 2303 897 1285 2067
768 1280 2303 1024 1292 2038
1024 1280 2303 1165 1305 2032
1280 1280 2303 1316 1319 2044
1536 1280 2303 1486 1330 2106
1792 1280 2303 1667 1353 2118
2048 1280 2303 1854 1383 2099
2303 1280 2303 2036 1424 2097
2559 1280 2303 2222 1465 2102
2815 1280 2303 2414 1508 2116
3071 1280 2303 2611 1552 2136
3327 1280 2303 2811 1597 2157
3583 1280 2303 3017 1642 2179
3839 1280 2303 3247 1672 2200
4095 1280 2303 3493 1690 2220
0 1536 2303 905 1517 2109
256 1536 2303 945 1518 2101
512 1536 2303 1014 1520 2089
768 1536 2303 1126 1525 2069
1024 1536 2303 1255 1535 2066
1280 1536 2303 1392 1547 2080
1536 1536 2303 1546 1558 2141
1792 1536 2303 1724 1573 2164
2048 1536 2303 1917 1592 2160
2303 1536 2303 2115 1615 2163
2559 1536 2303 2308 1645 2164
2815 1536 2303 2494 1683 2162
3071 1536 2303 2673 1730 2172
3327 1536 2303 2855 1778 2185
3583 1536 2303 3048 1824 2205
3839 1536 2303 3273 1852 2224
4095 1536 2303 3518 1868 2240
0 1792 2303 1044 1756 2129
256 1792 2303 1078 1756 2125
512 1792 2303 1137 1757 2117
768 1792 2303 1236 1760 2106
1024 1792 2303 1354 1768 2105
1280 1792 2303 1480 1779 2117
1536 1792 2303 1614 1792 2169
1792 1792 2303 1783 1805 2191
2048 1792 2303 1975 1817 2195
2303 1792 2303 2175 1832 2199
2559 1792 2303 2372 1853 2200
2815 1792 2303 2563 1882 2197
3071 1792 2303 2741 1922 2203
3327 1792 2303 2915 1967 2215
3583 1792 2303 3092 2016 2236
3839 1792 2303 3307 2044 2252
4095 1792 2303 3548 2059 2264
0 2048 2303 1185 1995 2156
256 2048 2303 1213 1995 2154
512 2048 2303 1265 1996 2151
768 2048 2303 1351 1998 2146
1024 2048 2303 1460 2004 2146
1280 2048 2303 1574 2013 2155
1536 2048 2303 1689 2030 2191
1792 2048 2303 1845 2043 2208
2048 2048 2303 2029 2053 2211
2303 2048 2303 2224 2066 2215
2559 2048 2303 2422 2081 2220
2815 2048 2303 2625 2096 2225
3071 2048 2303 2811 2125 2233
3327 2048 2303 2987 2161 2245
3583 2048 2303 3143 2213 2269
3839 2048 2303 3347 2243 2283
4095 2048 2303 3582 2258 2291
0 2303 2303 1326 2236 2195
256 2303 2303 1351 2236 2194
512 2303 2303 1397 2236 2193
768 2303 2303 1475 2237 2192
1024 2303 2303 1576 2242 2194
1280 2303 2303 1683 2250 2199
1536 2303 2303 1785 2268 2216
1792 2303 2303 1926 2281 2226
2048 2303 2303 2094 2293 2231
2303 2303 2303 2283 2304 2235
2559 2303 2303 2476 2317 2240
2815 2303 2303 2674 2331 2245
3071 2303 2303 2868 2351 2251
3327 2303 2303 3053 2378 2265
3583 2303 2303 3203 2424 2303
3839 2303 2303 3398 2453 2320
4095 2303 2303 3623 2471 2323
0 2559 2303 1469 2477 2237
256 2559 2303 1490 2477 2237
512 2559 2303 1532 2477 2238
768 2559 2303 1602 2478 2240
1024 2559 2303 1696 2482 2244
1280 2559 2303 1796 2489 2247
1536 2559 2303 1892 2505 2250
1792 2559 2303 2018 2520 2252
2048 2559 2303 2163 2534 2253
2303 2559 2303 2345 2544 2257
2559 2559 2303 2532 2555 2262
2815 2559 2303 2726 2568 2267
3071 2559 2303 2924 2582 2272
3327 2559 2303 3115 2602 2286
3583 2559 2303 3266 2641 2333
3839 2559 2303 3455 2668 2354
4095 2559 2303 3668 2687 2358
0 2815 2303 1611 2719 2284
256 2815 2303 1631 2719 2285
512 2815 2303 1668 2720 2287
768 2815 2303 1731 2720 2291
1024 2815 2303 1820 2723 2296
1280 2815 2303 1916 2728 2300
1536 2815 2303 2016 2740 2301
1792 2815 2303 2124 2757 2292
2048 2815 2303 2237 2777 2278
2303 2815 2303 2414 2786 2282
2559 2815 2303 2595 2796 2286
2815 2815 2303 2783 2807 2291
3071 2815 2303 2977 2820 2296
3327 2815 2303 3167 2836 2310
3583 2815 2303 3336 2862 2357
3839 2815 2303 3521 2886 2384
4095 2815 2303 3718 2909 2397
0 3071 2303 1754 2963 2334
256 3071 2303 1772 2962 2336
512 3071 2303 1806 2962 2339
768 3071 2303 1864 2963 2343
1024 3071 2303 1948 2965 2350
1280 3071 2303 2040 2968 2356
1536 3071 2303 2140 2978 2358
1792 3071 2303 2240 2994 2346
2048 3071 2303 2340 3014 2325
2303 3071 2303 2496 3027 2317
2559 3071 2303 2664 3038 2313
2815 3071 2303 2846 3048 2318
3071 3071 2303 3036 3060 2326
3327 3071 2303 3225 3073 2338
3583 3071 2303 3408 3092 2367
3839 3071 2303 3590 3113 2403
4095 3071 2303 3773 3135 2441
0 3327 2303 1897 3206 2386
256 3327 2303 1913 3206 2388
512 3327 2303 1944 3206 2392
768 3327 2303 1998 3206 2397
1024 3327 2303 2077 3207 2405
1280 3327 2303 2165 3210 2413
1536 3327 2303 2265 3217 2417
1792 3327 2303 2361 3231 2406
2048 3327 2303 2454 3250 2383
2303 3327 2303 2587 3266 2359
2559 3327 2303 2738 3280 2347
2815 3327 2303 2915 3289 2352
3071 3327 2303 3099 3300 2361
3327 3327 2303 3286 3311 2372
3583 3327 2303 3478 3324 2384
3839 3327 2303 3658 3342 2427
4095 3327 2303 3832 3363 2491
0 3583 2303 2041 3450 2442
256 3583 2303 2056 3450 2443
512 3583 2303 2084 3450 2447
768 3583 2303 2134 3450 2454
1024 3583 2303 2208 3450 2462
1280 3583 2303 2292 3452 2471
1536 3583 2303 2391 3458 2478
1792 3583 2303 2489 3468 2474
2048 3583 2303 2588 3482 2462
2303 3583 2303 2696 3503 2423
2559 3583 2303 2828 3520 2402
2815 3583 2303 2997 3528 2410
3071 3583 2303 3174 3538 2419
3327 3583 2303 3354 3549 2429
3583 3583 2303 3539 3562 2440
3839 3583 2303 3719 3577 2485
4095 3583 2303 3895 3594 2554
0 3839 2303 2152 3701 2477
256 3839 2303 2164 3701 2479
512 3839 2303 2190 3701 2481
768 3839 2303 2234 3702 2486
1024 3839 2303 2302 3704 2492
1280 3839 2303 2380 3706 2498
1536 3839 2303 2475 3710 2504
1792 3839 2303 2577 3718 2504
2048 3839 2303 2684 3728 2500
2303 3839 2303 2795 3745 2472
2559 3839 2303 2926 3759 2458
2815 3839 2303 3086 3768 2465
3071 3839 2303 3255 3778 2471
3327 3839 2303 3427 3789 2477
3583 3839 2303 3607 3802 2483
3839 3839 2303 3785 3814 2506
4095 3839 2303 3962 3828 2541
0 4095 2303 2240 3957 2500
256 4095 2303 2251 3958 2500
512 4095 2303 2272 3959 2501
768 4095 2303 2309 3960 2502
1024 4095 2303 2369 3963 2503
1280 4095 2303 2440 3966 2504
1536 4095 2303 2532 3971 2506
1792 4095 2303 2638 3976 2508
2048 4095 2303 2754 3982 2510
2303 4095 2303 2888 3990 2513
2559 4095 2303 3029 3998 2516
2815 4095 2303 3179 4007 2518
3071 4095 2303 3339 4018 2520
3327 4095 2303 3504 4029 2521
3583 4095 2303 3677 4042 2518
3839 4095 2303 3853 4053 2502
4095 4095 2303 4032 4062 2476
0 0 2559 369 433 2360
256 0 2559 423 428 2363
512 0 2559 534 434 2360
768 0 2559 731 457 2347
1024 0 2559 936 491 2338
1280 0 2559 1145 530 2330
1536 0 2559 1355 577 2326
1792 0 2559 1567 628 2325
2048 0 2559 1778 682 2326
2303 0 2559 1990 741 2331
2559 0 2559 2203 801 2337
2815 0 2559 2417 863 2345
3071 0 2559 2631 926 2355
3327 0 2559 2846 990 2365
3583 0 2559 3061 1056 2377
3839 0 2559 3277 1122 2389
4095 0 2559 3492 1188 2402
0 256 2559 371 512 2358
256 256 2559 458 516 2343
512 256 2559 585 529 2319
768 256 2559 774 556 2284
1024 256 2559 964 586 2279
1280 256 2559 1157 619 2283
1536 256 2559 1360 659 2290
1792 256 2559 1566 705 2298
2048 256 2559 1775 753 2306
2303 256 2559 1985 806 2316
2559 256 2559 2198 861 2326
2815 256 2559 2411 918 2337
3071 256 2559 2626 977 2349
3327 256 2559 2840 1038 2361
3583 256 2559 3056 1100 2374
3839 256 2559 3271 1163 2388
4095 256 2559 3487 1227 2402
0 512 2559 416 640 2353
256 512 2559 513 648 2328
512 512 2559 644 663 2293
768 512 2559 823 688 2242
1024 512 2559 1000 716 2230
1280 512 2559 1181 746 2232
1536 512 2559 1373 781 2246
1792 512 2559 1571 821 2261
2048 512 2559 1773 863 2278
2303 512 2559 1981 910 2293
2559 512 2559 2191 959 2309
2815 512 2559 2403 1011 2325
3071 512 2559 2617 1066 2340
3327 512 2559 2831 1121 2356
3583 512 2559 3046 1179 2371
3839 512 2559 3262 1237 2386
4095 512 2559 3479 1296 2402
0 768 2559 525 839 2341
256 768 2559 601 844 2321
512 768 2559 714 855 2286
768 768 2559 880 873 2231
1024 768 2559 1049 900 2195
1280 768 2559 1220 930 2174
1536 768 2559 1397 961 2191
1792 768 2559 1583 996 2213
2048 768 2559 1775 1033 2237
2303 768 2559 1977 1074 2261
2559 768 2559 2182 1116 2285
2815 768 2559 2391 1162 2307
3071 768 2559 2603 1209 2327
3327 768 2559 2817 1258 2347
3583 768 2559 3031 1310 2366
3839 768 2559 3248 1361 2385
4095 768 2559 3466 1413 2404
0 1024 2559 649 1062 2333
256 1024 2559 711 1065 2317
512 1024 2559 807 1072 2289
768 1024 2559 955 1084 2242
1024 1024 2559 1113 1105 2208
1280 1024 2559 1275 1128 2191
1536 1024 2559 1444 1151 2228
1792 1024 2559 1623 1180 2246
2048 1024 2559 1809 1214 2252
2303 1024 2559 2000 1255 2265
2559 1024 2559 2196 1296 2282
2815 1024 2559 2397 1339 2303
3071 1024 2559 2603 1383 2325
3327 1024 2559 2811 1428 2347
3583 1024 2559 3022 1476 2368
3839 1024 2559 3246 1516 2391
4095 1024 2559 3477 1550 2414
0 1280 2559 779 1291 2328
256 1280 2559 828 1293 2316
512 1280 2559 908 1297 2295
768 1280 2559 1038 1305 2260
1024 1280 2559 1184 1319 2235
1280 1280 2559 1337 1335 2228
1536 1280 2559 1499 1348 2284
1792 1280 2559 1673 1372 2300
2048 1280 2559 1856 1403 2288
2303 1280 2559 2040 1440 2291
2559 1280 2559 2227 1480 2298
2815 1280 2559 2419 1521 2313
3071 1280 2559 2616 1564 2333
3327 1280 2559 2816 1608 2354
3583 1280 2559 3022 1652 2376
3839 1280 2559 3251 1681 2401
4095 1280 2559 3495 1700 2427
0 1536 2559 915 1527 2334
256 1536 2559 955 1528 2325
512 1536 2559 1024 1531 2310
768 1536 2559 1137 1536 2285
1024 1536 2559 1272 1546 2268
1280 1536 2559 1413 1558 2268
1536 1536 2559 1560 1571 2330
1792 1536 2559 1731 1587 2355
2048 1536 2559 1919 1606 2357
2303 1536 2559 2114 1630 2365
2559 1536 2559 2305 1660 2368
2815 1536 2559 2488 1699 2364
3071 1536 2559 2671 1744 2370
3327 1536 2559 2855 1790 2381
3583 1536 2559 3050 1835 2400
3839 1536 2559 3275 1862 2422
4095 1536 2559 3520 1877 2446
0 1792 2559 1052 1765 2348
256 1792 2559 1086 1765 2342
512 1792 2559 1146 1767 2332
768 1792 2559 1246 1770 2315
1024 1792 2559 1369 1778 2304
1280 1792 2559 1499 1787 2308
1536 1792 2559 1630 1801 2364
1792 1792 2559 1793 1814 2393
2048 1792 2559 1977 1827 2403
2303 1792 2559 2175 1843 2411
2559 1792 2559 2369 1865 2414
2815 1792 2559 2558 1894 2409
3071 1792 2559 2737 1934 2410
3327 1792 2559 2914 1978 2414
3583 1792 2559 3093 2025 2430
3839 1792 2559 3309 2053 2448
4095 1792 2559 3550 2066 2468
0 2048 2559 1191 2004 2368
256 2048 2559 1220 2004 2364
512 2048 2559 1272 2005 2358
768 2048 2559 1359 2006 2349
1024 2048 2559 1473 2012 2344
1280 2048 2559 1591 2020 2349
1536 2048 2559 1705 2036 2391
1792 2048 2559 1856 2048 2417
2048 2048 2559 2033 2059 2432
2303 2048 2559 2227 2072 2440
2559 2048 2559 2425 2086 2446
2815 2048 2559 2627 2102 2450
3071 2048 2559 2812 2132 2451
3327 2048 2559 2987 2169 2453
3583 2048 2559 3145 2221 2464
3839 2048 2559 3349 2250 2477
4095 2048 2559 3583 2265 2492
0 2303 2559 1332 2243 2401
256 2303 2559 1357 2243 2399
512 2303 2559 1404 2244 2396
768 2303 2559 1482 2245 2391
1024 2303 2559 1587 2249 2389
1280 2303 2559 1697 2256 2393
1536 2303 2559 1805 2271 2417
1792 2303 2559 1942 2285 2437
2048 2303 2559 2097 2298 2454
2303 2303 2559 2285 2309 2459
2559 2303 2559 2478 2322 2464
2815 2303 2559 2676 2336 2468
3071 2303 2559 2870 2356 2471
3327 2303 2559 3054 2384 2478
3583 2303 2559 3204 2432 2498
3839 2303 2559 3399 2460 2512
4095 2303 2559 3625 2477 2522
0 2559 2559 1474 2484 2437
256 2559 2559 1496 2484 2437
512 2559 2559 1537 2484 2436
768 2559 2559 1608 2485 2435
1024 2559 2559 1705 2488 2436
1280 2559 2559 1808 2494 2439
1536 2559 2559 1912 2508 2450
1792 2559 2559 2033 2523 2462
2048 2559 2559 2165 2539 2476
2303 2559 2559 2348 2549 2479
2559 2559 2559 2535 2560 2483
2815 2559 2559 2728 2572 2487
3071 2559 2559 2926 2586 2493
3327 2559 2559 3116 2606 2502
3583 2559 2559 3266 2647 2532
3839 2559 2559 3455 2674 2547
4095 2559 2559 3670 2692 2554
0 2815 2559 1616 2725 2480
256 2815 2559 1636 2725 2480
512 2815 2559 1673 2725 2481
768 2815 2559 1737 2726 2482
1024 2815 2559 1827 2728 2485
1280 2815 2559 1925 2733 2489
1536 2815 2559 2028 2744 2494
1792 2815 2559 2133 2761 2497
2048 2815 2559 2240 2781 2497
2303 2815 2559 2416 2790 2501
2559 2815 2559 2597 2800 2505
2815 2815 2559 2785 2811 2509
3071 2815 2559 2979 2824 2514
3327 2815 2559 3168 2840 2526
3583 2815 2559 3332 2869 2563
3839 2815 2559 3518 2893 2582
4095 2815 2559 3719 2914 2590
0 3071 2559 1759 2968 2527
256 3071 2559 1776 2968 2527
512 3071 2559 1810 2968 2529
768 3071 2559 1869 2968 2532
1024 3071 2559 1953 2970 2537
1280 3071 2559 2046 2973 2542
1536 3071 2559 2148 2982 2546
1792 3071 2559 2246 2998 2542
2048 3071 2559 2342 3018 2534
2303 3071 2559 2499 3030 2530
2559 3071 2559 2666 3042 2529
2815 3071 2559 2848 3052 2534
3071 3071 2559 3037 3063 2539
3327 3071 2559 3227 3077 2547
3583 3071 2559 3407 3097 2569
3839 3071 2559 3590 3118 2598
4095 3071 2559 3775 3140 2630
0 3327 2559 1902 3211 2576
256 3327 2559 1918 3210 2577
512 3327 2559 1949 3210 2579
768 3327 2559 2002 3211 2583
1024 3327 2559 2081 3212 2590
1280 3327 2559 2170 3215 2596
1536 3327 2559 2270 3221 2600
1792 3327 2559 2365 3235 2594
2048 3327 2559 2456 3254 2580
2303 3327 2559 2588 3271 2563
2559 3327 2559 2737 3284 2555
2815 3327 2559 2914 3293 2560
3071 3327 2559 3099 3304 2564
3327 3327 2559 3287 3315 2570
3583 3327 2559 3481 3328 2575
3839 3327 2559 3662 3346 2613
4095 3327 2559 3834 3367 2673
0 3583 2559 2045 3454 2628
256 3583 2559 2059 3454 2629
512 3583 2559 2088 3454 2632
768 3583 2559 2138 3454 2637
1024 3583 2559 2212 3455 2644
1280 3583 2559 2296 3457 2652
1536 3583 2559 2394 3462 2658
1792 3583 2559 2492 3472 2656
2048 3583 2559 2589 3487 2647
2303 3583 2559 2687 3510 2607
2559 3583 2559 2815 3528 2584
2815 3583 2559 2986 3536 2588
3071 3583 2559 3166 3546 2593
3327 3583 2559 3350 3556 2598
3583 3583 2559 3539 3568 2604
3839 3583 2559 3721 3582 2650
4095 3583 2559 3898 3598 2724
0 3839 2559 2156 3705 2665
256 3839 2559 2168 3705 2666
512 3839 2559 2194 3705 2668
768 3839 2559 2237 3705 2671
1024 3839 2559 2305 3707 2677
1280 3839 2559 2383 3709 2682
1536 3839 2559 2479 3714 2687
1792 3839 2559 2580 3722 2688
2048 3839 2559 2685 3732 2685
2303 3839 2559 2788 3751 2655
2559 3839 2559 2915 3766 2638
2815 3839 2559 3077 3775 2642
3071 3839 2559 3249 3785 2646
3327 3839 2559 3424 3795 2649
3583 3839 2559 3606 3807 2652
3839 3839 2559 3786 3819 2678
4095 3839 2559 3964 3831 2718
0 4095 2559 2245 3960 2692
256 4095 2559 2255 3960 2692
512 4095 2559 2276 3961 2692
768 4095 2559 2313 3963 2693
1024 4095 2559 2373 3966 2694
1280 4095 2559 2443 3969 2696
1536 4095 2559 2536 3973 2698
1792 4095 2559 2641 3979 2700
2048 4095 2559 2757 3985 2703
2303 4095 2559 2890 3993 2706
2559 4095 2559 3031 4001 2709
2815 4095 2559 3181 4010 2712
3071 4095 2559 3341 4021 2714
3327 4095 2559 3506 4032 2715
3583 4095 2559 3678 4045 2714
3839 4095 2559 3854 4055 2699
4095 4095 2559 4032 4064 2675
0 0 2815 406 476 2593
256 0 2815 454 472 2598
512 0 2815 558 476 2596
768 0 2815 744 495 2585
1024 0 2815 947 526 2575
1280 0 2815 1155 561 2566
1536 0 2815 1365 606 2561
1792 0 2815 1575 654 2558
2048 0 2815 1787 706 2557
2303 0 2815 1998 762 2560
2559 0 2815 2211 820 2565
2815 0 2815 2424 881 2571
3071 0 2815 2638 943 2579
3327 0 2815 2852 1005 2588
3583 0 2815 3066 1070 2598
3839 0 2815 3281 1135 2609
4095 0 2815 3497 1200 2621
0 256 2815 400 547 2594
256 256 2815 481 551 2581
512 256 2815 604 563 2559
768 256 2815 789 586 2525
1024 256 2815 978 615 2518
1280 256 2815 1171 646 2518
1536 256 2815 1372 685 2522
1792 256 2815 1577 728 2528
2048 256 2815 1785 774 2534
2303 256 2815 1995 825 2542
2559 256 2815 2206 879 2551
2815 256 2815 2419 935 2561
3071 256 2815 2632 993 2571
3327 256 2815 2846 1052 2582
3583 256 2815 3061 1113 2594
3839 256 2815 3276 1176 2607
4095 256 2815 3492 1239 2620
0 512 2815 437 666 2590
256 512 2815 532 674 2567
512 512 2815 660 689 2533
768 512 2815 839 713 2484
1024 512 2815 1018 740 2466
1280 512 2815 1198 769 2460
1536 512 2815 1388 803 2472
1792 512 2815 1585 841 2486
2048 512 2815 1785 882 2500
2303 512 2815 1992 928 2515
2559 512 2815 2201 976 2530
2815 512 2815 2411 1027 2544
3071 512 2815 2624 1080 2559
3327 512 2815 2838 1135 2574
3583 512 2815 3052 1192 2588
3839 512 2815 3267 1250 2603
4095 512 2815 3483 1308 2618
0 768 2815 541 859 2579
256 768 2815 617 864 2559
512 768 2815 729 874 2525
768 768 2815 897 893 2470
1024 768 2815 1069 921 2422
1280 768 2815 1243 951 2387
1536 768 2815 1417 982 2404
1792 768 2815 1600 1015 2426
2048 768 2815 1790 1050 2451
2303 768 2815 1990 1090 2474
2559 768 2815 2194 1131 2498
2815 768 2815 2401 1175 2519
3071 768 2815 2612 1222 2540
3327 768 2815 2824 1271 2560
3583 768 2815 3038 1321 2579
3839 768 2815 3254 1373 2597
4095 768 2815 3470 1425 2615
0 1024 2815 663 1077 2569
256 1024 2815 724 1081 2553
512 1024 2815 820 1088 2524
768 1024 2815 970 1100 2476
1024 1024 2815 1132 1123 2429
1280 1024 2815 1297 1147 2396
1536 1024 2815 1463 1173 2412
1792 1024 2815 1638 1202 2430
2048 1024 2815 1821 1233 2449
2303 1024 2815 2012 1271 2467
2559 1024 2815 2206 1311 2486
2815 1024 2815 2406 1352 2508
3071 1024 2815 2611 1396 2530
3327 1024 2815 2819 1440 2552
3583 1024 2815 3029 1487 2574
3839 1024 2815 3251 1527 2598
4095 1024 2815 3480 1562 2623
0 1280 2815 791 1304 2562
256 1280 2815 839 1306 2549
512 1280 2815 921 1310 2527
768 1280 2815 1051 1318 2489
1024 1280 2815 1202 1333 2452
1280 1280 2815 1358 1351 2426
1536 1280 2815 1516 1371 2441
1792 1280 2815 1686 1396 2455
2048 1280 2815 1862 1424 2468
2303 1280 2815 2046 1459 2479
2559 1280 2815 2233 1496 2493
2815 1280 2815 2425 1535 2511
3071 1280 2815 2623 1577 2531
3327 1280 2815 2823 1620 2553
3583 1280 2815 3028 1663 2576
3839 1280 2815 3255 1692 2604
4095 1280 2815 3496 1711 2636
0 1536 2815 925 1538 2562
256 1536 2815 965 1539 2553
512 1536 2815 1035 1542 2536
768 1536 2815 1149 1548 2507
1024 1536 2815 1288 1558 2479
1280 1536 2815 1433 1572 2462
1536 1536 2815 1582 1588 2485
1792 1536 2815 1746 1607 2504
2048 1536 2815 1920 1628 2520
2303 1536 2815 2108 1653 2539
2559 1536 2815 2296 1681 2553
2815 1536 2815 2485 1716 2560
3071 1536 2815 2671 1759 2567
3327 1536 2815 2858 1803 2576
3583 1536 2815 3054 1846 2595
3839 1536 2815 3279 1872 2622
4095 1536 2815 3522 1887 2653
0 1792 2815 1061 1775 2571
256 1792 2815 1095 1775 2564
512 1792 2815 1155 1777 2552
768 1792 2815 1256 1781 2531
1024 1792 2815 1383 1788 2511
1280 1792 2815 1518 1798 2501
1536 1792 2815 1656 1812 2526
1792 1792 2815 1812 1828 2553
2048 1792 2815 1979 1844 2580
2303 1792 2815 2169 1861 2600
2559 1792 2815 2361 1882 2614
2815 1792 2815 2554 1908 2616
3071 1792 2815 2737 1946 2615
3327 1792 2815 2917 1989 2615
3583 1792 2815 3096 2036 2625
3839 1792 2815 3312 2062 2646
4095 1792 2815 3552 2075 2674
0 2048 2815 1199 2012 2585
256 2048 2815 1227 2013 2580
512 2048 2815 1280 2014 2572
768 2048 2815 1368 2016 2559
1024 2048 2815 1485 2021 2546
1280 2048 2815 1609 2029 2542
1536 2048 2815 1736 2042 2565
1792 2048 2815 1881 2055 2602
2048 2048 2815 2038 2067 2647
2303 2048 2815 2230 2079 2663
2559 2048 2815 2427 2092 2674
2815 2048 2815 2630 2108 2678
3071 2048 2815 2816 2138 2671
3327 2048 2815 2992 2176 2662
3583 2048 2815 3148 2229 2661
3839 2048 2815 3351 2259 2673
4095 2048 2815 3585 2273 2696
0 2303 2815 1338 2251 2611
256 2303 2815 1364 2251 2609
512 2303 2815 1410 2252 2603
768 2303 2815 1490 2253 2595
1024 2303 2815 1597 2258 2588
1280 2303 2815 1713 2264 2585
1536 2303 2815 1832 2276 2602
1792 2303 2815 1963 2289 2634
2048 2303 2815 2101 2304 2676
2303 2303 2815 2288 2315 2683
2559 2303 2815 2480 2327 2690
2815 2303 2815 2678 2341 2694
3071 2303 2815 2873 2362 2694
3327 2303 2815 3058 2390 2694
3583 2303 2815 3206 2439 2696
3839 2303 2815 3401 2468 2707
4095 2303 2815 3627 2483 2724
0 2559 2815 1479 2491 2642
256 2559 2815 1501 2491 2641
512 2559 2815 1543 2492 2638
768 2559 2815 1614 2492 2634
1024 2559 2815 1713 2496 2631
1280 2559 2815 1821 2501 2631
1536 2559 2815 1934 2512 2642
1792 2559 2815 2050 2526 2667
2048 2559 2815 2168 2543 2701
2303 2559 2815 2350 2554 2704
2559 2559 2815 2537 2565 2707
2815 2559 2815 2730 2577 2711
3071 2559 2815 2928 2591 2716
3327 2559 2815 3118 2612 2721
3583 2559 2815 3267 2654 2731
3839 2559 2815 3456 2682 2742
4095 2559 2815 3672 2699 2754
0 2815 2815 1621 2732 2680
256 2815 2815 1641 2732 2679
512 2815 2815 1678 2732 2679
768 2815 2815 1743 2733 2677
1024 2815 2815 1834 2735 2678
1280 2815 2815 1935 2739 2679
1536 2815 2815 2043 2748 2686
1792 2815 2815 2145 2765 2701
2048 2815 2815 2243 2785 2720
2303 2815 2815 2418 2794 2723
2559 2815 2815 2599 2804 2727
2815 2815 2815 2787 2816 2731
3071 2815 2815 2981 2828 2735
3327 2815 2815 3170 2845 2743
3583 2815 2815 3332 2876 2764
3839 2815 2815 3518 2900 2778
4095 2815 2815 3721 2919 2787
0 3071 2815 1764 2974 2723
256 3071 2815 1781 2974 2723
512 3071 2815 1816 2974 2724
768 3071 2815 1874 2974 2724
1024 3071 2815 1960 2976 2727
1280 3071 2815 2054 2979 2730
1536 3071 2815 2159 2987 2736
1792 3071 2815 2257 3002 2742
2048 3071 2815 2350 3022 2749
2303 3071 2815 2503 3034 2748
2559 3071 2815 2668 3046 2749
2815 3071 2815 2850 3056 2753
3071 3071 2815 3039 3067 2757
3327 3071 2815 3228 3081 2764
3583 3071 2815 3408 3102 2778
3839 3071 2815 3591 3123 2799
4095 3071 2815 3777 3145 2824
0 3327 2815 1906 3216 2768
256 3327 2815 1922 3216 2769
512 3327 2815 1954 3216 2771
768 3327 2815 2007 3216 2773
1024 3327 2815 2087 3217 2777
1280 3327 2815 2176 3220 2782
1536 3327 2815 2278 3226 2787
1792 3327 2815 2374 3239 2788
2048 3327 2815 2467 3256 2785
2303 3327 2815 2593 3274 2776
2559 3327 2815 2740 3288 2773
2815 3327 2815 2916 3297 2776
3071 3327 2815 3101 3308 2781
3327 3327 2815 3289 3319 2785
3583 3327 2815 3483 3331 2791
3839 3327 2815 3663 3350 2819
4095 3327 2815 3835 3372 2864
0 3583 2815 2049 3459 2818
256 3583 2815 2064 3459 2819
512 3583 2815 2092 3459 2821
768 3583 2815 2142 3459 2824
1024 3583 2815 2217 3460 2830
1280 3583 2815 2301 3461 2836
1536 3583 2815 2400 3466 2842
1792 3583 2815 2498 3477 2843
2048 3583 2815 2595 3490 2841
2303 3583 2815 2691 3514 2813
2559 3583 2815 2817 3531 2799
2815 3583 2815 2988 3540 2802
3071 3583 2815 3168 3549 2807
3327 3583 2815 3351 3560 2811
3583 3583 2815 3541 3571 2817
3839 3583 2815 3723 3586 2852
4095 3583 2815 3900 3603 2908
0 3839 2815 2160 3708 2857
256 3839 2815 2173 3709 2857
512 3839 2815 2198 3709 2859
768 3839 2815 2242 3710 2862
1024 3839 2815 2310 3711 2866
1280 3839 2815 2388 3713 2871
1536 3839 2815 2483 3718 2875
1792 3839 2815 2584 3725 2877
2048 3839 2815 2689 3735 2877
2303 3839 2815 2792 3754 2856
2559 3839 2815 2918 3769 2846
2815 3839 2815 3080 3778 2849
3071 3839 2815 3251 3788 2853
3327 3839 2815 3426 3798 2857
3583 3839 2815 3608 3810 2860
3839 3839 2815 3788 3822 2879
4095 3839 2815 3966 3835 2909
0 4095 2815 2250 3963 2888
256 4095 2815 2261 3963 2889
512 4095 2815 2282 3964 2889
768 4095 2815 2318 3966 2890
1024 4095 2815 2378 3969 2891
1280 4095 2815 2449 3972 2893
1536 4095 2815 2540 3976 2895
1792 4095 2815 2646 3982 2897
2048 4095 2815 2760 3988 2900
2303 4095 2815 2894 3995 2903
2559 4095 2815 3034 4004 2907
2815 4095 2815 3184 4013 2910
3071 4095 2815 3343 4024 2913
3327 4095 2815 3508 4035 2916
3583 4095 2815 3680 4048 2915
3839 4095 2815 3856 4058 2902
4095 4095 2815 4034 4068 2881
0 0 3071 442 519 2826
256 0 3071 486 515 2831
512 0 3071 583 518 2831
768 0 3071 759 533 2822
1024 0 3071 958 561 2812
1280 0 3071 1165 595 2803
1536 0 3071 1374 636 2796
1792 0 3071 1584 682 2792
2048 0 3071 1795 731 2790
2303 0 3071 2006 786 2791
2559 0 3071 2218 842 2794
2815 0 3071 2431 900 2799
3071 0 3071 2644 961 2805
3327 0 3071 2858 1023 2813
3583 0 3071 3072 1086 2822
3839 0 3071 3287 1150 2832
4095 0 3071 3502 1214 2843
0 256 3071 429 583 2830
256 256 3071 506 587 2818
512 256 3071 625 598 2798
768 256 3071 804 619 2767
1024 256 3071 992 645 2758
1280 256 3071 1184 675 2755
1536 256 3071 1385 712 2757
1792 256 3071 1589 753 2760
2048 256 3071 1795 797 2765
2303 256 3071 2004 847 2771
2559 256 3071 2215 899 2778
2815 256 3071 2427 953 2786
3071 256 3071 2640 1010 2796
3327 256 3071 2853 1069 2806
3583 256 3071 3067 1129 2817
3839 256 3071 3282 1190 2828
4095 256 3071 3497 1252 2840
0 512 3071 461 695 2828
256 512 3071 551 703 2806
512 512 3071 677 717 2774
768 512 3071 855 740 2728
1024 512 3071 1034 766 2705
1280 512 3071 1215 795 2694
1536 512 3071 1404 827 2702
1792 512 3071 1599 864 2713
2048 512 3071 1798 903 2726
2303 512 3071 2004 948 2740
2559 512 3071 2211 994 2753
2815 512 3071 2421 1044 2767
3071 512 3071 2633 1096 2780
3327 512 3071 2845 1150 2794
3583 512 3071 3059 1206 2808
3839 512 3071 3274 1263 2822
4095 512 3071 3489 1321 2836
0 768 3071 560 880 2817
256 768 3071 633 885 2798
512 768 3071 745 896 2765
768 768 3071 913 914 2711
1024 768 3071 1088 942 2656
1280 768 3071 1265 973 2614
1536 768 3071 1437 1003 2626
1792 768 3071 1619 1035 2644
2048 768 3071 1806 1069 2668
2303 768 3071 2005 1107 2692
2559 768 3071 2207 1148 2714
2815 768 3071 2413 1191 2736
3071 768 3071 2622 1237 2756
3327 768 3071 2833 1284 2775
3583 768 3071 3046 1334 2793
3839 768 3071 3261 1385 2811
4095 768 3071 3476 1437 2829
0 1024 3071 678 1094 2806
256 1024 3071 738 1098 2790
512 1024 3071 835 1105 2762
768 1024 3071 985 1118 2713
1024 1024 3071 1151 1141 2660
1280 1024 3071 1319 1166 2617
1536 1024 3071 1483 1192 2623
1792 1024 3071 1657 1221 2637
2048 1024 3071 1837 1251 2657
2303 1024 3071 2026 1288 2675
2559 1024 3071 2220 1327 2694
2815 1024 3071 2418 1367 2715
3071 1024 3071 2622 1410 2738
3327 1024 3071 2828 1454 2761
3583 1024 3071 3038 1499 2782
3839 1024 3071 3257 1539 2808
4095 1024 3071 3484 1575 2835
0 1280 3071 804 1318 2797
256 1280 3071 852 1320 2784
512 1280 3071 933 1324 2761
768 1280 3071 1065 1333 2722
1024 1280 3071 1219 1348 2677
1280 1280 3071 1378 1367 2641
1536 1280 3071 1536 1389 2642
1792 1280 3071 1703 1414 2650
2048 1280 3071 1876 1442 2664
2303 1280 3071 2058 1476 2676
2559 1280 3071 2244 1513 2690
2815 1280 3071 2435 1551 2709
3071 1280 3071 2632 1592 2731
3327 1280 3071 2832 1633 2754
3583 1280 3071 3037 1675 2777
3839 1280 3071 3261 1705 2809
4095 1280 3071 3499 1725 2845
0 1536 3071 936 1550 2794
256 1536 3071 976 1552 2784
512 1536 3071 1046 1555 2766
768 1536 3071 1162 1560 2735
1024 1536 3071 1303 1572 2700
1280 1536 3071 1452 1585 2673
1536 1536 3071 1602 1603 2676
1792 1536 3071 1764 1624 2686
2048 1536 3071 1932 1646 2700
2303 1536 3071 2113 1673 2717
2559 1536 3071 2297 1703 2732
2815 1536 3071 2484 1737 2744
3071 1536 3071 2673 1776 2757
3327 1536 3071 2863 1817 2772
3583 1536 3071 3060 1859 2792
3839 1536 3071 3283 1885 2823
4095 1536 3071 3524 1898 2861
0 1792 3071 1071 1785 2798
256 1792 3071 1104 1786 2791
512 1792 3071 1165 1788 2777
768 1792 3071 1267 1792 2753
1024 1792 3071 1397 1800 2727
1280 1792 3071 1535 1810 2707
1536 1792 3071 1678 1825 2713
1792 1792 3071 1832 1842 2727
2048 1792 3071 1993 1860 2748
2303 1792 3071 2173 1881 2765
2559 1792 3071 2356 1905 2779
2815 1792 3071 2544 1933 2789
3071 1792 3071 2729 1968 2797
3327 1792 3071 2914 2006 2806
3583 1792 3071 3098 2049 2818
3839 1792 3071 3315 2074 2845
4095 1792 3071 3554 2086 2881
0 2048 3071 1207 2022 2807
256 2048 3071 1236 2023 2802
512 2048 3071 1289 2024 2792
768 2048 3071 1378 2026 2775
1024 2048 3071 1497 2032 2757
1280 2048 3071 1625 2039 2743
1536 2048 3071 1759 2052 2750
1792 2048 3071 1905 2066 2771
2048 2048 3071 2057 2080 2802
2303 2048 3071 2236 2097 2817
2559 2048 3071 2420 2115 2830
2815 2048 3071 2610 2135 2840
3071 2048 3071 2797 2163 2846
3327 2048 3071 2979 2197 2850
3583 2048 3071 3148 2243 2852
3839 2048 3071 3355 2269 2871
4095 2048 3071 3587 2282 2902
0 2303 3071 1346 2260 2828
256 2303 3071 1371 2260 2824
512 2303 3071 1418 2261 2818
768 2303 3071 1498 2263 2806
1024 2303 3071 1608 2267 2794
1280 2303 3071 1727 2273 2785
1536 2303 3071 1853 2284 2791
1792 2303 3071 1988 2297 2811
2048 2303 3071 2127 2312 2841
2303 2303 3071 2301 2327 2852
2559 2303 3071 2481 2342 2864
2815 2303 3071 2668 2359 2875
3071 2303 3071 2861 2379 2887
3327 2303 3071 3048 2405 2895
3583 2303 3071 3207 2450 2891
3839 2303 3071 3405 2477 2904
4095 2303 3071 3629 2492 2929
0 2559 3071 1486 2499 2854
256 2559 3071 1508 2500 2852
512 2559 3071 1550 2500 2847
768 2559 3071 1622 2501 2840
1024 2559 3071 1723 2504 2833
1280 2559 3071 1833 2509 2828
1536 2559 3071 1953 2518 2833
1792 2559 3071 2075 2532 2852
2048 2559 3071 2198 2547 2880
2303 2559 3071 2367 2560 2891
2559 2559 3071 2542 2574 2902
2815 2559 3071 2728 2588 2912
3071 2559 3071 2924 2602 2924
3327 2559 3071 3113 2622 2934
3583 2559 3071 3268 2663 2929
3839 2559 3071 3459 2689 2939
4095 2559 3071 3674 2706 2957
0 2815 3071 1627 2740 2886
256 2815 3071 1646 2740 2885
512 2815 3071 1684 2740 2883
768 2815 3071 1749 2741 2879
1024 2815 3071 1842 2743 2876
1280 2815 3071 1945 2747 2874
1536 2815 3071 2059 2755 2878
1792 2815 3071 2167 2769 2894
2048 2815 3071 2271 2787 2919
2303 2815 3071 2431 2798 2935
2559 2815 3071 2602 2810 2947
2815 2815 3071 2789 2821 2951
3071 2815 3071 2982 2834 2957
3327 2815 3071 3171 2851 2962
3583 2815 3071 3334 2882 2966
3839 2815 3071 3521 2907 2975
4095 2815 3071 3723 2926 2988
0 3071 3071 1769 2981 2925
256 3071 3071 1787 2981 2924
512 3071 3071 1821 2981 2924
768 3071 3071 1880 2981 2922
1024 3071 3071 1967 2983 2922
1280 3071 3071 2063 2986 2922
1536 3071 3071 2172 2993 2926
1792 3071 3071 2275 3006 2937
2048 3071 3071 2374 3023 2952
2303 3071 3071 2514 3037 2964
2559 3071 3071 2671 3050 2972
2815 3071 3071 2853 3060 2976
3071 3071 3071 3042 3072 2980
3327 3071 3071 3230 3086 2984
3583 3071 3071 3410 3107 2990
3839 3071 3071 3593 3129 3003
4095 3071 3071 3779 3151 3023
0 3327 3071 1911 3222 2966
256 3327 3071 1927 3222 2966
512 3327 3071 1958 3222 2967
768 3327 3071 2013 3222 2968
1024 3327 3071 2093 3224 2969
1280 3327 3071 2183 3226 2972
1536 3327 3071 2287 3232 2976
1792 3327 3071 2388 3243 2981
2048 3327 3071 2487 3258 2986
2303 3327 3071 2602 3277 2990
2559 3327 3071 2742 3292 2994
2815 3327 3071 2919 3301 2997
3071 3327 3071 3103 3312 3001
3327 3327 3071 3291 3323 3005
3583 3327 3071 3484 3335 3010
3839 3327 3071 3665 3354 3030
4095 3327 3071 3838 3378 3060
0 3583 3071 2054 3464 3012
256 3583 3071 2068 3464 3013
512 3583 3071 2097 3464 3014
768 3583 3071 2147 3464 3016
1024 3583 3071 2222 3465 3020
1280 3583 3071 2308 3467 3024
1536 3583 3071 2408 3472 3029
1792 3583 3071 2508 3481 3033
2048 3583 3071 2608 3493 3035
2303 3583 3071 2698 3517 3023
2559 3583 3071 2821 3535 3018
2815 3583 3071 2991 3544 3021
3071 3583 3071 3170 3553 3025
3327 3583 3071 3353 3564 3029
3583 3583 3071 3543 3575 3034
3839 3583 3071 3725 3590 3060
4095 3583 3071 3902 3608 3100
0 3839 3071 2166 3713 3053
256 3839 3071 2179 3713 3053
512 3839 3071 2204 3714 3054
768 3839 3071 2248 3714 3056
1024 3839 3071 2316 3716 3059
1280 3839 3071 2394 3718 3063
1536 3839 3071 2490 3722 3067
1792 3839 3071 2592 3730 3070
2048 3839 3071 2697 3739 3072
2303 3839 3071 2797 3758 3063
2559 3839 3071 2922 3773 3058
2815 3839 3071 3083 3781 3061
3071 3839 3071 3253 3791 3065
3327 3839 3071 3428 3802 3069
3583 3839 3071 3610 3813 3073
3839 3839 3071 3790 3826 3087
4095 3839 3071 3969 3840 3108
0 4095 3071 2258 3966 3089
256 4095 3071 2268 3967 3089
512 4095 3071 2289 3968 3090
768 4095 3071 2326 3969 3091
1024 4095 3071 2385 3972 3092
1280 4095 3071 2455 3975 3094
1536 4095 3071 2546 3980 3096
1792 4095 3071 2652 3985 3099
2048 4095 3071 2766 3991 3102
2303 4095 3071 2899 3999 3105
2559 4095 3071 3039 4007 3109
2815 4095 3071 3188 4016 3113
3071 4095 3071 3347 4027 3117
3327 4095 3071 3511 4038 3120
3583 4095 3071 3683 4051 3121
3839 4095 3071 3859 4063 3111
4095 4095 3071 4039 4074 3094
0 0 3327 478 561 3059
256 0 3327 519 558 3065
512 0 3327 609 561 3066
768 0 3327 774 572 3059
1024 0 3327 970 598 3050
1280 0 3327 1175 628 3041
1536 0 3327 1384 667 3033
1792 0 3327 1594 711 3027
2048 0 3327 1804 758 3023
2303 0 3327 2015 810 3023
2559 0 3327 2226 864 3024
2815 0 3327 2438 921 3027
3071 0 3327 2651 980 3032
3327 0 3327 2865 1040 3038
3583 0 3327 3078 1102 3046
3839 0 3327 3292 1165 3055
4095 0 3327 3507 1229 3065
0 256 3327 458 619 3065
256 256 3327 532 623 3054
512 256 3327 645 633 3037
768 256 3327 819 652 3009
1024 256 3327 1006 677 2998
1280 256 3327 1197 705 2992
1536 256 3327 1397 740 2992
1792 256 3327 1600 779 2994
2048 256 3327 1806 821 2996
2303 256 3327 2014 870 3001
2559 256 3327 2224 920 3006
2815 256 3327 2435 973 3013
3071 256 3327 2647 1029 3021
3327 256 3327 2860 1086 3030
3583 256 3327 3074 1145 3040
3839 256 3327 3288 1205 3050
4095 256 3327 3502 1266 3061
0 512 3327 484 725 3065
256 512 3327 571 732 3045
512 512 3327 694 745 3015
768 512 3327 870 767 2971
1024 512 3327 1050 792 2947
1280 512 3327 1232 820 2931
1536 512 3327 1419 851 2936
1792 512 3327 1613 887 2945
2048 512 3327 1812 925 2955
2303 512 3327 2016 968 2966
2559 512 3327 2222 1014 2978
2815 512 3327 2431 1062 2990
3071 512 3327 2641 1113 3003
3327 512 3327 2853 1166 3015
3583 512 3327 3066 1221 3028
3839 512 3327 3280 1278 3041
4095 512 3327 3495 1335 3055
0 768 3327 579 903 3054
256 768 3327 650 908 3037
512 768 3327 760 918 3005
768 768 3327 928 936 2952
1024 768 3327 1106 963 2896
1280 768 3327 1285 993 2851
1536 768 3327 1457 1023 2857
1792 768 3327 1637 1054 2871
2048 768 3327 1823 1087 2892
2303 768 3327 2020 1125 2913
2559 768 3327 2220 1165 2933
2815 768 3327 2425 1207 2953
3071 768 3327 2633 1252 2973
3327 768 3327 2843 1299 2991
3583 768 3327 3054 1348 3009
3839 768 3327 3268 1399 3027
4095 768 3327 3482 1450 3044
0 1024 3327 694 1112 3043
256 1024 3327 753 1116 3028
512 1024 3327 849 1123 3000
768 1024 3327 1000 1136 2952
1024 1024 3327 1168 1158 2896
1280 1024 3327 1338 1183 2849
1536 1024 3327 1503 1209 2850
1792 1024 3327 1675 1238 2859
2048 1024 3327 1854 1268 2875
2303 1024 3327 2042 1303 2892
2559 1024 3327 2235 1341 2909
2815 1024 3327 2432 1381 2929
3071 1024 3327 2634 1423 2950
3327 1024 3327 2839 1466 2972
3583 1024 3327 3047 1512 2993
3839 1024 3327 3265 1552 3018
4095 1024 3327 3488 1589 3047
0 1280 3327 817 1332 3033
256 1280 3327 865 1334 3020
512 1280 3327 946 1339 2996
768 1280 3327 1079 1348 2956
1024 1280 3327 1234 1364 2909
1280 1280 3327 1395 1382 2869
1536 1280 3327 1554 1404 2864
1792 1280 3327 1721 1429 2867
2048 1280 3327 1893 1457 2875
2303 1280 3327 2074 1490 2886
2559 1280 3327 2259 1526 2899
2815 1280 3327 2448 1564 2916
3071 1280 3327 2644 1604 2937
3327 1280 3327 2844 1644 2960
3583 1280 3327 3047 1687 2982
3839 1280 3327 3268 1717 3015
4095 1280 3327 3501 1739 3054
0 1536 3327 947 1563 3027
256 1536 3327 987 1564 3017
512 1536 3327 1058 1567 2998
768 1536 3327 1174 1574 2965
1024 1536 3327 1317 1585 2927
1280 1536 3327 1467 1599 2893
1536 1536 3327 1620 1617 2887
1792 1536 3327 1781 1638 2890
2048 1536 3327 1946 1662 2899
2303 1536 3327 2123 1690 2910
2559 1536 3327 2303 1721 2922
2815 1536 3327 2488 1755 2937
3071 1536 3327 2679 1792 2955
3327 1536 3327 2872 1830 2974
3583 1536 3327 3068 1871 2993
3839 1536 3327 3289 1896 3026
4095 1536 3327 3526 1911 3070
0 1792 3327 1081 1796 3027
256 1792 3327 1114 1797 3019
512 1792 3327 1176 1799 3004
768 1792 3327 1278 1804 2978
1024 1792 3327 1410 1812 2948
1280 1792 3327 1550 1823 2922
1536 1792 3327 1696 1838 2916
1792 1792 3327 1849 1855 2919
2048 1792 3327 2009 1875 2928
2303 1792 3327 2180 1900 2939
2559 1792 3327 2356 1926 2951
2815 1792 3327 2537 1956 2966
3071 1792 3327 2725 1988 2983
3327 1792 3327 2915 2022 3001
3583 1792 3327 3104 2061 3015
3839 1792 3327 3321 2085 3046
4095 1792 3327 3556 2097 3088
0 2048 3327 1216 2032 3032
256 2048 3327 1245 2033 3026
512 2048 3327 1298 2034 3014
768 2048 3327 1388 2037 2995
1024 2048 3327 1508 2043 2972
1280 2048 3327 1638 2050 2953
1536 2048 3327 1777 2063 2948
1792 2048 3327 1924 2078 2951
2048 2048 3327 2077 2094 2960
2303 2048 3327 2243 2115 2972
2559 2048 3327 2415 2138 2985
2815 2048 3327 2593 2163 3001
3071 2048 3327 2779 2189 3019
3327 2048 3327 2966 2218 3037
3583 2048 3327 3149 2256 3045
3839 2048 3327 3360 2279 3071
4095 2048 3327 3590 2292 3109
0 2303 3327 1354 2269 3048
256 2303 3327 1379 2270 3043
512 2303 3327 1426 2271 3035
768 2303 3327 1507 2272 3020
1024 2303 3327 1618 2277 3004
1280 2303 3327 1739 2283 2989
1536 2303 3327 1870 2293 2987
1792 2303 3327 2010 2306 2994
2048 2303 3327 2154 2321 3005
2303 2303 3327 2316 2339 3019
2559 2303 3327 2484 2358 3034
2815 2303 3327 2660 2378 3051
3071 2303 3327 2850 2398 3073
3327 2303 3327 3038 2422 3090
3583 2303 3327 3208 2462 3085
3839 2303 3327 3409 2486 3102
4095 2303 3327 3631 2501 3134
0 2559 3327 1493 2508 3068
256 2559 3327 1515 2508 3065
512 2559 3327 1557 2509 3059
768 2559 3327 1630 2510 3049
1024 2559 3327 1732 2513 3038
1280 2559 3327 1844 2518 3029
1536 2559 3327 1968 2526 3029
1792 2559 3327 2098 2538 3038
2048 2559 3327 2231 2552 3055
2303 2559 3327 2386 2568 3072
2559 2559 3327 2550 2584 3089
2815 2559 3327 2727 2600 3104
3071 2559 3327 2918 2615 3123
3327 2559 3327 3106 2635 3137
3583 2559 3327 3269 2673 3125
3839 2559 3327 3463 2698 3136
4095 2559 3327 3676 2714 3161
0 2815 3327 1633 2748 3095
256 2815 3327 1653 2748 3093
512 2815 3327 1691 2748 3090
768 2815 3327 1756 2749 3083
1024 2815 3327 1850 2751 3076
1280 2815 3327 1955 2755 3071
1536 2815 3327 2073 2762 3072
1792 2815 3327 2189 2774 3087
2048 2815 3327 2305 2788 3110
2303 2815 3327 2450 2802 3136
2559 2815 3327 2611 2816 3154
2815 2815 3327 2793 2829 3160
3071 2815 3327 2982 2842 3167
3327 2815 3327 3169 2860 3171
3583 2815 3327 3336 2891 3165
3839 2815 3327 3524 2914 3173
4095 2815 3327 3726 2933 3191
0 3071 3327 1774 2988 3129
256 3071 3327 1792 2988 3128
512 3071 3327 1827 2988 3126
768 3071 3327 1886 2989 3123
1024 3071 3327 1974 2990 3119
1280 3071 3327 2072 2993 3117
1536 3071 3327 2184 2999 3119
1792 3071 3327 2294 3010 3130
2048 3071 3327 2404 3024 3148
2303 3071 3327 2532 3040 3170
2559 3071 3327 2681 3054 3185
2815 3071 3327 2859 3065 3189
3071 3071 3327 3045 3078 3194
3327 3071 3327 3231 3092 3198
3583 3071 3327 3411 3113 3199
3839 3071 3327 3595 3135 3208
4095 3071 3327 3781 3157 3224
0 3327 3327 1916 3229 3167
256 3327 3327 1932 3229 3166
512 3327 3327 1964 3229 3166
768 3327 3327 2018 3229 3165
1024 3327 3327 2099 3230 3164
1280 3327 3327 2191 3233 3164
1536 3327 3327 2298 3238 3167
1792 3327 3327 2404 3247 3174
2048 3327 3327 2510 3260 3184
2303 3327 3327 2619 3279 3198
2559 3327 3327 2754 3295 3208
2815 3327 3327 2927 3305 3212
3071 3327 3327 3108 3316 3217
3327 3327 3327 3293 3328 3223
3583 3327 3327 3486 3340 3229
3839 3327 3327 3667 3360 3242
4095 3327 3327 3840 3383 3258
0 3583 3327 2059 3470 3209
256 3583 3327 2073 3470 3209
512 3583 3327 2102 3470 3210
768 3583 3327 2152 3471 3210
1024 3583 3327 2228 3472 3212
1280 3583 3327 2314 3473 3214
1536 3583 3327 2416 3477 3217
1792 3583 3327 2519 3486 3223
2048 3583 3327 2624 3497 3229
2303 3583 3327 2711 3520 3232
2559 3583 3327 2830 3538 3235
2815 3583 3327 2995 3547 3239
3071 3583 3327 3173 3557 3243
3327 3583 3327 3356 3568 3248
3583 3583 3327 3545 3579 3253
3839 3583 3327 3727 3595 3270
4095 3583 3327 3904 3613 3296
0 3839 3327 2172 3718 3251
256 3839 3327 2185 3718 3251
512 3839 3327 2210 3719 3252
768 3839 3327 2254 3719 3253
1024 3839 3327 2322 3721 3255
1280 3839 3327 2401 3723 3257
1536 3839 3327 2497 3727 3261
1792 3839 3327 2600 3734 3265
2048 3839 3327 2708 3743 3269
2303 3839 3327 2807 3761 3269
2559 3839 3327 2929 3776 3271
2815 3839 3327 3087 3785 3275
3071 3839 3327 3256 3795 3279
3327 3839 3327 3431 3805 3283
3583 3839 3327 3612 3817 3287
3839 3839 3327 3793 3831 3297
4095 3839 3327 3973 3846 3310
0 4095 3327 2266 3970 3291
256 4095 3327 2277 3970 3291
512 4095 3327 2298 3971 3292
768 4095 3327 2334 3973 3293
1024 4095 3327 2393 3976 3294
1280 4095 3327 2462 3979 3296
1536 4095 3327 2554 3983 3299
1792 4095 3327 2658 3989 3302
2048 4095 3327 2772 3995 3305
2303 4095 3327 2905 4002 3309
2559 4095 3327 3044 4011 3313
2815 4095 3327 3193 4020 3317
3071 4095 3327 3351 4030 3322
3327 4095 3327 3514 4042 3326
3583 4095 3327 3686 4054 3329
3839 4095 3327 3863 4067 3323
4095 4095 3327 4044 4081 3310
0 0 3583 514 604 3291
256 0 3583 552 601 3297
512 0 3583 636 603 3300
768 0 3583 790 612 3296
1024 0 3583 982 635 3288
1280 0 3583 1185 664 3278
1536 0 3583 1394 700 3269
1792 0 3583 1603 742 3263
2048 0 3583 1813 786 3257
2303 0 3583 2023 836 3256
2559 0 3583 2235 889 3255
2815 0 3583 2447 944 3257
3071 0 3583 2659 1001 3261
3327 0 3583 2872 1060 3266
3583 0 3583 3085 1121 3273
3839 0 3583 3299 1182 3280
4095 0 3583 3513 1245 3289
0 256 3583 488 656 3300
256 256 3583 558 660 3291
512 256 3583 667 669 3275
768 256 3583 834 686 3251
1024 256 3583 1019 709 3239
1280 256 3583 1210 736 3231
1536 256 3583 1409 769 3229
1792 256 3583 1612 807 3229
2048 256 3583 1817 847 3229
2303 256 3583 2024 894 3233
2559 256 3583 2234 943 3237
2815 256 3583 2444 994 3242
3071 256 3583 2656 1049 3249
3327 256 3583 2868 1104 3256
3583 256 3583 3081 1162 3265
3839 256 3583 3295 1222 3274
4095 256 3583 3508 1282 3284
0 512 3583 508 756 3302
256 512 3583 592 763 3283
512 512 3583 711 775 3256
768 512 3583 885 795 3215
1024 512 3583 1064 820 3192
1280 512 3583 1245 846 3177
1536 512 3583 1433 875 3180
1792 512 3583 1627 909 3185
2048 512 3583 1825 946 3190
2303 512 3583 2028 989 3198
2559 512 3583 2233 1034 3206
2815 512 3583 2441 1082 3216
3071 512 3583 2651 1132 3227
3327 512 3583 2862 1184 3239
3583 512 3583 3074 1238 3251
3839 512 3583 3288 1293 3263
4095 512 3583 3501 1350 3275
0 768 3583 599 927 3292
256 768 3583 668 932 3275
512 768 3583 777 941 3245
768 768 3583 944 959 3195
1024 768 3583 1119 984 3149
1280 768 3583 1296 1010 3114
1536 768 3583 1471 1037 3118
1792 768 3583 1653 1068 3125
2048 768 3583 1841 1102 3134
2303 768 3583 2036 1141 3145
2559 768 3583 2235 1182 3159
2815 768 3583 2438 1224 3175
3071 768 3583 2644 1269 3192
3327 768 3583 2853 1315 3210
3583 768 3583 3064 1363 3228
3839 768 3583 3276 1413 3245
4095 768 3583 3489 1465 3261
0 1024 3583 711 1131 3281
256 1024 3583 769 1135 3266
512 1024 3583 864 1142 3238
768 1024 3583 1015 1155 3191
1024 1024 3583 1180 1176 3146
1280 1024 3583 1348 1198 3111
1536 1024 3583 1515 1221 3114
1792 1024 3583 1691 1248 3119
2048 1024 3583 1872 1277 3127
2303 1024 3583 2062 1313 3136
2559 1024 3583 2255 1350 3148
2815 1024 3583 2452 1390 3161
3071 1024 3583 2652 1432 3177
3327 1024 3583 2855 1476 3193
3583 1024 3583 3060 1524 3209
3839 1024 3583 3273 1566 3232
4095 1024 3583 3493 1604 3259
0 1280 3583 831 1348 3270
256 1280 3583 878 1350 3257
512 1280 3583 960 1355 3234
768 1280 3583 1092 1364 3193
1024 1280 3583 1245 1379 3154
1280 1280 3583 1404 1396 3124
1536 1280 3583 1564 1415 3125
1792 1280 3583 1734 1438 3128
2048 1280 3583 1910 1463 3134
2303 1280 3583 2095 1494 3141
2559 1280 3583 2282 1528 3149
2815 1280 3583 2474 1565 3159
3071 1280 3583 2669 1606 3171
3327 1280 3583 2865 1648 3183
3583 1280 3583 3063 1695 3197
3839 1280 3583 3278 1730 3225
4095 1280 3583 3504 1755 3263
0 1536 3583 960 1576 3262
256 1536 3583 1000 1578 3252
512 1536 3583 1070 1581 3232
768 1536 3583 1187 1588 3199
1024 1536 3583 1327 1599 3166
1280 1536 3583 1475 1612 3140
1536 1536 3583 1628 1628 3141
1792 1536 3583 1791 1647 3145
2048 1536 3583 1961 1669 3150
2303 1536 3583 2141 1696 3157
2559 1536 3583 2324 1725 3165
2815 1536 3583 2511 1757 3175
3071 1536 3583 2702 1794 3185
3327 1536 3583 2895 1832 3197
3583 1536 3583 3089 1875 3210
3839 1536 3583 3303 1905 3239
4095 1536 3583 3529 1926 3278
0 1792 3583 1092 1808 3259
256 1792 3583 1125 1809 3251
512 1792 3583 1187 1812 3235
768 1792 3583 1290 1816 3208
1024 1792 3583 1419 1825 3181
1280 1792 3583 1557 1835 3160
1536 1792 3583 1702 1849 3161
1792 1792 3583 1858 1865 3164
2048 1792 3583 2021 1883 3170
2303 1792 3583 2195 1907 3177
2559 1792 3583 2374 1932 3185
2815 1792 3583 2557 1960 3195
3071 1792 3583 2744 1992 3205
3327 1792 3583 2933 2026 3217
3583 1792 3583 3123 2065 3228
3839 1792 3583 3334 2092 3256
4095 1792 3583 3559 2110 3296
0 2048 3583 1226 2043 3260
256 2048 3583 1254 2043 3254
512 2048 3583 1308 2045 3241
768 2048 3583 1399 2048 3220
1024 2048 3583 1517 2054 3199
1280 2048 3583 1645 2062 3182
1536 2048 3583 1782 2074 3183
1792 2048 3583 1930 2088 3187
2048 2048 3583 2086 2104 3192
2303 2048 3583 2255 2124 3200
2559 2048 3583 2428 2146 3208
2815 2048 3583 2607 2170 3218
3071 2048 3583 2791 2198 3229
3327 2048 3583 2977 2228 3240
3583 2048 3583 3163 2263 3250
3839 2048 3583 3371 2287 3277
4095 2048 3583 3592 2304 3316
0 2303 3583 1362 2279 3272
256 2303 3583 1388 2280 3267
512 2303 3583 1435 2281 3257
768 2303 3583 1517 2283 3240
1024 2303 3583 1627 2288 3223
1280 2303 3583 1746 2294 3209
1536 2303 3583 1875 2304 3211
1792 2303 3583 2016 2317 3215
2048 2303 3583 2164 2331 3222
2303 2303 3583 2327 2348 3230
2559 2303 3583 2495 2368 3239
2815 2303 3583 2670 2389 3249
3071 2303 3583 2851 2413 3262
3327 2303 3583 3034 2439 3274
3583 2303 3583 3214 2472 3280
3839 2303 3583 3416 2495 3304
4095 2303 3583 3634 2511 3340
0 2559 3583 1500 2517 3287
256 2559 3583 1523 2517 3284
512 2559 3583 1565 2518 3277
768 2559 3583 1638 2520 3265
1024 2559 3583 1740 2523 3251
1280 2559 3583 1852 2528 3240
1536 2559 3583 1974 2537 3241
1792 2559 3583 2107 2548 3247
2048 2559 3583 2246 2560 3255
2303 2559 3583 2403 2576 3264
2559 2559 3583 2565 2593 3274
2815 2559 3583 2736 2612 3284
3071 2559 3583 2915 2632 3296
3327 2559 3583 3094 2655 3307
3583 2559 3583 3270 2686 3313
3839 2559 3583 3467 2708 3334
4095 2559 3583 3679 2723 3366
0 2815 3583 1640 2756 3309
256 2815 3583 1660 2756 3307
512 2815 3583 1698 2757 3302
768 2815 3583 1764 2758 3294
1024 2815 3583 1859 2760 3283
1280 2815 3583 1964 2764 3275
1536 2815 3583 2081 2771 3275
1792 2815 3583 2205 2781 3282
2048 2815 3583 2334 2793 3292
2303 2815 3583 2482 2808 3304
2559 2815 3583 2639 2823 3315
2815 2815 3583 2807 2839 3323
3071 2815 3583 2982 2857 3332
3327 2815 3583 3158 2878 3341
3583 2815 3583 3332 2904 3349
3839 2815 3583 3524 2925 3368
4095 2815 3583 3728 2941 3395
0 3071 3583 1780 2996 3339
256 3071 3583 1798 2996 3337
512 3071 3583 1833 2996 3334
768 3071 3583 1893 2997 3329
1024 3071 3583 1981 2999 3322
1280 3071 3583 2080 3002 3316
1536 3071 3583 2193 3008 3316
1792 3071 3583 2312 3017 3321
2048 3071 3583 2434 3028 3330
2303 3071 3583 2572 3042 3342
2559 3071 3583 2721 3056 3353
2815 3071 3583 2883 3071 3361
3071 3071 3583 3054 3087 3371
3327 3071 3583 3228 3105 3383
3583 3071 3583 3408 3124 3396
3839 3071 3583 3594 3144 3411
4095 3071 3583 3784 3165 3427
0 3327 3583 1922 3236 3372
256 3327 3583 1938 3236 3371
512 3327 3583 1969 3237 3369
768 3327 3583 2024 3237 3367
1024 3327 3583 2106 3238 3363
1280 3327 3583 2199 3240 3360
1536 3327 3583 2308 3245 3360
1792 3327 3583 2421 3253 3364
2048 3327 3583 2537 3263 3371
2303 3327 3583 2662 3278 3382
2559 3327 3583 2800 3292 3392
2815 3327 3583 2956 3306 3402
3071 3327 3583 3123 3320 3413
3327 3327 3583 3297 3335 3425
3583 3327 3583 3484 3348 3442
3839 3327 3583 3665 3367 3453
4095 3327 3583 3842 3390 3460
0 3583 3583 2064 3477 3411
256 3583 3583 2078 3477 3411
512 3583 3583 2107 3477 3410
768 3583 3583 2158 3478 3409
1024 3583 3583 2234 3479 3408
1280 3583 3583 2321 3480 3407
1536 3583 3583 2425 3484 3409
1792 3583 3583 2533 3491 3413
2048 3583 3583 2642 3501 3420
2303 3583 3583 2742 3519 3431
2559 3583 3583 2861 3536 3442
2815 3583 3583 3008 3550 3452
3071 3583 3583 3179 3562 3458
3327 3583 3583 3358 3573 3464
3583 3583 3583 3546 3585 3472
3839 3583 3583 3728 3601 3483
4095 3583 3583 3907 3619 3496
0 3839 3583 2179 3724 3453
256 3839 3583 2192 3724 3453
512 3839 3583 2217 3724 3453
768 3839 3583 2261 3725 3453
1024 3839 3583 2330 3727 3453
1280 3839 3583 2409 3729 3454
1536 3839 3583 2506 3733 3457
1792 3839 3583 2611 3739 3461
2048 3839 3583 2720 3747 3466
2303 3839 3583 2826 3762 3475
2559 3839 3583 2948 3777 3483
2815 3839 3583 3093 3789 3491
3071 3839 3583 3260 3799 3496
3327 3839 3583 3434 3810 3500
3583 3839 3583 3615 3821 3504
3839 3839 3583 3796 3836 3510
4095 3839 3583 3975 3851 3517
0 4095 3583 2277 3974 3496
256 4095 3583 2287 3975 3496
512 4095 3583 2308 3975 3497
768 4095 3583 2344 3977 3498
1024 4095 3583 2403 3980 3499
1280 4095 3583 2472 3983 3501
1536 4095 3583 2563 3987 3504
1792 4095 3583 2667 3993 3507
2048 4095 3583 2780 3999 3510
2303 4095 3583 2912 4006 3514
2559 4095 3583 3051 4015 3519
2815 4095 3583 3199 4024 3524
3071 4095 3583 3357 4034 3529
3327 4095 3583 3519 4046 3534
3583 4095 3583 3690 4058 3539
3839 4095 3583 3866 4072 3536
4095 4095 3583 4047 4085 3528
0 0 3839 550 646 3523
256 0 3839 586 644 3529
512 0 3839 664 645 3533
768 0 3839 806 651 3533
1024 0 3839 995 673 3526
1280 0 3839 1196 699 3516
1536 0 3839 1403 733 3508
1792 0 3839 1612 772 3501
2048 0 3839 1822 814 3495
2303 0 3839 2032 862 3493
2559 0 3839 2244 911 3493
2815 0 3839 2456 963 3494
3071 0 3839 2669 1018 3497
3327 0 3839 2882 1074 3501
3583 0 3839 3096 1133 3507
3839 0 3839 3310 1193 3514
4095 0 3839 3524 1254 3521
0 256 3839 518 693 3535
256 256 3839 584 697 3527
512 256 3839 688 705 3514
768 256 3839 848 720 3495
1024 256 3839 1030 741 3484
1280 256 3839 1219 766 3478
1536 256 3839 1418 796 3476
1792 256 3839 1621 832 3474
2048 256 3839 1827 870 3474
2303 256 3839 2035 914 3476
2559 256 3839 2245 960 3479
2815 256 3839 2456 1009 3483
3071 256 3839 2668 1061 3488
3327 256 3839 2881 1115 3494
3583 256 3839 3094 1171 3501
3839 256 3839 3308 1229 3509
4095 256 3839 3522 1287 3517
0 512 3839 533 787 3539
256 512 3839 612 794 3522
512 512 3839 727 805 3499
768 512 3839 894 823 3466
1024 512 3839 1070 844 3450
1280 512 3839 1250 867 3441
1536 512 3839 1440 895 3443
1792 512 3839 1637 926 3445
2048 512 3839 1837 961 3448
2303 512 3839 2041 1002 3453
2559 512 3839 2248 1044 3459
2815 512 3839 2457 1089 3466
3071 512 3839 2667 1138 3474
3327 512 3839 2879 1188 3483
3583 512 3839 3092 1240 3492
3839 512 3839 3305 1295 3502
4095 512 3839 3519 1350 3512
0 768 3839 619 952 3530
256 768 3839 686 956 3515
512 768 3839 789 965 3490
768 768 3839 947 980 3452
1024 768 3839 1118 1000 3425
1280 768 3839 1292 1022 3406
1536 768 3839 1473 1046 3409
1792 768 3839 1661 1074 3412
2048 768 3839 1854 1105 3416
2303 768 3839 2053 1142 3422
2559 768 3839 2255 1180 3429
2815 768 3839 2459 1221 3440
3071 768 3839 2668 1264 3452
3327 768 3839 2877 1308 3465
3583 768 3839 3089 1356 3478
3839 768 3839 3301 1405 3491
4095 768 3839 3515 1455 3503
0 1024 3839 728 1152 3519
256 1024 3839 783 1155 3506
512 1024 3839 873 1162 3485
768 1024 3839 1015 1173 3450
1024 1024 3839 1174 1189 3424
1280 1024 3839 1340 1207 3406
1536 1024 3839 1514 1227 3408
1792 1024 3839 1696 1251 3412
2048 1024 3839 1884 1278 3416
2303 1024 3839 2079 1310 3421
2559 1024 3839 2276 1344 3428
2815 1024 3839 2477 1381 3436
3071 1024 3839 2681 1421 3446
3327 1024 3839 2886 1463 3457
3583 1024 3839 3093 1509 3467
3839 1024 3839 3305 1552 3483
4095 1024 3839 3521 1593 3503
0 1280 3839 844 1364 3508
256 1280 3839 889 1366 3498
512 1280 3839 966 1371 3480
768 1280 3839 1089 1379 3453
1024 1280 3839 1237 1391 3431
1280 1280 3839 1394 1405 3414
1536 1280 3839 1561 1422 3417
1792 1280 3839 1737 1442 3420
2048 1280 3839 1920 1464 3424
2303 1280 3839 2111 1491 3429
2559 1280 3839 2305 1521 3434
2815 1280 3839 2502 1554 3440
3071 1280 3839 2701 1592 3447
3327 1280 3839 2901 1631 3454
3583 1280 3839 3103 1675 3462
3839 1280 3839 3315 1712 3481
4095 1280 3839 3534 1744 3507
0 1536 3839 968 1590 3502
256 1536 3839 1005 1592 3494
512 1536 3839 1071 1595 3480
768 1536 3839 1180 1601 3458
1024 1536 3839 1316 1610 3440
1280 1536 3839 1462 1622 3426
1536 1536 3839 1621 1636 3429
1792 1536 3839 1790 1653 3432
2048 1536 3839 1967 1672 3436
2303 1536 3839 2153 1695 3441
2559 1536 3839 2343 1721 3446
2815 1536 3839 2536 1750 3452
3071 1536 3839 2733 1783 3458
3327 1536 3839 2930 1817 3466
3583 1536 3839 3129 1856 3474
3839 1536 3839 3340 1888 3493
4095 1536 3839 3557 1916 3519
0 1792 3839 1094 1821 3501
256 1792 3839 1126 1822 3495
512 1792 3839 1183 1824 3485
768 1792 3839 1279 1828 3467
1024 1792 3839 1404 1836 3452
1280 1792 3839 1540 1845 3440
1536 1792 3839 1691 1857 3443
1792 1792 3839 1853 1872 3446
2048 1792 3839 2023 1888 3450
2303 1792 3839 2204 1908 3455
2559 1792 3839 2389 1931 3460
2815 1792 3839 2578 1956 3466
3071 1792 3839 2771 1985 3473
3327 1792 3839 2965 2016 3480
3583 1792 3839 3161 2050 3488
3839 1792 3839 3370 2078 3508
4095 1792 3839 3585 2103 3534
0 2048 3839 1222 2054 3503
256 2048 3839 1248 2055 3499
512 2048 3839 1298 2056 3491
768 2048 3839 1383 2060 3478
1024 2048 3839 1498 2066 3465
1280 2048 3839 1625 2073 3456
1536 2048 3839 1767 2083 3459
1792 2048 3839 1921 2096 3462
2048 2048 3839 2084 2110 3466
2303 2048 3839 2260 2128 3471
2559 2048 3839 2439 2147 3476
2815 2048 3839 2624 2169 3482
3071 2048 3839 2813 2194 3489
3327 2048 3839 3004 2222 3496
3583 2048 3839 3197 2252 3505
3839 2048 3839 3403 2277 3524
4095 2048 3839 3617 2299 3551
0 2303 3839 1352 2290 3515
256 2303 3839 1375 2291 3512
512 2303 3839 1420 2292 3506
768 2303 3839 1497 2295 3495
1024 2303 3839 1604 2299 3484
1280 2303 3839 1722 2306 3476
1536 2303 3839 1856 2315 3479
1792 2303 3839 2003 2326 3482
2048 2303 3839 2158 2338 3486
2303 2303 3839 2328 2354 3491
2559 2303 3839 2502 2372 3496
2815 2303 3839 2681 2391 3502
3071 2303 3839 2866 2414 3510
3327 2303 3839 3053 2438 3517
3583 2303 3839 3243 2466 3526
3839 2303 3839 3445 2488 3545
4095 2303 3839 3656 2508 3571
0 2559 3839 1484 2528 3530
256 2559 3839 1505 2529 3527
512 2559 3839 1545 2530 3523
768 2559 3839 1614 2531 3515
1024 2559 3839 1713 2535 3506
1280 2559 3839 1824 2540 3499
1536 2559 3839 1950 2548 3501
1792 2559 3839 2090 2558 3504
2048 2559 3839 2238 2569 3508
2303 2559 3839 2401 2583 3513
2559 2559 3839 2569 2599 3519
2815 2559 3839 2743 2616 3525
3071 2559 3839 2923 2637 3533
3327 2559 3839 3106 2659 3541
3583 2559 3839 3292 2683 3551
3839 2559 3839 3491 2704 3569
4095 2559 3839 3698 2722 3593
0 2815 3839 1617 2767 3549
256 2815 3839 1636 2768 3547
512 2815 3839 1672 2769 3544
768 2815 3839 1735 2770 3539
1024 2815 3839 1827 2773 3532
1280 2815 3839 1931 2777 3526
1536 2815 3839 2052 2784 3527
1792 2815 3839 2184 2793 3530
2048 2815 3839 2325 2803 3534
2303 2815 3839 2481 2815 3539
2559 2815 3839 2643 2829 3545
2815 2815 3839 2811 2845 3552
3071 2815 3839 2987 2863 3560
3327 2815 3839 3165 2883 3569
3583 2815 3839 3349 2905 3580
3839 2815 3839 3543 2924 3596
4095 2815 3839 3745 2941 3617
0 3071 3839 1753 3008 3574
256 3071 3839 1770 3008 3573
512 3071 3839 1802 3009 3571
768 3071 3839 1860 3010 3567
1024 3071 3839 1946 3012 3563
1280 3071 3839 2044 3016 3559
1536 3071 3839 2159 3021 3559
1792 3071 3839 2286 3029 3561
2048 3071 3839 2419 3038 3566
2303 3071 3839 2569 3050 3572
2559 3071 3839 2724 3063 3578
2815 3071 3839 2887 3077 3586
3071 3071 3839 3057 3093 3596
3327 3071 3839 3233 3110 3606
3583 3071 3839 3417 3128 3620
3839 3071 3839 3606 3147 3632
4095 3071 3839 3798 3166 3645
0 3327 3839 1889 3249 3602
256 3327 3839 1904 3249 3601
512 3327 3839 1934 3250 3600
768 3327 3839 1986 3250 3598
1024 3327 3839 2066 3252 3596
1280 3327 3839 2158 3255 3594
1536 3327 3839 2269 3260 3593
1792 3327 3839 2389 3267 3596
2048 3327 3839 2516 3275 3600
2303 3327 3839 2656 3286 3608
2559 3327 3839 2803 3298 3615
2815 3327 3839 2960 3311 3624
3071 3327 3839 3127 3326 3634
3327 3327 3839 3301 3340 3646
3583 3327 3839 3486 3354 3660
3839 3327 3839 3671 3372 3669
4095 3327 3839 3854 3393 3673
0 3583 3839 2025 3491 3634
256 3583 3839 2040 3491 3634
512 3583 3839 2067 3491 3634
768 3583 3839 2116 3492 3633
1024 3583 3839 2190 3494 3632
1280 3583 3839 2276 3496 3632
1536 3583 3839 2382 3500 3633
1792 3583 3839 2495 3506 3636
2048 3583 3839 2614 3514 3641
2303 3583 3839 2736 3527 3651
2559 3583 3839 2869 3541 3661
2815 3583 3839 3017 3554 3670
3071 3583 3839 3187 3566 3676
3327 3583 3839 3364 3577 3682
3583 3583 3839 3549 3590 3690
3839 3583 3839 3733 3605 3697
4095 3583 3839 3916 3623 3704
0 3839 3839 2146 3736 3670
256 3839 3839 2159 3736 3670
512 3839 3839 2183 3737 3670
768 3839 3839 2227 3738 3670
1024 3839 3839 2294 3740 3671
1280 3839 3839 2373 3742 3672
1536 3839 3839 2472 3746 3674
1792 3839 3839 2581 3752 3677
2048 3839 3839 2697 3759 3681
2303 3839 3839 2819 3770 3690
2559 3839 3839 2951 3782 3698
2815 3839 3839 3098 3794 3705
3071 3839 3839 3265 3804 3710
3327 3839 3839 3438 3815 3715
3583 3839 3839 3618 3826 3719
3839 3839 3839 3799 3840 3724
4095 3839 3839 3981 3856 3729
0 4095 3839 2256 3984 3708
256 4095 3839 2267 3984 3709
512 4095 3839 2288 3985 3709
768 4095 3839 2325 3986 3710
1024 4095 3839 2385 3989 3711
1280 4095 3839 2456 3992 3713
1536 4095 3839 2548 3996 3716
1792 4095 3839 2654 4001 3718
2048 4095 3839 2770 4007 3721
2303 4095 3839 2904 4014 3725
2559 4095 3839 3045 4022 3729
2815 4095 3839 3195 4031 3734
3071 4095 3839 3354 4041 3739
3327 4095 3839 3519 4052 3744
3583 4095 3839 3691 4064 3749
3839 4095 3839 3868 4077 3750
4095 4095 3839 4049 4090 3749
0 0 4095 587 689 3754
256 0 4095 619 687 3761
512 0 4095 692 687 3767
768 0 4095 823 691 3770
1024 0 4095 1008 711 3763
1280 0 4095 1207 735 3754
1536 0 4095 1413 766 3748
1792 0 4095 1621 802 3742
2048 0 4095 1831 842 3735
2303 0 4095 2042 886 3734
2559 0 4095 2254 932 3734
2815 0 4095 2467 981 3735
3071 0 4095 2681 1033 3738
3327 0 4095 2895 1085 3742
3583 0 4095 3110 1141 3747
3839 0 4095 3324 1199 3752
4095 0 4095 3539 1258 3758
0 256 4095 548 731 3770
256 256 4095 611 735 3763
512 256 4095 709 742 3753
768 256 4095 860 754 3740
1024 256 4095 1038 772 3734
1280 256 4095 1227 794 3730
1536 256 4095 1426 822 3729
1792 256 4095 1630 854 3727
2048 256 4095 1837 890 3725
2303 256 4095 2046 931 3727
2559 256 4095 2257 974 3729
2815 256 4095 2469 1020 3732
3071 256 4095 2683 1069 3736
3327 256 4095 2896 1120 3741
3583 256 4095 3111 1174 3746
3839 256 4095 3326 1229 3751
4095 256 4095 3541 1286 3758
0 512 4095 558 820 3776
256 512 4095 633 826 3761
512 512 4095 742 836 3743
768 512 4095 900 851 3721
1024 512 4095 1071 868 3716
1280 512 4095 1249 887 3716
1536 512 4095 1443 911 3718
1792 512 4095 1643 939 3719
2048 512 4095 1847 971 3721
2303 512 4095 2054 1008 3724
2559 512 4095 2264 1047 3728
2815 512 4095 2476 1089 3732
3071 512 4095 2688 1135 3736
3327 512 4095 2901 1183 3741
3583 512 4095 3115 1234 3746
3839 512 4095 3330 1286 3752
4095 512 4095 3545 1340 3759
0 768 4095 640 977 3767
256 768 4095 703 982 3755
512 768 4095 798 989 3739
768 768 4095 943 1001 3719
1024 768 4095 1106 1014 3716
1280 768 4095 1277 1030 3717
1536 768 4095 1467 1050 3719
1792 768 4095 1663 1074 3721
2048 768 4095 1864 1100 3724
2303 768 4095 2069 1132 3727
2559 768 4095 2277 1166 3730
2815 768 4095 2487 1204 3734
3071 768 4095 2699 1244 3739
3327 768 4095 2911 1287 3744
3583 768 4095 3125 1333 3749
3839 768 4095 3338 1381 3755
4095 768 4095 3552 1430 3762
0 1024 4095 745 1173 3757
256 1024 4095 797 1176 3747
512 1024 4095 879 1181 3736
768 1024 4095 1005 1190 3722
1024 1024 4095 1157 1201 3721
1280 1024 4095 1320 1213 3722
1536 1024 4095 1504 1230 3724
1792 1024 4095 1695 1250 3726
2048 1024 4095 1891 1273 3729
2303 1024 4095 2094 1300 3732
2559 1024 4095 2299 1329 3736
2815 1024 4095 2507 1361 3740
3071 1024 4095 2717 1397 3744
3327 1024 4095 2928 1435 3749
3583 1024 4095 3140 1475 3755
3839 1024 4095 3352 1518 3761
4095 1024 4095 3565 1563 3767
0 1280 4095 857 1381 3748
256 1280 4095 898 1383 3740
512 1280 4095 967 1387 3733
768 1280 4095 1075 1393 3727
1024 1280 4095 1216 1402 3727
1280 1280 4095 1371 1412 3729
1536 1280 4095 1547 1426 3731
1792 1280 4095 1733 1443 3733
2048 1280 4095 1924 1461 3735
2303 1280 4095 2124 1484 3739
2559 1280 4095 2326 1509 3742
2815 1280 4095 2531 1536 3746
3071 1280 4095 2739 1567 3751
3327 1280 4095 2948 1600 3756
3583 1280 4095 3158 1635 3761
3839 1280 4095 3369 1673 3767
4095 1280 4095 3581 1713 3773
0 1536 4095 974 1605 3745
256 1536 4095 1007 1606 3741
512 1536 4095 1065 1609 3738
768 1536 4095 1159 1613 3736
1024 1536 4095 1290 1621 3736
1280 1536 4095 1435 1629 3737
1536 1536 4095 1603 1641 3739
1792 1536 4095 1782 1655 3742
2048 1536 4095 1968 1671 3744
2303 1536 4095 2163 1691 3748
2559 1536 4095 2361 1712 3751
2815 1536 4095 2563 1736 3755
3071 1536 4095 2768 1763 3760
3327 1536 4095 2974 1791 3764
3583 1536 4095 3183 1823 3770
3839 1536 4095 3392 1856 3776
4095 1536 4095 3602 1891 3782
0 1792 4095 1091 1833 3749
256 1792 4095 1118 1834 3747
512 1792 4095 1168 1837 3746
768 1792 4095 1252 1840 3746
1024 1792 4095 1372 1847 3747
1280 1792 4095 1508 1854 3748
1536 1792 4095 1668 1864 3750
1792 1792 4095 1840 1876 3752
2048 1792 4095 2019 1890 3755
2303 1792 4095 2209 1907 3758
2559 1792 4095 2403 1925 3762
2815 1792 4095 2601 1946 3766
3071 1792 4095 2803 1969 3770
3327 1792 4095 3006 1994 3775
3583 1792 4095 3212 2022 3780
3839 1792 4095 3420 2051 3786
4095 1792 4095 3628 2082 3792
0 2048 4095 1210 2066 3756
256 2048 4095 1232 2066 3756
512 2048 4095 1275 2068 3757
768 2048 4095 1350 2071 3758
1024 2048 4095 1460 2077 3759
1280 2048 4095 1587 2083 3760
1536 2048 4095 1738 2092 3762
1792 2048 4095 1902 2102 3764
2048 2048 4095 2075 2114 3767
2303 2048 4095 2260 2129 3770
2559 2048 4095 2448 2145 3774
2815 2048 4095 2643 2162 3777
3071 2048 4095 2841 2183 3782
3327 2048 4095 3042 2205 3787
3583 2048 4095 3245 2229 3792
3839 2048 4095 3450 2255 3798
4095 2048 4095 3656 2282 3804
0 2303 4095 1329 2302 3771
256 2303 4095 1349 2303 3771
512 2303 4095 1389 2304 3772
768 2303 4095 1457 2307 3772
1024 2303 4095 1559 2312 3774
1280 2303 4095 1677 2317 3775
1536 2303 4095 1820 2325 3777
1792 2303 4095 1977 2334 3779
2048 2303 4095 2142 2345 3782
2303 2303 4095 2321 2358 3785
2559 2303 4095 2504 2372 3788
2815 2303 4095 2694 2388 3792
3071 2303 4095 2888 2406 3797
3327 2303 4095 3085 2426 3801
3583 2303 4095 3286 2447 3807
3839 2303 4095 3488 2471 3813
4095 2303 4095 3692 2496 3819
0 2559 4095 1451 2540 3787
256 2559 4095 1469 2541 3788
512 2559 4095 1505 2542 3788
768 2559 4095 1567 2545 3789
1024 2559 4095 1662 2549 3790
1280 2559 4095 1771 2554 3791
1536 2559 4095 1906 2561 3793
1792 2559 4095 2055 2569 3795
2048 2559 4095 2213 2578 3798
2303 2559 4095 2386 2590 3801
2559 2559 4095 2564 2602 3804
2815 2559 4095 2749 2617 3808
3071 2559 4095 2939 2633 3813
3327 2559 4095 3132 2650 3818
3583 2559 4095 3330 2670 3823
3839 2559 4095 3529 2691 3829
4095 2559 4095 3730 2713 3835
0 2815 4095 1575 2781 3806
256 2815 4095 1592 2781 3806
512 2815 4095 1624 2783 3806
768 2815 4095 1681 2785 3807
1024 2815 4095 1769 2788 3808
1280 2815 4095 1871 2793 3809
1536 2815 4095 1998 2799 3811
1792 2815 4095 2140 2806 3813
2048 2815 4095 2290 2814 3816
2303 2815 4095 2457 2825 3819
2559 2815 4095 2630 2836 3822
2815 2815 4095 2809 2849 3826
3071 2815 4095 2996 2863 3831
3327 2815 4095 3185 2879 3835
3583 2815 4095 3378 2897 3841
3839 2815 4095 3575 2916 3847
4095 2815 4095 3773 2936 3853
0 3071 4095 1702 3022 3826
256 3071 4095 1717 3023 3826
512 3071 4095 1747 3024 3827
768 3071 4095 1799 3026 3827
1024 3071 4095 1881 3029 3829
1280 3071 4095 1976 3033 3830
1536 3071 4095 2096 3039 3832
1792 3071 4095 2231 3045 3834
2048 3071 4095 2375 3053 3836
2303 3071 4095 2536 3062 3840
2559 3071 4095 2702 3072 3843
2815 3071 4095 2877 3084 3847
3071 3071 4095 3058 3097 3851
3327 3071 4095 3243 3111 3856
3583 3071 4095 3433 3127 3861
3839 3071 4095 3626 3145 3867
4095 3071 4095 3821 3163 3873
0 3327 4095 1830 3265 3848
256 3327 4095 1843 3265 3848
512 3327 4095 1871 3266 3849
768 3327 4095 1919 3268 3849
1024 3327 4095 1995 3271 3850
1280 3327 4095 2084 3275 3852
1536 3327 4095 2197 3280 3854
1792 3327 4095 2325 3286 3856
2048 3327 4095 2462 3292 3858
2303 3327 4095 2617 3301 3861
2559 3327 4095 2778 3310 3865
2815 3327 4095 2947 3320 3869
3071 3327 4095 3124 3333 3873
3327 3327 4095 3305 3345 3878
3583 3327 4095 3491 3360 3883
3839 3327 4095 3680 3376 3888
4095 3327 4095 3872 3393 3894
0 3583 4095 1959 3508 3873
256 3583 4095 1971 3509 3873
512 3583 4095 1997 3509 3873
768 3583 4095 2042 3511 3874
1024 3583 4095 2113 3514 3875
1280 3583 4095 2196 3517 3876
1536 3583 4095 2303 3522 3878
1792 3583 4095 2424 3527 3880
2048 3583 4095 2555 3533 3883
2303 3583 4095 2704 3541 3886
2559 3583 4095 2859 3549 3889
2815 3583 4095 3023 3559 3893
3071 3583 4095 3196 3570 3897
3327 3583 4095 3372 3582 3902
3583 3583 4095 3554 3595 3907
3839 3583 4095 3740 3610 3913
4095 3583 4095 3928 3625 3918
0 3839 4095 2087 3752 3899
256 3839 4095 2099 3753 3899
512 3839 4095 2123 3753 3899
768 3839 4095 2164 3755 3900
1024 3839 4095 2231 3757 3901
1280 3839 4095 2309 3761 3902
1536 3839 4095 2410 3765 3904
1792 3839 4095 2526 3770 3906
2048 3839 4095 2651 3775 3909
2303 3839 4095 2794 3782 3912
2559 3839 4095 2944 3790 3915
2815 3839 4095 3103 3799 3919
3071 3839 4095 3270 3809 3923
3327 3839 4095 3442 3820 3928
3583 3839 4095 3621 3832 3933
3839 3839 4095 3804 3845 3938
4095 3839 4095 3989 3860 3944
0 4095 4095 2215 3997 3926
256 4095 4095 2226 3997 3926
512 4095 4095 2248 3998 3927
768 4095 4095 2287 3999 3927
1024 4095 4095 2349 4002 3928
1280 4095 4095 2423 4004 3930
1536 4095 4095 2519 4008 3932
1792 4095 4095 2628 4013 3934
2048 4095 4095 2748 4018 3936
2303 4095 4095 2886 4025 3939
2559 4095 4095 3030 4032 3942
2815 4095 4095 3184 4040 3946
3071 4095 4095 3347 4049 3951
3327 4095 4095 3515 4059 3955
3583 4095 4095 3690 4070 3960
3839 4095 4095 3869 4082 3966
4095 4095 4095 4052 4095 3971
