0 0 0 0 0 0
256 0 0 220 67 47
512 0 0 440 134 95
768 0 0 660 202 141
1024 0 0 879 271 189
1280 0 0 1097 341 236
1536 0 0 1313 413 283
1792 0 0 1529 486 327
2048 0 0 1746 559 370
2303 0 0 1962 630 410
2559 0 0 2180 701 449
2815 0 0 2398 770 488
3071 0 0 2617 841 531
3327 0 0 2835 911 575
3583 0 0 3053 981 619
3839 0 0 3271 1051 663
4095 0 0 3489 1121 708
0 256 0 138 247 95
256 256 0 292 276 119
512 256 0 468 309 146
768 256 0 677 348 180
1024 256 0 891 395 219
1280 256 0 1105 445 260
1536 256 0 1320 503 302
1792 256 0 1534 565 345
2048 256 0 1747 629 387
2303 256 0 1959 697 428
2559 256 0 2174 765 469
2815 256 0 2391 831 508
3071 256 0 2609 896 550
3327 256 0 2828 962 592
3583 256 0 3047 1028 635
3839 256 0 3265 1095 678
4095 256 0 3484 1162 721
0 512 0 275 494 191
256 512 0 378 500 198
512 512 0 517 510 212
768 512 0 710 529 235
1024 512 0 915 558 265
1280 512 0 1123 592 299
1536 512 0 1334 636 336
1792 512 0 1545 686 374
2048 512 0 1756 740 414
2303 512 0 1964 802 456
2559 512 0 2174 863 498
2815 512 0 2388 925 539
3071 512 0 2603 987 582
3327 512 0 2819 1049 624
3583 512 0 3037 1111 666
3839 512 0 3256 1172 706
4095 512 0 3477 1234 746
0 768 0 413 741 285
256 768 0 486 744 290
512 768 0 597 751 299
768 768 0 765 762 313
1024 768 0 957 781 335
1280 768 0 1155 804 360
1536 768 0 1360 834 390
1792 768 0 1566 871 422
2048 768 0 1773 911 456
2303 768 0 1979 961 497
2559 768 0 2185 1013 540
2815 768 0 2391 1069 586
3071 768 0 2598 1130 633
3327 768 0 2806 1190 679
3583 768 0 3022 1247 718
3839 768 0 3243 1300 754
4095 768 0 3467 1351 787
0 1024 0 560 987 378
256 1024 0 615 989 382
512 1024 0 706 993 388
768 1024 0 850 1001 399
1024 1024 0 1024 1015 417
1280 1024 0 1209 1032 437
1536 1024 0 1404 1056 463
1792 1024 0 1603 1084 492
2048 1024 0 1805 1116 523
2303 1024 0 2007 1156 561
2559 1024 0 2210 1199 600
2815 1024 0 2413 1246 643
3071 1024 0 2617 1298 687
3327 1024 0 2822 1352 731
3583 1024 0 3032 1405 773
3839 1024 0 3252 1452 804
4095 1024 0 3479 1494 828
0 1280 0 709 1232 473
256 1280 0 751 1233 476
512 1280 0 825 1237 481
768 1280 0 946 1243 489
1024 1280 0 1103 1253 504
1280 1280 0 1272 1266 521
1536 1280 0 1458 1284 544
1792 1280 0 1649 1306 570
2048 1280 0 1843 1331 599
2303 1280 0 2042 1363 632
2559 1280 0 2242 1397 667
2815 1280 0 2443 1435 705
3071 1280 0 2645 1479 745
3327 1280 0 2848 1524 786
3583 1280 0 3051 1574 829
3839 1280 0 3269 1615 856
4095 1280 0 3497 1650 873
0 1536 0 860 1476 578
256 1536 0 894 1477 580
512 1536 0 956 1480 584
768 1536 0 1059 1485 591
1024 1536 0 1200 1494 603
1280 1536 0 1354 1504 617
1536 1536 0 1529 1519 636
1792 1536 0 1711 1537 659
2048 1536 0 1898 1558 683
2303 1536 0 2091 1584 712
2559 1536 0 2287 1612 743
2815 1536 0 2485 1644 776
3071 1536 0 2684 1681 812
3327 1536 0 2885 1719 849
3583 1536 0 3086 1762 889
3839 1536 0 3300 1799 914
4095 1536 0 3522 1832 929
0 1792 0 1008 1721 679
256 1792 0 1036 1722 681
512 1792 0 1089 1725 684
768 1792 0 1178 1729 690
1024 1792 0 1304 1736 700
1280 1792 0 1446 1744 713
1536 1792 0 1609 1757 729
1792 1792 0 1782 1772 748
2048 1792 0 1962 1789 769
2303 1792 0 2150 1810 794
2559 1792 0 2340 1834 821
2815 1792 0 2534 1861 850
3071 1792 0 2731 1892 883
3327 1792 0 2929 1925 916
3583 1792 0 3128 1962 952
3839 1792 0 3337 1996 977
4095 1792 0 3553 2027 993
0 2048 0 1154 1966 779
256 2048 0 1178 1967 780
512 2048 0 1223 1969 783
768 2048 0 1301 1973 788
1024 2048 0 1414 1979 797
1280 2048 0 1543 1986 807
1536 2048 0 1696 1996 821
1792 2048 0 1860 2009 837
2048 2048 0 2032 2023 855
2303 2048 0 2214 2041 877
2559 2048 0 2399 2061 901
2815 2048 0 2589 2084 927
3071 2048 0 2782 2110 956
3327 2048 0 2977 2138 986
3583 2048 0 3174 2169 1019
3839 2048 0 3378 2200 1044
4095 2048 0 3586 2231 1062
0 2303 0 1298 2211 876
256 2303 0 1319 2212 877
512 2303 0 1359 2214 880
768 2303 0 1428 2217 884
1024 2303 0 1532 2222 892
1280 2303 0 1651 2228 901
1536 2303 0 1794 2237 913
1792 2303 0 1949 2248 927
2048 2303 0 2113 2260 943
2303 2303 0 2288 2276 963
2559 2303 0 2468 2293 984
2815 2303 0 2653 2313 1008
3071 2303 0 2843 2336 1034
3327 2303 0 3034 2360 1061
3583 2303 0 3228 2388 1091
3839 2303 0 3427 2416 1117
4095 2303 0 3628 2445 1141
0 2559 0 1442 2457 973
256 2559 0 1461 2458 974
512 2559 0 1496 2459 976
768 2559 0 1558 2462 980
1024 2559 0 1653 2466 987
1280 2559 0 1762 2472 995
1536 2559 0 1895 2480 1006
1792 2559 0 2042 2489 1018
2048 2559 0 2198 2500 1033
2303 2559 0 2367 2513 1050
2559 2559 0 2541 2528 1069
2815 2559 0 2721 2546 1091
3071 2559 0 2906 2565 1114
3327 2559 0 3094 2587 1139
3583 2559 0 3285 2611 1166
3839 2559 0 3479 2637 1193
4095 2559 0 3675 2664 1219
0 2815 0 1587 2703 1070
256 2815 0 1603 2704 1071
512 2815 0 1635 2705 1073
768 2815 0 1691 2707 1077
1024 2815 0 1777 2711 1083
1280 2815 0 1878 2716 1090
1536 2815 0 2002 2723 1099
1792 2815 0 2141 2731 1111
2048 2815 0 2289 2740 1124
2303 2815 0 2451 2752 1140
2559 2815 0 2619 2766 1157
2815 2815 0 2794 2781 1176
3071 2815 0 2975 2798 1197
3327 2815 0 3158 2817 1220
3583 2815 0 3346 2838 1245
3839 2815 0 3537 2862 1271
4095 2815 0 3729 2886 1297
0 3071 0 1731 2949 1168
256 3071 0 1746 2949 1169
512 3071 0 1775 2951 1170
768 3071 0 1826 2953 1174
1024 3071 0 1905 2956 1179
1280 3071 0 1998 2961 1185
1536 3071 0 2115 2967 1194
1792 3071 0 2246 2974 1204
2048 3071 0 2386 2982 1216
2303 3071 0 2542 2993 1231
2559 3071 0 2704 3005 1246
2815 3071 0 2873 3019 1264
3071 3071 0 3050 3034 1283
3327 3071 0 3229 3051 1304
3583 3071 0 3413 3070 1327
3839 3071 0 3600 3091 1351
4095 3071 0 3789 3113 1377
0 3327 0 1875 3195 1265
256 3327 0 1889 3195 1266
512 3327 0 1915 3196 1268
768 3327 0 1962 3198 1270
1024 3327 0 2035 3201 1275
1280 3327 0 2121 3205 1281
1536 3327 0 2230 3211 1289
1792 3327 0 2354 3217 1298
2048 3327 0 2487 3225 1309
2303 3327 0 2636 3234 1322
2559 3327 0 2792 3245 1336
2815 3327 0 2956 3257 1352
3071 3327 0 3127 3271 1370
3327 3327 0 3302 3286 1390
3583 3327 0 3482 3304 1411
3839 3327 0 3666 3322 1433
4095 3327 0 3851 3342 1457
0 3583 0 2020 3440 1362
256 3583 0 2032 3441 1363
512 3583 0 2056 3442 1365
768 3583 0 2099 3444 1367
1024 3583 0 2167 3447 1372
1280 3583 0 2247 3450 1377
1536 3583 0 2350 3455 1384
1792 3583 0 2466 3461 1393
2048 3583 0 2592 3468 1403
2303 3583 0 2736 3477 1415
2559 3583 0 2886 3486 1428
2815 3583 0 3044 3497 1443
3071 3583 0 3210 3510 1459
3327 3583 0 3380 3524 1477
3583 3583 0 3556 3540 1497
3839 3583 0 3736 3557 1518
4095 3583 0 3919 3575 1540
0 3839 0 2138 3692 1427
256 3839 0 2149 3692 1428
512 3839 0 2172 3693 1429
768 3839 0 2212 3695 1431
1024 3839 0 2276 3698 1434
1280 3839 0 2351 3701 1438
1536 3839 0 2449 3706 1443
1792 3839 0 2560 3711 1449
2048 3839 0 2681 3718 1456
2303 3839 0 2819 3726 1465
2559 3839 0 2965 3735 1474
2815 3839 0 3119 3745 1484
3071 3839 0 3282 3756 1494
3327 3839 0 3449 3769 1504
3583 3839 0 3623 3783 1514
3839 3839 0 3799 3795 1520
4095 3839 0 3976 3807 1522
0 4095 0 2239 3947 1471
256 4095 0 2249 3948 1471
512 4095 0 2271 3948 1472
768 4095 0 2309 3950 1473
1024 4095 0 2369 3953 1474
1280 4095 0 2440 3956 1475
1536 4095 0 2533 3960 1478
1792 4095 0 2640 3966 1480
2048 4095 0 2757 3972 1483
2303 4095 0 2892 3979 1486
2559 4095 0 3033 3987 1489
2815 4095 0 3184 3996 1491
3071 4095 0 3345 4007 1492
3327 4095 0 3511 4018 1491
3583 4095 0 3685 4031 1485
3839 4095 0 3856 4037 1466
4095 4095 0 4027 4039 1438
0 0 256 13 48 242
256 0 256 224 93 258
512 0 256 439 145 278
768 0 256 659 210 303
1024 0 256 876 279 332
1280 0 256 1093 350 363
1536 0 256 1310 420 395
1792 0 256 1527 491 427
2048 0 256 1745 562 460
2303 0 256 1962 632 494
2559 0 256 2180 702 529
2815 0 256 2398 772 564
3071 0 256 2616 842 602
3327 0 256 2834 912 641
3583 0 256 3052 982 681
3839 0 256 3271 1052 721
4095 0 256 3489 1122 761
0 256 256 147 266 282
256 256 256 295 287 292
512 256 256 466 316 307
768 256 256 671 355 329
1024 256 256 879 406 357
1280 256 256 1089 461 387
1536 256 256 1305 518 417
1792 256 256 1522 578 448
2048 256 256 1739 639 480
2303 256 256 1955 703 514
2559 256 256 2172 768 548
2815 256 256 2390 833 583
3071 256 256 2609 898 619
3327 256 256 2827 963 657
3583 256 256 3046 1029 695
3839 256 256 3265 1096 735
4095 256 256 3483 1163 774
0 512 256 284 495 335
256 512 256 384 501 341
512 512 256 518 513 352
768 512 256 703 534 369
1024 512 256 901 569 395
1280 512 256 1103 609 422
1536 512 256 1314 653 450
1792 512 256 1527 703 480
2048 512 256 1740 754 511
2303 512 256 1953 812 545
2559 512 256 2167 870 579
2815 512 256 2383 930 614
3071 512 256 2600 990 651
3327 512 256 2818 1051 687
3583 512 256 3036 1112 724
3839 512 256 3256 1173 761
4095 512 256 3476 1234 797
0 768 256 427 739 405
256 768 256 499 742 411
512 768 256 606 749 420
768 768 256 766 763 433
1024 768 256 950 785 452
1280 768 256 1142 811 473
1536 768 256 1343 845 499
1792 768 256 1547 884 527
2048 768 256 1753 926 557
2303 768 256 1959 976 593
2559 768 256 2167 1028 629
2815 768 256 2376 1082 666
3071 768 256 2589 1137 703
3327 768 256 2803 1193 739
3583 768 256 3021 1248 773
3839 768 256 3243 1301 805
4095 768 256 3467 1352 836
0 1024 256 573 985 482
256 1024 256 629 986 488
512 1024 256 717 991 496
768 1024 256 855 1000 506
1024 1024 256 1023 1016 522
1280 1024 256 1202 1035 540
1536 1024 256 1394 1061 562
1792 1024 256 1590 1092 588
2048 1024 256 1789 1125 616
2303 1024 256 1990 1167 649
2559 1024 256 2193 1210 683
2815 1024 256 2398 1257 719
3071 1024 256 2606 1307 756
3327 1024 256 2814 1358 794
3583 1024 256 3025 1410 831
3839 1024 256 3247 1455 857
4095 1024 256 3478 1495 875
0 1280 256 720 1230 563
256 1280 256 764 1230 569
512 1280 256 837 1234 577
768 1280 256 954 1240 584
1024 1280 256 1106 1252 597
1280 1280 256 1271 1266 612
1536 1280 256 1453 1285 632
1792 1280 256 1642 1309 655
2048 1280 256 1834 1335 681
2303 1280 256 2031 1368 710
2559 1280 256 2230 1404 742
2815 1280 256 2431 1443 775
3071 1280 256 2633 1487 812
3327 1280 256 2835 1533 850
3583 1280 256 3039 1583 890
3839 1280 256 3261 1621 910
4095 1280 256 3497 1650 917
0 1536 256 867 1475 652
256 1536 256 904 1475 658
512 1536 256 966 1478 665
768 1536 256 1067 1483 672
1024 1536 256 1204 1492 683
1280 1536 256 1356 1503 695
1536 1536 256 1528 1519 713
1792 1536 256 1708 1538 733
2048 1536 256 1893 1560 755
2303 1536 256 2085 1587 781
2559 1536 256 2279 1616 809
2815 1536 256 2476 1649 840
3071 1536 256 2675 1686 873
3327 1536 256 2875 1725 908
3583 1536 256 3076 1769 945
3839 1536 256 3294 1803 963
4095 1536 256 3522 1833 970
0 1792 256 1014 1720 742
256 1792 256 1044 1720 748
512 1792 256 1098 1722 754
768 1792 256 1186 1727 760
1024 1792 256 1310 1734 769
1280 1792 256 1449 1743 780
1536 1792 256 1611 1756 795
1792 1792 256 1782 1772 813
2048 1792 256 1959 1789 832
2303 1792 256 2146 1812 855
2559 1792 256 2335 1837 881
2815 1792 256 2528 1864 908
3071 1792 256 2724 1896 938
3327 1792 256 2921 1929 970
3583 1792 256 3120 1966 1004
3839 1792 256 3332 1999 1023
4095 1792 256 3552 2028 1031
0 2048 256 1159 1966 834
256 2048 256 1186 1966 839
512 2048 256 1232 1967 844
768 2048 256 1308 1971 849
1024 2048 256 1421 1977 857
1280 2048 256 1548 1985 866
1536 2048 256 1699 1995 879
1792 2048 256 1861 2008 894
2048 2048 256 2031 2023 911
2303 2048 256 2212 2041 932
2559 2048 256 2396 2062 955
2815 2048 256 2585 2085 979
3071 2048 256 2778 2112 1007
3327 2048 256 2972 2140 1036
3583 2048 256 3168 2172 1067
3839 2048 256 3374 2202 1086
4095 2048 256 3586 2231 1097
0 2303 256 1304 2210 926
256 2303 256 1326 2211 930
512 2303 256 1367 2212 934
768 2303 256 1436 2215 938
1024 2303 256 1538 2220 945
1280 2303 256 1655 2227 954
1536 2303 256 1797 2236 965
1792 2303 256 1951 2247 979
2048 2303 256 2113 2260 994
2303 2303 256 2288 2276 1013
2559 2303 256 2467 2294 1033
2815 2303 256 2651 2314 1056
3071 2303 256 2839 2337 1081
3327 2303 256 3030 2362 1107
3583 2303 256 3224 2390 1136
3839 2303 256 3424 2418 1157
4095 2303 256 3628 2446 1174
0 2559 256 1449 2456 1019
256 2559 256 1468 2456 1022
512 2559 256 1504 2458 1025
768 2559 256 1565 2460 1029
1024 2559 256 1659 2465 1035
1280 2559 256 1767 2471 1043
1536 2559 256 1899 2478 1053
1792 2559 256 2045 2488 1065
2048 2559 256 2199 2499 1079
2303 2559 256 2368 2513 1096
2559 2559 256 2541 2528 1114
2815 2559 256 2720 2546 1134
3071 2559 256 2904 2566 1157
3327 2559 256 3091 2588 1181
3583 2559 256 3282 2612 1207
3839 2559 256 3477 2638 1231
4095 2559 256 3674 2664 1252
0 2815 256 1594 2701 1114
256 2815 256 1610 2702 1115
512 2815 256 1642 2703 1117
768 2815 256 1698 2706 1121
1024 2815 256 1783 2710 1126
1280 2815 256 1883 2715 1133
1536 2815 256 2007 2722 1142
1792 2815 256 2144 2730 1153
2048 2815 256 2291 2740 1166
2303 2815 256 2453 2752 1181
2559 2815 256 2620 2765 1198
2815 2815 256 2794 2781 1216
3071 2815 256 2974 2799 1237
3327 2815 256 3157 2818 1259
3583 2815 256 3344 2839 1283
3839 2815 256 3534 2863 1307
4095 2815 256 3727 2887 1332
0 3071 256 1738 2947 1207
256 3071 256 1752 2948 1208
512 3071 256 1781 2949 1210
768 3071 256 1832 2951 1214
1024 3071 256 1911 2955 1219
1280 3071 256 2003 2959 1225
1536 3071 256 2119 2965 1233
1792 3071 256 2249 2973 1243
2048 3071 256 2389 2981 1255
2303 3071 256 2544 2992 1269
2559 3071 256 2705 3005 1284
2815 3071 256 2874 3018 1301
3071 3071 256 3049 3034 1320
3327 3071 256 3228 3051 1340
3583 3071 256 3411 3071 1362
3839 3071 256 3598 3092 1386
4095 3071 256 3787 3114 1410
0 3327 256 1881 3193 1301
256 3327 256 1895 3194 1302
512 3327 256 1921 3195 1304
768 3327 256 1967 3197 1307
1024 3327 256 2040 3200 1312
1280 3327 256 2126 3204 1317
1536 3327 256 2234 3210 1325
1792 3327 256 2357 3216 1334
2048 3327 256 2489 3224 1344
2303 3327 256 2639 3234 1357
2559 3327 256 2794 3244 1371
2815 3327 256 2957 3257 1387
3071 3327 256 3127 3271 1404
3327 3327 256 3301 3286 1423
3583 3327 256 3481 3304 1444
3839 3327 256 3664 3323 1466
4095 3327 256 3850 3343 1489
0 3583 256 2025 3439 1396
256 3583 256 2038 3440 1397
512 3583 256 2062 3441 1398
768 3583 256 2104 3442 1401
1024 3583 256 2172 3445 1405
1280 3583 256 2252 3449 1410
1536 3583 256 2354 3454 1417
1792 3583 256 2470 3460 1426
2048 3583 256 2595 3467 1435
2303 3583 256 2738 3476 1447
2559 3583 256 2888 3486 1460
2815 3583 256 3045 3497 1475
3071 3583 256 3211 3510 1491
3327 3583 256 3380 3524 1508
3583 3583 256 3556 3539 1527
3839 3583 256 3736 3557 1548
4095 3583 256 3917 3575 1570
0 3839 256 2141 3691 1456
256 3839 256 2153 3692 1457
512 3839 256 2175 3693 1458
768 3839 256 2215 3694 1460
1024 3839 256 2279 3697 1463
1280 3839 256 2354 3700 1467
1536 3839 256 2451 3705 1472
1792 3839 256 2562 3711 1478
2048 3839 256 2682 3717 1485
2303 3839 256 2821 3725 1493
2559 3839 256 2966 3734 1502
2815 3839 256 3119 3744 1511
3071 3839 256 3282 3756 1521
3327 3839 256 3449 3768 1532
3583 3839 256 3623 3783 1541
3839 3839 256 3799 3795 1546
4095 3839 256 3975 3807 1549
0 4095 256 2238 3947 1494
256 4095 256 2249 3948 1494
512 4095 256 2271 3949 1495
768 4095 256 2308 3950 1496
1024 4095 256 2368 3953 1497
1280 4095 256 2440 3956 1498
1536 4095 256 2533 3961 1500
1792 4095 256 2640 3966 1503
2048 4095 256 2756 3972 1506
2303 4095 256 2891 3979 1509
2559 4095 256 3033 3987 1511
2815 4095 256 3184 3997 1514
3071 4095 256 3345 4007 1515
3327 4095 256 3511 4018 1513
3583 4095 256 3684 4031 1508
3839 4095 256 3856 4037 1488
4095 4095 256 4027 4039 1460
0 0 512 38 104 486
256 0 512 234 125 481
512 0 512 440 162 481
768 0 512 659 221 491
1024 0 512 875 289 507
1280 0 512 1090 359 525
1536 0 512 1308 427 546
1792 0 512 1526 496 569
2048 0 512 1744 566 594
2303 0 512 1961 635 622
2559 0 512 2179 705 651
2815 0 512 2398 774 682
3071 0 512 2616 844 714
3327 0 512 2834 914 747
3583 0 512 3052 984 781
3839 0 512 3270 1054 816
4095 0 512 3488 1123 852
0 256 512 158 290 488
256 256 512 301 303 485
512 256 512 467 326 488
768 256 512 667 366 502
1024 256 512 872 418 522
1280 256 512 1080 474 544
1536 256 512 1297 530 566
1792 256 512 1515 588 589
2048 256 512 1734 647 613
2303 256 512 1952 709 640
2559 256 512 2170 771 668
2815 256 512 2389 835 698
3071 256 512 2608 900 729
3327 256 512 2827 965 761
3583 256 512 3046 1031 794
3839 256 512 3264 1097 829
4095 256 512 3483 1164 864
0 512 512 289 499 509
256 512 512 388 505 508
512 512 512 520 518 513
768 512 512 699 542 528
1024 512 512 893 579 549
1280 512 512 1093 621 572
1536 512 512 1303 666 594
1792 512 512 1516 715 618
2048 512 512 1730 766 643
2303 512 512 1945 820 670
2559 512 512 2162 876 698
2815 512 512 2379 934 727
3071 512 512 2598 993 757
3327 512 512 2816 1053 788
3583 512 512 3035 1114 820
3839 512 512 3255 1175 853
4095 512 512 3476 1236 885
0 768 512 435 741 555
256 768 512 507 743 560
512 768 512 612 751 568
768 768 512 766 766 579
1024 768 512 949 788 594
1280 768 512 1140 815 611
1536 768 512 1336 852 634
1792 768 512 1536 893 660
2048 768 512 1737 938 688
2303 768 512 1944 988 718
2559 768 512 2154 1039 748
2815 768 512 2366 1091 778
3071 768 512 2583 1143 807
3327 768 512 2801 1196 835
3583 768 512 3020 1250 865
3839 768 512 3242 1302 893
4095 768 512 3466 1353 920
0 1024 512 581 985 617
256 1024 512 637 986 624
512 1024 512 723 991 631
768 1024 512 854 1002 637
1024 1024 512 1021 1018 648
1280 1024 512 1201 1037 662
1536 1024 512 1390 1064 684
1792 1024 512 1583 1097 709
2048 1024 512 1779 1133 736
2303 1024 512 1979 1175 765
2559 1024 512 2182 1219 795
2815 1024 512 2387 1266 827
3071 1024 512 2596 1314 858
3327 1024 512 2806 1364 890
3583 1024 512 3018 1416 922
3839 1024 512 3244 1459 943
4095 1024 512 3478 1496 955
0 1280 512 726 1230 684
256 1280 512 771 1230 693
512 1280 512 842 1233 698
768 1280 512 952 1242 700
1024 1280 512 1104 1254 709
1280 1280 512 1270 1268 722
1536 1280 512 1452 1287 741
1792 1280 512 1640 1311 763
2048 1280 512 1830 1338 787
2303 1280 512 2025 1372 815
2559 1280 512 2222 1409 845
2815 1280 512 2420 1450 877
3071 1280 512 2621 1495 911
3327 1280 512 2823 1541 945
3583 1280 512 3028 1591 981
3839 1280 512 3255 1626 994
4095 1280 512 3496 1651 993
0 1536 512 871 1475 759
256 1536 512 909 1475 767
512 1536 512 972 1477 775
768 1536 512 1070 1483 781
1024 1536 512 1206 1492 789
1280 1536 512 1356 1504 800
1536 1536 512 1527 1520 816
1792 1536 512 1705 1540 835
2048 1536 512 1888 1562 856
2303 1536 512 2079 1590 881
2559 1536 512 2272 1620 907
2815 1536 512 2467 1654 936
3071 1536 512 2665 1692 966
3327 1536 512 2864 1732 998
3583 1536 512 3066 1776 1032
3839 1536 512 3287 1808 1044
4095 1536 512 3522 1833 1042
0 1792 512 1016 1720 838
256 1792 512 1049 1720 846
512 1792 512 1104 1721 854
768 1792 512 1192 1725 861
1024 1792 512 1314 1733 870
1280 1792 512 1451 1743 879
1536 1792 512 1611 1756 893
1792 1792 512 1780 1772 910
2048 1792 512 1956 1791 928
2303 1792 512 2141 1814 950
2559 1792 512 2329 1839 973
2815 1792 512 2521 1868 999
3071 1792 512 2716 1900 1027
3327 1792 512 2912 1934 1057
3583 1792 512 3110 1972 1088
3839 1792 512 3325 2003 1100
4095 1792 512 3552 2028 1098
0 2048 512 1162 1965 920
256 2048 512 1190 1965 927
512 2048 512 1238 1966 934
768 2048 512 1316 1969 942
1024 2048 512 1427 1976 950
1280 2048 512 1552 1983 959
1536 2048 512 1701 1994 971
1792 2048 512 1862 2008 986
2048 2048 512 2030 2023 1002
2303 2048 512 2209 2042 1021
2559 2048 512 2392 2064 1042
2815 2048 512 2579 2087 1065
3071 2048 512 2771 2115 1091
3327 2048 512 2964 2144 1118
3583 2048 512 3159 2177 1148
3839 2048 512 3368 2205 1160
4095 2048 512 3586 2232 1160
0 2303 512 1307 2210 1006
256 2303 512 1331 2210 1011
512 2303 512 1373 2211 1017
768 2303 512 1443 2213 1024
1024 2303 512 1545 2219 1032
1280 2303 512 1661 2225 1041
1536 2303 512 1801 2235 1052
1792 2303 512 1953 2246 1065
2048 2303 512 2114 2259 1079
2303 2303 512 2287 2276 1097
2559 2303 512 2464 2295 1116
2815 2303 512 2647 2315 1137
3071 2303 512 2834 2339 1160
3327 2303 512 3024 2365 1185
3583 2303 512 3216 2393 1212
3839 2303 512 3419 2420 1227
4095 2303 512 3627 2447 1233
0 2559 512 1452 2455 1093
256 2559 512 1473 2456 1097
512 2559 512 1510 2457 1102
768 2559 512 1573 2459 1109
1024 2559 512 1667 2463 1116
1280 2559 512 1774 2469 1124
1536 2559 512 1905 2477 1134
1792 2559 512 2049 2487 1145
2048 2559 512 2201 2498 1158
2303 2559 512 2368 2512 1174
2559 2559 512 2540 2528 1192
2815 2559 512 2718 2546 1211
3071 2559 512 2901 2567 1232
3327 2559 512 3087 2589 1255
3583 2559 512 3276 2614 1280
3839 2559 512 3472 2640 1297
4095 2559 512 3673 2665 1309
0 2815 512 1598 2701 1182
256 2815 512 1615 2701 1184
512 2815 512 1648 2702 1188
768 2815 512 1706 2704 1195
1024 2815 512 1791 2708 1202
1280 2815 512 1890 2713 1209
1536 2815 512 2013 2720 1218
1792 2815 512 2149 2729 1228
2048 2815 512 2294 2738 1240
2303 2815 512 2455 2751 1255
2559 2815 512 2620 2765 1270
2815 2815 512 2793 2781 1288
3071 2815 512 2972 2799 1308
3327 2815 512 3154 2819 1329
3583 2815 512 3340 2841 1352
3839 2815 512 3531 2864 1371
4095 2815 512 3724 2888 1389
0 3071 512 1742 2947 1271
256 3071 512 1757 2947 1273
512 3071 512 1788 2948 1277
768 3071 512 1840 2949 1283
1024 3071 512 1919 2953 1289
1280 3071 512 2011 2957 1296
1536 3071 512 2126 2964 1304
1792 3071 512 2255 2971 1313
2048 3071 512 2393 2980 1324
2303 3071 512 2547 2991 1337
2559 3071 512 2707 3004 1352
2815 3071 512 2874 3018 1368
3071 3071 512 3048 3034 1386
3327 3071 512 3226 3052 1406
3583 3071 512 3409 3071 1427
3839 3071 512 3595 3093 1448
4095 3071 512 3784 3115 1468
0 3327 512 1886 3192 1361
256 3327 512 1900 3193 1362
512 3327 512 1928 3194 1366
768 3327 512 1976 3195 1371
1024 3327 512 2049 3198 1377
1280 3327 512 2134 3202 1383
1536 3327 512 2241 3208 1390
1792 3327 512 2363 3215 1399
2048 3327 512 2494 3222 1409
2303 3327 512 2642 3232 1422
2559 3327 512 2796 3244 1435
2815 3327 512 2958 3256 1450
3071 3327 512 3128 3271 1467
3327 3327 512 3301 3286 1485
3583 3327 512 3480 3304 1505
3839 3327 512 3662 3323 1525
4095 3327 512 3847 3344 1547
0 3583 512 2030 3438 1451
256 3583 512 2043 3439 1453
512 3583 512 2068 3439 1456
768 3583 512 2113 3441 1462
1024 3583 512 2181 3443 1467
1280 3583 512 2260 3447 1472
1536 3583 512 2361 3452 1479
1792 3583 512 2476 3458 1487
2048 3583 512 2601 3466 1496
2303 3583 512 2743 3475 1508
2559 3583 512 2891 3485 1520
2815 3583 512 3047 3496 1534
3071 3583 512 3212 3509 1550
3327 3583 512 3381 3523 1566
3583 3583 512 3556 3539 1585
3839 3583 512 3734 3557 1605
4095 3583 512 3915 3575 1625
0 3839 512 2144 3691 1507
256 3839 512 2156 3691 1508
512 3839 512 2179 3692 1510
768 3839 512 2220 3693 1514
1024 3839 512 2284 3696 1517
1280 3839 512 2359 3699 1521
1536 3839 512 2455 3704 1526
1792 3839 512 2566 3710 1532
2048 3839 512 2685 3716 1538
2303 3839 512 2823 3725 1546
2559 3839 512 2968 3734 1555
2815 3839 512 3121 3744 1564
3071 3839 512 3283 3756 1574
3327 3839 512 3449 3768 1583
3583 3839 512 3623 3783 1592
3839 3839 512 3798 3795 1597
4095 3839 512 3974 3807 1599
0 4095 512 2238 3948 1539
256 4095 512 2249 3948 1539
512 4095 512 2270 3949 1539
768 4095 512 2308 3951 1540
1024 4095 512 2368 3953 1541
1280 4095 512 2439 3957 1542
1536 4095 512 2532 3961 1545
1792 4095 512 2640 3966 1547
2048 4095 512 2756 3972 1550
2303 4095 512 2891 3980 1552
2559 4095 512 3033 3988 1555
2815 4095 512 3184 3997 1558
3071 4095 512 3345 4007 1558
3327 4095 512 3510 4019 1557
3583 4095 512 3684 4031 1551
3839 4095 512 3856 4037 1532
4095 4095 512 4026 4038 1504
0 0 768 82 172 733
256 0 768 253 167 721
512 0 768 443 185 715
768 0 768 660 237 721
1024 0 768 876 302 730
1280 0 768 1091 369 740
1536 0 768 1308 436 756
1792 0 768 1526 503 774
2048 0 768 1744 571 793
2303 0 768 1961 640 814
2559 0 768 2179 709 837
2815 0 768 2397 778 860
3071 0 768 2615 848 886
3327 0 768 2833 917 912
3583 0 768 3051 987 940
3839 0 768 3270 1056 969
4095 0 768 3488 1126 999
0 256 768 173 322 723
256 256 768 311 325 706
512 256 768 472 342 700
768 256 768 667 380 712
1024 256 768 872 429 728
1280 256 768 1081 482 746
1536 256 768 1297 537 765
1792 256 768 1515 594 785
2048 256 768 1733 653 805
2303 256 768 1951 714 827
2559 256 768 2170 776 849
2815 256 768 2389 839 873
3071 256 768 2607 903 898
3327 256 768 2826 968 924
3583 256 768 3045 1034 951
3839 256 768 3263 1100 980
4095 256 768 3482 1167 1009
0 512 768 286 508 727
256 512 768 392 514 712
512 512 768 525 528 709
768 512 768 698 553 723
1024 512 768 894 587 740
1280 512 768 1097 625 759
1536 512 768 1305 671 782
1792 512 768 1516 720 804
2048 512 768 1727 771 827
2303 512 768 1943 826 850
2559 512 768 2160 881 873
2815 512 768 2378 938 896
3071 512 768 2597 997 921
3327 512 768 2816 1056 946
3583 512 768 3035 1117 973
3839 512 768 3254 1177 1000
4095 512 768 3475 1238 1027
0 768 768 434 747 753
256 768 768 508 749 751
512 768 768 614 757 754
768 768 768 765 772 765
1024 768 768 956 790 774
1280 768 768 1154 814 786
1536 768 768 1343 852 809
1792 768 768 1535 897 836
2048 768 768 1729 947 864
2303 768 768 1938 995 889
2559 768 768 2149 1045 913
2815 768 768 2364 1095 937
3071 768 768 2581 1147 961
3327 768 768 2800 1199 985
3583 768 768 3019 1253 1011
3839 768 768 3241 1305 1035
4095 768 768 3465 1355 1058
0 1024 768 579 989 800
256 1024 768 637 990 803
512 1024 768 721 996 804
768 1024 768 844 1009 801
1024 1024 768 1020 1022 806
1280 1024 768 1209 1038 816
1536 1024 768 1397 1065 839
1792 1024 768 1587 1099 866
2048 1024 768 1777 1137 895
2303 1024 768 1977 1179 922
2559 1024 768 2179 1223 950
2815 1024 768 2382 1271 980
3071 1024 768 2590 1320 1008
3327 1024 768 2800 1370 1036
3583 1024 768 3014 1421 1063
3839 1024 768 3241 1462 1079
4095 1024 768 3477 1497 1087
0 1280 768 724 1232 854
256 1280 768 770 1233 861
512 1280 768 837 1238 859
768 1280 768 935 1250 847
1024 1280 768 1093 1260 849
1280 1280 768 1269 1272 858
1536 1280 768 1457 1288 880
1792 1280 768 1645 1311 905
2048 1280 768 1835 1338 932
2303 1280 768 2027 1373 960
2559 1280 768 2220 1412 991
2815 1280 768 2412 1456 1025
3071 1280 768 2610 1503 1058
3327 1280 768 2811 1550 1089
3583 1280 768 3019 1598 1117
3839 1280 768 3249 1631 1125
4095 1280 768 3496 1652 1120
0 1536 768 869 1477 917
256 1536 768 908 1477 924
512 1536 768 970 1479 929
768 1536 768 1066 1486 932
1024 1536 768 1202 1495 937
1280 1536 768 1354 1507 944
1536 1536 768 1526 1522 961
1792 1536 768 1704 1541 981
2048 1536 768 1886 1564 1003
2303 1536 768 2074 1593 1026
2559 1536 768 2265 1625 1052
2815 1536 768 2458 1660 1080
3071 1536 768 2654 1699 1108
3327 1536 768 2852 1740 1137
3583 1536 768 3054 1784 1167
3839 1536 768 3279 1814 1173
4095 1536 768 3521 1835 1162
0 1792 768 1015 1722 984
256 1792 768 1048 1722 991
512 1792 768 1104 1723 999
768 1792 768 1195 1726 1010
1024 1792 768 1316 1734 1017
1280 1792 768 1451 1744 1025
1536 1792 768 1610 1757 1039
1792 1792 768 1778 1774 1055
2048 1792 768 1952 1793 1073
2303 1792 768 2135 1817 1094
2559 1792 768 2321 1843 1116
2815 1792 768 2511 1873 1139
3071 1792 768 2705 1906 1165
3327 1792 768 2900 1941 1192
3583 1792 768 3097 1980 1221
3839 1792 768 3317 2008 1225
4095 1792 768 3552 2030 1212
0 2048 768 1160 1967 1054
256 2048 768 1188 1966 1060
512 2048 768 1239 1967 1070
768 2048 768 1322 1968 1084
1024 2048 768 1433 1975 1094
1280 2048 768 1556 1983 1103
1536 2048 768 1703 1994 1115
1792 2048 768 1861 2008 1128
2048 2048 768 2027 2024 1143
2303 2048 768 2204 2044 1161
2559 2048 768 2385 2066 1181
2815 2048 768 2570 2091 1202
3071 2048 768 2760 2120 1226
3327 2048 768 2952 2150 1250
3583 2048 768 3146 2183 1277
3839 2048 768 3359 2210 1280
4095 2048 768 3585 2233 1266
0 2303 768 1306 2211 1129
256 2303 768 1330 2211 1135
512 2303 768 1375 2211 1144
768 2303 768 1451 2212 1159
1024 2303 768 1554 2217 1169
1280 2303 768 1669 2224 1179
1536 2303 768 1806 2233 1189
1792 2303 768 1956 2246 1201
2048 2303 768 2114 2259 1215
2303 2303 768 2285 2277 1231
2559 2303 768 2460 2296 1249
2815 2303 768 2640 2318 1268
3071 2303 768 2826 2343 1290
3327 2303 768 3014 2369 1312
3583 2303 768 3205 2399 1337
3839 2303 768 3411 2424 1342
4095 2303 768 3627 2448 1332
0 2559 768 1451 2456 1207
256 2559 768 1473 2456 1212
512 2559 768 1514 2456 1221
768 2559 768 1583 2457 1235
1024 2559 768 1677 2461 1246
1280 2559 768 1784 2466 1256
1536 2559 768 1912 2475 1265
1792 2559 768 2054 2485 1276
2048 2559 768 2204 2497 1287
2303 2559 768 2368 2512 1302
2559 2559 768 2538 2529 1318
2815 2559 768 2713 2548 1336
3071 2559 768 2895 2569 1356
3327 2559 768 3079 2592 1377
3583 2559 768 3267 2618 1400
3839 2559 768 3466 2643 1407
4095 2559 768 3672 2666 1403
0 2815 768 1597 2702 1287
256 2815 768 1616 2701 1292
512 2815 768 1653 2701 1300
768 2815 768 1716 2702 1314
1024 2815 768 1803 2705 1324
1280 2815 768 1902 2710 1333
1536 2815 768 2022 2717 1342
1792 2815 768 2156 2726 1351
2048 2815 768 2299 2737 1362
2303 2815 768 2457 2750 1376
2559 2815 768 2621 2764 1390
2815 2815 768 2791 2781 1407
3071 2815 768 2968 2800 1425
3327 2815 768 3148 2820 1444
3583 2815 768 3333 2843 1466
3839 2815 768 3525 2866 1477
4095 2815 768 3721 2890 1481
0 3071 768 1742 2947 1370
256 3071 768 1760 2947 1374
512 3071 768 1793 2947 1382
768 3071 768 1851 2947 1395
1024 3071 768 1932 2950 1405
1280 3071 768 2023 2954 1413
1536 3071 768 2136 2961 1421
1792 3071 768 2263 2969 1430
2048 3071 768 2399 2978 1440
2303 3071 768 2551 2990 1452
2559 3071 768 2709 3003 1466
2815 3071 768 2874 3017 1481
3071 3071 768 3047 3034 1498
3327 3071 768 3223 3052 1516
3583 3071 768 3404 3073 1536
3839 3071 768 3590 3094 1551
4095 3071 768 3779 3117 1563
0 3327 768 1887 3192 1454
256 3327 768 1903 3192 1458
512 3327 768 1934 3192 1465
768 3327 768 1988 3192 1478
1024 3327 768 2062 3195 1486
1280 3327 768 2147 3199 1494
1536 3327 768 2253 3205 1501
1792 3327 768 2372 3212 1509
2048 3327 768 2501 3220 1518
2303 3327 768 2648 3230 1530
2559 3327 768 2800 3242 1542
2815 3327 768 2960 3255 1556
3071 3327 768 3128 3270 1572
3327 3327 768 3300 3286 1589
3583 3327 768 3477 3304 1608
3839 3327 768 3658 3324 1626
4095 3327 768 3842 3345 1645
0 3583 768 2033 3438 1541
256 3583 768 2047 3438 1544
512 3583 768 2076 3438 1551
768 3583 768 2125 3438 1563
1024 3583 768 2194 3440 1570
1280 3583 768 2273 3444 1576
1536 3583 768 2372 3449 1583
1792 3583 768 2486 3456 1590
2048 3583 768 2609 3463 1599
2303 3583 768 2749 3472 1610
2559 3583 768 2896 3483 1622
2815 3583 768 3050 3495 1635
3071 3583 768 3214 3508 1649
3327 3583 768 3381 3523 1665
3583 3583 768 3555 3539 1683
3839 3583 768 3732 3557 1701
4095 3583 768 3912 3576 1720
0 3839 768 2146 3691 1590
256 3839 768 2158 3691 1592
512 3839 768 2184 3691 1597
768 3839 768 2228 3692 1604
1024 3839 768 2292 3694 1609
1280 3839 768 2366 3698 1613
1536 3839 768 2462 3702 1618
1792 3839 768 2572 3708 1623
2048 3839 768 2690 3715 1629
2303 3839 768 2827 3723 1637
2559 3839 768 2971 3733 1645
2815 3839 768 3123 3743 1654
3071 3839 768 3284 3755 1663
3327 3839 768 3450 3768 1672
3583 3839 768 3622 3783 1680
3839 3839 768 3797 3795 1685
4095 3839 768 3972 3807 1686
0 4095 768 2237 3948 1615
256 4095 768 2248 3949 1616
512 4095 768 2269 3949 1616
768 4095 768 2307 3951 1617
1024 4095 768 2367 3954 1618
1280 4095 768 2438 3957 1619
1536 4095 768 2532 3961 1621
1792 4095 768 2639 3967 1623
2048 4095 768 2755 3973 1626
2303 4095 768 2890 3980 1628
2559 4095 768 3032 3988 1631
2815 4095 768 3183 3997 1633
3071 4095 768 3344 4008 1634
3327 4095 768 3510 4019 1633
3583 4095 768 3684 4032 1626
3839 4095 768 3855 4037 1607
4095 4095 768 4025 4038 1579
0 0 1024 80 208 974
256 0 1024 250 201 965
512 0 1024 440 215 958
768 0 1024 661 263 954
1024 0 1024 878 321 958
1280 0 1024 1093 384 965
1536 0 1024 1310 448 978
1792 0 1024 1527 514 992
2048 0 1024 1745 581 1007
2303 0 1024 1961 648 1025
2559 0 1024 2179 716 1043
2815 0 1024 2397 785 1063
3071 0 1024 2615 853 1085
3327 0 1024 2833 922 1107
3583 0 1024 3051 992 1131
3839 0 1024 3269 1061 1155
4095 0 1024 3487 1130 1180
0 256 1024 170 344 962
256 256 1024 314 347 939
512 256 1024 478 364 926
768 256 1024 672 400 927
1024 256 1024 876 445 941
1280 256 1024 1084 495 958
1536 256 1024 1300 548 977
1792 256 1024 1516 603 995
2048 256 1024 1734 661 1013
2303 256 1024 1952 721 1032
2559 256 1024 2170 782 1052
2815 256 1024 2389 845 1072
3071 256 1024 2607 909 1094
3327 256 1024 2826 973 1116
3583 256 1024 3044 1039 1139
3839 256 1024 3263 1105 1164
4095 256 1024 3482 1171 1189
0 512 1024 284 520 959
256 512 1024 398 528 934
512 512 1024 534 542 922
768 512 1024 704 567 931
1024 512 1024 899 599 948
1280 512 1024 1101 635 967
1536 512 1024 1307 680 986
1792 512 1024 1516 729 1007
2048 512 1024 1728 779 1028
2303 512 1024 1943 833 1048
2559 512 1024 2160 887 1069
2815 512 1024 2378 944 1090
3071 512 1024 2596 1002 1112
3327 512 1024 2815 1061 1134
3583 512 1024 3034 1121 1157
3839 512 1024 3254 1182 1181
4095 512 1024 3474 1242 1204
0 768 1024 432 756 969
256 768 1024 511 758 960
512 768 1024 618 766 962
768 768 1024 765 779 983
1024 768 1024 957 797 992
1280 768 1024 1156 819 1000
1536 768 1024 1341 861 1011
1792 768 1024 1532 907 1030
2048 768 1024 1727 955 1054
2303 768 1024 1936 1003 1077
2559 768 1024 2148 1051 1099
2815 768 1024 2363 1100 1121
3071 768 1024 2581 1152 1143
3327 768 1024 2799 1203 1165
3583 768 1024 3018 1257 1188
3839 768 1024 3240 1309 1209
4095 768 1024 3465 1359 1230
0 1024 1024 578 996 1003
256 1024 1024 639 997 1001
512 1024 1024 724 1002 1004
768 1024 1024 845 1014 1012
1024 1024 1024 1021 1027 1018
1280 1024 1024 1209 1042 1025
1536 1024 1024 1398 1070 1036
1792 1024 1024 1591 1103 1054
2048 1024 1024 1787 1138 1075
2303 1024 1024 1981 1182 1102
2559 1024 1024 2178 1228 1130
2815 1024 1024 2380 1277 1158
3071 1024 1024 2587 1326 1184
3327 1024 1024 2797 1375 1209
3583 1024 1024 3011 1425 1233
3839 1024 1024 3239 1466 1247
4095 1024 1024 3477 1501 1255
0 1280 1024 724 1237 1046
256 1280 1024 771 1238 1049
512 1280 1024 839 1242 1049
768 1280 1024 939 1253 1045
1024 1280 1024 1093 1264 1048
1280 1280 1024 1267 1276 1054
1536 1280 1024 1460 1291 1068
1792 1280 1024 1657 1310 1084
2048 1280 1024 1855 1332 1101
2303 1280 1024 2038 1372 1130
2559 1280 1024 2224 1414 1160
2815 1280 1024 2414 1459 1192
3071 1280 1024 2610 1507 1223
3327 1280 1024 2809 1555 1253
3583 1280 1024 3016 1603 1280
3839 1280 1024 3247 1635 1288
4095 1280 1024 3495 1655 1283
0 1536 1024 869 1481 1100
256 1536 1024 908 1481 1105
512 1536 1024 970 1483 1109
768 1536 1024 1067 1489 1113
1024 1536 1024 1196 1501 1111
1280 1536 1024 1343 1514 1111
1536 1536 1024 1523 1527 1122
1792 1536 1024 1710 1543 1135
2048 1536 1024 1901 1562 1149
2303 1536 1024 2094 1589 1168
2559 1536 1024 2289 1617 1188
2815 1536 1024 2487 1649 1210
3071 1536 1024 2675 1692 1246
3327 1536 1024 2861 1738 1285
3583 1536 1024 3053 1787 1322
3839 1536 1024 3276 1818 1330
4095 1536 1024 3521 1837 1320
0 1792 1024 1014 1725 1159
256 1792 1024 1047 1725 1164
512 1792 1024 1103 1726 1171
768 1792 1024 1194 1729 1181
1024 1792 1024 1308 1739 1179
1280 1792 1024 1437 1752 1176
1536 1792 1024 1601 1764 1181
1792 1792 1024 1776 1779 1192
2048 1792 1024 1959 1794 1207
2303 1792 1024 2149 1815 1223
2559 1792 1024 2343 1837 1241
2815 1792 1024 2539 1862 1260
3071 1792 1024 2726 1898 1293
3327 1792 1024 2910 1938 1330
3583 1792 1024 3096 1983 1369
3839 1792 1024 3313 2012 1377
4095 1792 1024 3551 2032 1363
0 2048 1024 1160 1969 1221
256 2048 1024 1188 1969 1226
512 2048 1024 1238 1969 1234
768 2048 1024 1322 1971 1247
1024 2048 1024 1426 1979 1249
1280 2048 1024 1543 1989 1247
1536 2048 1024 1689 2002 1244
1792 2048 1024 1851 2015 1253
2048 2048 1024 2024 2029 1270
2303 2048 1024 2205 2047 1290
2559 2048 1024 2389 2068 1311
2815 2048 1024 2577 2092 1333
3071 2048 1024 2767 2119 1357
3327 2048 1024 2958 2149 1383
3583 2048 1024 3144 2186 1421
3839 2048 1024 3355 2214 1426
4095 2048 1024 3585 2235 1411
0 2303 1024 1305 2213 1288
256 2303 1024 1329 2213 1293
512 2303 1024 1375 2213 1302
768 2303 1024 1452 2214 1316
1024 2303 1024 1552 2219 1322
1280 2303 1024 1663 2227 1327
1536 2303 1024 1798 2238 1327
1792 2303 1024 1949 2250 1337
2048 2303 1024 2110 2263 1351
2303 2303 1024 2283 2280 1369
2559 2303 1024 2459 2298 1387
2815 2303 1024 2640 2320 1407
3071 2303 1024 2826 2344 1428
3327 2303 1024 3013 2371 1451
3583 2303 1024 3201 2402 1479
3839 2303 1024 3407 2427 1483
4095 2303 1024 3626 2449 1469
0 2559 1024 1450 2458 1358
256 2559 1024 1472 2458 1363
512 2559 1024 1513 2458 1371
768 2559 1024 1583 2458 1385
1024 2559 1024 1678 2462 1396
1280 2559 1024 1784 2468 1404
1536 2559 1024 1909 2477 1409
1792 2559 1024 2050 2488 1418
2048 2559 1024 2201 2499 1431
2303 2559 1024 2366 2514 1446
2559 2559 1024 2535 2531 1462
2815 2559 1024 2710 2550 1479
3071 2559 1024 2891 2572 1499
3327 2559 1024 3074 2595 1519
3583 2559 1024 3262 2621 1541
3839 2559 1024 3462 2645 1544
4095 2559 1024 3671 2668 1533
0 2815 1024 1596 2703 1430
256 2815 1024 1615 2703 1435
512 2815 1024 1653 2703 1443
768 2815 1024 1717 2703 1457
1024 2815 1024 1806 2706 1469
1280 2815 1024 1905 2710 1480
1536 2815 1024 2024 2718 1486
1792 2815 1024 2157 2727 1496
2048 2815 1024 2299 2737 1507
2303 2815 1024 2456 2751 1520
2559 2815 1024 2619 2766 1534
2815 2815 1024 2788 2782 1550
3071 2815 1024 2964 2802 1568
3327 2815 1024 3143 2823 1587
3583 2815 1024 3327 2846 1607
3839 2815 1024 3520 2869 1611
4095 2815 1024 3720 2891 1604
0 3071 1024 1741 2948 1506
256 3071 1024 1759 2948 1510
512 3071 1024 1793 2948 1518
768 3071 1024 1853 2948 1532
1024 3071 1024 1935 2950 1544
1280 3071 1024 2029 2954 1556
1536 3071 1024 2141 2960 1563
1792 3071 1024 2267 2968 1573
2048 3071 1024 2402 2978 1582
2303 3071 1024 2553 2990 1595
2559 3071 1024 2709 3003 1608
2815 3071 1024 2873 3018 1622
3071 3071 1024 3044 3035 1639
3327 3071 1024 3219 3054 1656
3583 3071 1024 3399 3075 1675
3839 3071 1024 3585 3097 1684
4095 3071 1024 3777 3119 1686
0 3327 1024 1887 3193 1583
256 3327 1024 1903 3193 1587
512 3327 1024 1935 3193 1595
768 3327 1024 1989 3193 1608
1024 3327 1024 2066 3195 1620
1280 3327 1024 2154 3198 1632
1536 3327 1024 2260 3203 1641
1792 3327 1024 2379 3210 1649
2048 3327 1024 2507 3219 1658
2303 3327 1024 2652 3230 1670
2559 3327 1024 2802 3241 1682
2815 3327 1024 2961 3255 1695
3071 3327 1024 3127 3270 1710
3327 3327 1024 3297 3287 1726
3583 3327 1024 3473 3306 1744
3839 3327 1024 3654 3326 1758
4095 3327 1024 3837 3347 1769
0 3583 1024 2033 3439 1663
256 3583 1024 2047 3439 1667
512 3583 1024 2076 3438 1674
768 3583 1024 2127 3438 1687
1024 3583 1024 2199 3440 1699
1280 3583 1024 2281 3442 1710
1536 3583 1024 2382 3447 1719
1792 3583 1024 2495 3454 1727
2048 3583 1024 2616 3461 1736
2303 3583 1024 2755 3471 1746
2559 3583 1024 2900 3482 1757
2815 3583 1024 3053 3494 1770
3071 3583 1024 3215 3508 1784
3327 3583 1024 3380 3523 1799
3583 3583 1024 3552 3540 1815
3839 3583 1024 3729 3558 1832
4095 3583 1024 3908 3578 1848
0 3839 1024 2145 3691 1708
256 3839 1024 2158 3692 1711
512 3839 1024 2184 3692 1715
768 3839 1024 2228 3692 1723
1024 3839 1024 2295 3694 1731
1280 3839 1024 2372 3697 1738
1536 3839 1024 2468 3701 1744
1792 3839 1024 2577 3707 1750
2048 3839 1024 2695 3714 1756
2303 3839 1024 2831 3723 1763
2559 3839 1024 2973 3732 1771
2815 3839 1024 3124 3743 1780
3071 3839 1024 3285 3755 1788
3327 3839 1024 3449 3768 1797
3583 3839 1024 3621 3783 1805
3839 3839 1024 3794 3796 1808
4095 3839 1024 3969 3808 1809
0 4095 1024 2235 3949 1730
256 4095 1024 2246 3950 1730
512 4095 1024 2268 3950 1730
768 4095 1024 2305 3952 1731
1024 4095 1024 2365 3955 1732
1280 4095 1024 2437 3958 1733
1536 4095 1024 2530 3962 1735
1792 4095 1024 2637 3968 1737
2048 4095 1024 2754 3974 1739
2303 4095 1024 2889 3981 1742
2559 4095 1024 3031 3989 1744
2815 4095 1024 3182 3998 1747
3071 4095 1024 3343 4009 1747
3327 4095 1024 3509 4020 1746
3583 4095 1024 3683 4033 1739
3839 4095 1024 3854 4037 1720
4095 4095 1024 4023 4037 1692
0 0 1280 71 237 1214
256 0 1280 243 234 1209
512 0 1280 437 248 1201
768 0 1280 662 291 1190
1024 0 1280 880 344 1190
1280 0 1280 1096 401 1194
1536 0 1280 1312 463 1203
1792 0 1280 1529 526 1214
2048 0 1280 1746 591 1227
2303 0 1280 1962 658 1242
2559 0 1280 2180 725 1257
2815 0 1280 2397 792 1274
3071 0 1280 2615 860 1292
3327 0 1280 2833 929 1311
3583 0 1280 3051 997 1331
3839 0 1280 3269 1066 1352
4095 0 1280 3487 1135 1374
0 256 1280 163 365 1202
256 256 1280 314 370 1176
512 256 1280 483 387 1157
768 256 1280 679 422 1146
1024 256 1280 882 464 1158
1280 256 1280 1089 509 1175
1536 256 1280 1303 560 1193
1792 256 1280 1519 614 1210
2048 256 1280 1736 670 1227
2303 256 1280 1953 730 1244
2559 256 1280 2171 790 1262
2815 256 1280 2389 852 1280
3071 256 1280 2607 915 1298
3327 256 1280 2826 979 1318
3583 256 1280 3044 1044 1338
3839 256 1280 3263 1110 1359
4095 256 1280 3481 1176 1381
0 512 1280 280 534 1194
256 512 1280 402 543 1162
512 512 1280 543 558 1143
768 512 1280 712 583 1143
1024 512 1280 905 613 1160
1280 512 1280 1105 647 1181
1536 512 1280 1309 692 1196
1792 512 1280 1518 739 1214
2048 512 1280 1729 788 1234
2303 512 1280 1944 841 1253
2559 512 1280 2160 895 1272
2815 512 1280 2378 950 1292
3071 512 1280 2596 1008 1311
3327 512 1280 2815 1067 1331
3583 512 1280 3034 1127 1352
3839 512 1280 3253 1187 1373
4095 512 1280 3474 1247 1394
0 768 1280 431 766 1194
256 768 1280 514 769 1177
512 768 1280 623 776 1176
768 768 1280 769 789 1200
1024 768 1280 959 806 1213
1280 768 1280 1155 829 1221
1536 768 1280 1337 873 1218
1792 768 1280 1529 918 1229
2048 768 1280 1727 964 1249
2303 768 1280 1936 1010 1271
2559 768 1280 2148 1058 1292
2815 768 1280 2363 1107 1314
3071 768 1280 2580 1157 1334
3327 768 1280 2798 1209 1355
3583 768 1280 3017 1262 1376
3839 768 1280 3240 1313 1396
4095 768 1280 3464 1363 1415
0 1024 1280 578 1003 1216
256 1024 1280 641 1005 1208
512 1024 1280 728 1010 1210
768 1024 1280 853 1020 1227
1024 1024 1280 1024 1032 1239
1280 1024 1280 1208 1049 1247
1536 1024 1280 1397 1078 1246
1792 1024 1280 1594 1108 1254
2048 1024 1280 1796 1140 1267
2303 1024 1280 1985 1187 1293
2559 1024 1280 2178 1234 1318
2815 1024 1280 2378 1283 1344
3071 1024 1280 2585 1332 1368
3327 1024 1280 2796 1381 1391
3583 1024 1280 3010 1430 1413
3839 1024 1280 3238 1470 1428
4095 1024 1280 3476 1504 1436
0 1280 1280 724 1243 1247
256 1280 1280 772 1244 1246
512 1280 1280 843 1247 1248
768 1280 1280 949 1256 1254
1024 1280 1280 1098 1268 1262
1280 1280 1280 1265 1281 1269
1536 1280 1280 1463 1294 1274
1792 1280 1280 1667 1310 1280
2048 1280 1280 1875 1328 1287
2303 1280 1280 2048 1372 1313
2559 1280 1280 2228 1417 1340
2815 1280 1280 2416 1463 1368
3071 1280 1280 2611 1511 1397
3327 1280 1280 2809 1559 1426
3583 1280 1280 3014 1608 1452
3839 1280 1280 3246 1639 1462
4095 1280 1280 3495 1659 1460
0 1536 1280 869 1485 1293
256 1536 1280 908 1485 1295
512 1536 1280 971 1488 1298
768 1536 1280 1070 1493 1303
1024 1536 1280 1192 1507 1299
1280 1536 1280 1332 1522 1294
1536 1536 1280 1520 1533 1299
1792 1536 1280 1716 1546 1305
2048 1536 1280 1917 1561 1311
2303 1536 1280 2114 1585 1324
2559 1536 1280 2314 1610 1338
2815 1536 1280 2519 1638 1353
3071 1536 1280 2697 1684 1396
3327 1536 1280 2871 1736 1444
3583 1536 1280 3054 1789 1486
3839 1536 1280 3274 1822 1499
4095 1536 1280 3520 1840 1492
0 1792 1280 1014 1728 1344
256 1792 1280 1047 1728 1347
512 1792 1280 1103 1730 1352
768 1792 1280 1194 1733 1359
1024 1792 1280 1301 1746 1351
1280 1792 1280 1423 1760 1340
1536 1792 1280 1592 1772 1337
1792 1792 1280 1775 1784 1342
2048 1792 1280 1967 1796 1353
2303 1792 1280 2166 1813 1366
2559 1792 1280 2367 1831 1379
2815 1792 1280 2571 1851 1393
3071 1792 1280 2751 1889 1431
3327 1792 1280 2925 1934 1477
3583 1792 1280 3098 1984 1527
3839 1792 1280 3311 2016 1540
4095 1792 1280 3550 2034 1529
0 2048 1280 1159 1972 1399
256 2048 1280 1187 1972 1403
512 2048 1280 1237 1972 1409
768 2048 1280 1321 1974 1419
1024 2048 1280 1419 1984 1413
1280 2048 1280 1529 1997 1402
1536 2048 1280 1673 2011 1384
1792 2048 1280 1840 2024 1388
2048 2048 1280 2022 2034 1407
2303 2048 1280 2209 2050 1427
2559 2048 1280 2398 2069 1447
2815 2048 1280 2589 2090 1469
3071 2048 1280 2783 2116 1491
3327 2048 1280 2972 2146 1520
3583 2048 1280 3145 2188 1572
3839 2048 1280 3353 2217 1585
4095 2048 1280 3584 2237 1571
0 2303 1280 1304 2215 1460
256 2303 1280 1329 2215 1464
512 2303 1280 1374 2215 1471
768 2303 1280 1450 2216 1482
1024 2303 1280 1547 2223 1484
1280 2303 1280 1655 2232 1483
1536 2303 1280 1785 2246 1471
1792 2303 1280 1937 2257 1476
2048 2303 1280 2104 2268 1491
2303 2303 1280 2281 2284 1508
2559 2303 1280 2461 2301 1525
2815 2303 1280 2645 2321 1544
3071 2303 1280 2834 2344 1564
3327 2303 1280 3021 2370 1588
3583 2303 1280 3201 2404 1627
3839 2303 1280 3405 2430 1635
4095 2303 1280 3626 2451 1622
0 2559 1280 1449 2460 1522
256 2559 1280 1471 2460 1526
512 2559 1280 1512 2460 1534
768 2559 1280 1582 2460 1546
1024 2559 1280 1676 2464 1555
1280 2559 1280 1780 2470 1561
1536 2559 1280 1900 2482 1556
1792 2559 1280 2040 2493 1561
2048 2559 1280 2194 2504 1572
2303 2559 1280 2361 2519 1587
2559 2559 1280 2532 2534 1603
2815 2559 1280 2710 2553 1619
3071 2559 1280 2892 2574 1638
3327 2559 1280 3076 2597 1658
3583 2559 1280 3259 2624 1687
3839 2559 1280 3459 2648 1691
4095 2559 1280 3670 2670 1678
0 2815 1280 1595 2705 1588
256 2815 1280 1614 2705 1592
512 2815 1280 1652 2704 1599
768 2815 1280 1716 2705 1611
1024 2815 1280 1805 2707 1624
1280 2815 1280 1906 2711 1635
1536 2815 1280 2021 2720 1637
1792 2815 1280 2152 2730 1643
2048 2815 1280 2293 2741 1650
2303 2815 1280 2452 2754 1664
2559 2815 1280 2615 2769 1679
2815 2815 1280 2786 2785 1695
3071 2815 1280 2962 2804 1712
3327 2815 1280 3141 2825 1731
3583 2815 1280 3323 2849 1752
3839 2815 1280 3518 2871 1753
4095 2815 1280 3720 2893 1740
0 3071 1280 1740 2950 1657
256 3071 1280 1758 2950 1660
512 3071 1280 1792 2949 1668
768 3071 1280 1851 2949 1680
1024 3071 1280 1936 2951 1694
1280 3071 1280 2032 2954 1707
1536 3071 1280 2143 2961 1714
1792 3071 1280 2267 2970 1721
2048 3071 1280 2399 2980 1728
2303 3071 1280 2550 2992 1740
2559 3071 1280 2707 3005 1754
2815 3071 1280 2871 3020 1768
3071 3071 1280 3041 3037 1785
3327 3071 1280 3215 3056 1802
3583 3071 1280 3395 3077 1820
3839 3071 1280 3582 3099 1824
4095 3071 1280 3775 3121 1819
0 3327 1280 1886 3195 1727
256 3327 1280 1902 3195 1731
512 3327 1280 1933 3194 1738
768 3327 1280 1988 3194 1750
1024 3327 1280 2068 3195 1765
1280 3327 1280 2159 3197 1780
1536 3327 1280 2265 3203 1790
1792 3327 1280 2383 3210 1798
2048 3327 1280 2508 3219 1805
2303 3327 1280 2652 3230 1816
2559 3327 1280 2802 3242 1828
2815 3327 1280 2960 3256 1841
3071 3327 1280 3125 3271 1856
3327 3327 1280 3294 3288 1872
3583 3327 1280 3469 3308 1889
3839 3327 1280 3650 3328 1898
4095 3327 1280 3834 3349 1902
0 3583 1280 2032 3440 1801
256 3583 1280 2046 3440 1804
512 3583 1280 2075 3440 1811
768 3583 1280 2126 3439 1822
1024 3583 1280 2201 3440 1838
1280 3583 1280 2287 3442 1853
1536 3583 1280 2389 3446 1865
1792 3583 1280 2501 3453 1874
2048 3583 1280 2620 3460 1881
2303 3583 1280 2758 3470 1891
2559 3583 1280 2902 3481 1902
2815 3583 1280 3054 3494 1914
3071 3583 1280 3214 3508 1928
3327 3583 1280 3379 3523 1942
3583 3583 1280 3550 3541 1959
3839 3583 1280 3725 3560 1973
4095 3583 1280 3903 3580 1986
0 3839 1280 2144 3693 1841
256 3839 1280 2157 3693 1844
512 3839 1280 2182 3693 1848
768 3839 1280 2227 3693 1855
1024 3839 1280 2296 3695 1865
1280 3839 1280 2375 3697 1875
1536 3839 1280 2472 3701 1884
1792 3839 1280 2581 3707 1890
2048 3839 1280 2698 3714 1895
2303 3839 1280 2833 3722 1902
2559 3839 1280 2975 3732 1910
2815 3839 1280 3125 3743 1918
3071 3839 1280 3285 3755 1926
3327 3839 1280 3448 3769 1935
3583 3839 1280 3619 3784 1942
3839 3839 1280 3792 3797 1945
4095 3839 1280 3965 3809 1946
0 4095 1280 2234 3950 1860
256 4095 1280 2245 3951 1860
512 4095 1280 2266 3952 1861
768 4095 1280 2303 3953 1861
1024 4095 1280 2364 3956 1862
1280 4095 1280 2436 3959 1863
1536 4095 1280 2529 3964 1865
1792 4095 1280 2636 3969 1867
2048 4095 1280 2752 3975 1869
2303 4095 1280 2888 3982 1872
2559 4095 1280 3030 3990 1874
2815 4095 1280 3181 4000 1876
3071 4095 1280 3342 4010 1876
3327 4095 1280 3508 4021 1875
3583 4095 1280 3682 4034 1869
3839 4095 1280 3853 4038 1849
4095 4095 1280 4023 4038 1822
0 0 1536 71 271 1453
256 0 1536 242 272 1447
512 0 1536 436 287 1439
768 0 1536 663 323 1429
1024 0 1536 882 370 1426
1280 0 1536 1099 423 1427
1536 0 1536 1315 481 1433
1792 0 1536 1531 543 1442
2048 0 1536 1748 605 1452
2303 0 1536 1964 670 1465
2559 0 1536 2181 736 1478
2815 0 1536 2398 802 1493
3071 0 1536 2616 870 1509
3327 0 1536 2834 937 1526
3583 0 1536 3051 1005 1544
3839 0 1536 3269 1074 1562
4095 0 1536 3487 1142 1582
0 256 1536 157 390 1443
256 256 1536 313 397 1418
512 256 1536 487 414 1394
768 256 1536 688 446 1374
1024 256 1536 891 485 1383
1280 256 1536 1096 528 1399
1536 256 1536 1309 576 1415
1792 256 1536 1523 629 1431
2048 256 1536 1739 683 1447
2303 256 1536 1955 741 1463
2559 256 1536 2173 800 1479
2815 256 1536 2390 861 1495
3071 256 1536 2608 924 1513
3327 256 1536 2827 987 1530
3583 256 1536 3045 1052 1549
3839 256 1536 3263 1117 1568
4095 256 1536 3481 1182 1587
0 512 1536 271 552 1435
256 512 1536 401 561 1403
512 512 1536 550 576 1374
768 512 1536 727 602 1352
1024 512 1536 916 631 1371
1280 512 1536 1111 663 1396
1536 512 1536 1314 706 1409
1792 512 1536 1521 752 1426
2048 512 1536 1732 800 1446
2303 512 1536 1947 851 1465
2559 512 1536 2162 904 1483
2815 512 1536 2380 959 1502
3071 512 1536 2598 1016 1521
3327 512 1536 2816 1074 1540
3583 512 1536 3034 1134 1559
3839 512 1536 3254 1193 1578
4095 512 1536 3474 1253 1597
0 768 1536 428 778 1429
256 768 1536 516 782 1409
512 768 1536 631 790 1391
768 768 1536 787 805 1379
1024 768 1536 966 822 1404
1280 768 1536 1151 845 1430
1536 768 1536 1337 888 1421
1792 768 1536 1530 931 1429
2048 768 1536 1729 975 1449
2303 768 1536 1938 1020 1472
2559 768 1536 2150 1067 1494
2815 768 1536 2365 1115 1515
3071 768 1536 2582 1165 1536
3327 768 1536 2799 1216 1556
3583 768 1536 3018 1269 1577
3839 768 1536 3240 1319 1596
4095 768 1536 3465 1369 1614
0 1024 1536 577 1013 1440
256 1024 1536 642 1015 1429
512 1024 1536 735 1020 1419
768 1024 1536 871 1030 1412
1024 1024 1536 1032 1043 1439
1280 1024 1536 1205 1060 1466
1536 1024 1536 1396 1088 1462
1792 1024 1536 1594 1118 1467
2048 1024 1536 1797 1149 1480
2303 1024 1536 1983 1196 1498
2559 1024 1536 2175 1244 1517
2815 1024 1536 2377 1292 1540
3071 1024 1536 2585 1339 1563
3327 1024 1536 2795 1388 1585
3583 1024 1536 3010 1437 1607
3839 1024 1536 3238 1476 1622
4095 1024 1536 3476 1510 1633
0 1280 1536 723 1251 1460
256 1280 1536 772 1252 1456
512 1280 1536 848 1255 1452
768 1280 1536 965 1262 1449
1024 1280 1536 1106 1274 1474
1280 1280 1536 1263 1287 1500
1536 1280 1536 1462 1300 1504
1792 1280 1536 1666 1316 1509
2048 1280 1536 1873 1334 1514
2303 1280 1536 2043 1381 1526
2559 1280 1536 2222 1427 1541
2815 1280 1536 2413 1472 1563
3071 1280 1536 2608 1519 1589
3327 1280 1536 2807 1567 1615
3583 1280 1536 3013 1614 1639
3839 1280 1536 3245 1645 1651
4095 1280 1536 3494 1663 1654
0 1536 1536 869 1492 1497
256 1536 1536 909 1492 1496
512 1536 1536 974 1494 1496
768 1536 1536 1079 1499 1497
1024 1536 1536 1196 1512 1508
1280 1536 1536 1331 1527 1520
1536 1536 1536 1519 1538 1524
1792 1536 1536 1715 1551 1529
2048 1536 1536 1916 1565 1534
2303 1536 1536 2112 1590 1542
2559 1536 1536 2312 1616 1552
2815 1536 1536 2517 1643 1564
3071 1536 1536 2693 1691 1599
3327 1536 1536 2865 1744 1638
3583 1536 1536 3051 1796 1672
3839 1536 1536 3273 1827 1684
4095 1536 1536 3520 1844 1682
0 1792 1536 1014 1734 1542
256 1792 1536 1047 1734 1543
512 1792 1536 1105 1735 1545
768 1792 1536 1198 1738 1549
1024 1792 1536 1302 1750 1552
1280 1792 1536 1421 1765 1554
1536 1792 1536 1589 1777 1552
1792 1792 1536 1773 1789 1555
2048 1792 1536 1966 1801 1562
2303 1792 1536 2168 1816 1570
2559 1792 1536 2372 1833 1578
2815 1792 1536 2579 1852 1588
3071 1792 1536 2759 1890 1618
3327 1792 1536 2931 1936 1656
3583 1792 1536 3098 1989 1706
3839 1792 1536 3309 2021 1722
4095 1792 1536 3550 2038 1715
0 2048 1536 1159 1976 1591
256 2048 1536 1187 1976 1593
512 2048 1536 1238 1977 1598
768 2048 1536 1322 1978 1604
1024 2048 1536 1418 1989 1603
1280 2048 1536 1527 2001 1597
1536 2048 1536 1668 2017 1585
1792 2048 1536 1836 2029 1586
2048 2048 1536 2021 2039 1595
2303 2048 1536 2215 2053 1605
2559 2048 1536 2412 2068 1615
2815 2048 1536 2613 2085 1626
3071 2048 1536 2813 2107 1643
3327 2048 1536 3002 2136 1672
3583 2048 1536 3151 2189 1741
3839 2048 1536 3350 2222 1762
4095 2048 1536 3584 2240 1752
0 2303 1536 1304 2219 1646
256 2303 1536 1328 2219 1649
512 2303 1536 1374 2219 1654
768 2303 1536 1451 2220 1663
1024 2303 1536 1546 2227 1666
1280 2303 1536 1649 2237 1663
1536 2303 1536 1765 2256 1638
1792 2303 1536 1916 2269 1632
2048 2303 1536 2092 2278 1640
2303 2303 1536 2278 2291 1649
2559 2303 1536 2469 2304 1658
2815 2303 1536 2664 2320 1669
3071 2303 1536 2862 2338 1682
3327 2303 1536 3052 2362 1708
3583 2303 1536 3208 2405 1782
3839 2303 1536 3404 2434 1806
4095 2303 1536 3625 2454 1797
0 2559 1536 1449 2463 1704
256 2559 1536 1471 2463 1707
512 2559 1536 1512 2463 1713
768 2559 1536 1582 2463 1723
1024 2559 1536 1675 2468 1730
1280 2559 1536 1774 2476 1730
1536 2559 1536 1876 2493 1704
1792 2559 1536 2012 2506 1695
2048 2559 1536 2172 2517 1696
2303 2559 1536 2350 2528 1707
2559 2559 1536 2532 2541 1718
2815 2559 1536 2720 2555 1730
3071 2559 1536 2913 2572 1743
3327 2559 1536 3101 2592 1766
3583 2559 1536 3268 2625 1829
3839 2559 1536 3460 2651 1852
4095 2559 1536 3670 2673 1846
0 2815 1536 1594 2707 1764
256 2815 1536 1614 2707 1768
512 2815 1536 1651 2707 1774
768 2815 1536 1715 2707 1784
1024 2815 1536 1804 2710 1795
1280 2815 1536 1901 2715 1801
1536 2815 1536 2008 2727 1792
1792 2815 1536 2132 2740 1782
2048 2815 1536 2267 2754 1770
2303 2815 1536 2435 2764 1785
2559 2815 1536 2607 2776 1801
2815 2815 1536 2784 2791 1818
3071 2815 1536 2965 2808 1837
3327 2815 1536 3148 2827 1857
3583 2815 1536 3330 2850 1885
3839 2815 1536 3521 2873 1898
4095 2815 1536 3720 2896 1902
0 3071 1536 1740 2952 1828
256 3071 1536 1757 2952 1831
512 3071 1536 1792 2952 1837
768 3071 1536 1850 2952 1848
1024 3071 1536 1935 2954 1860
1280 3071 1536 2029 2957 1870
1536 3071 1536 2135 2966 1871
1792 3071 1536 2253 2977 1866
2048 3071 1536 2379 2989 1857
2303 3071 1536 2536 3000 1872
2559 3071 1536 2698 3011 1887
2815 3071 1536 2866 3025 1903
3071 3071 1536 3039 3041 1920
3327 3071 1536 3215 3059 1939
3583 3071 1536 3396 3080 1958
3839 3071 1536 3583 3101 1967
4095 3071 1536 3775 3123 1969
0 3327 1536 1885 3197 1893
256 3327 1536 1901 3197 1896
512 3327 1536 1933 3196 1903
768 3327 1536 1987 3196 1913
1024 3327 1536 2066 3197 1926
1280 3327 1536 2156 3200 1939
1536 3327 1536 2261 3206 1946
1792 3327 1536 2375 3215 1948
2048 3327 1536 2496 3225 1946
2303 3327 1536 2642 3235 1958
2559 3327 1536 2794 3247 1971
2815 3327 1536 2954 3260 1985
3071 3327 1536 3121 3275 2001
3327 3327 1536 3291 3292 2017
3583 3327 1536 3466 3311 2035
3839 3327 1536 3648 3331 2043
4095 3327 1536 3834 3352 2044
0 3583 1536 2031 3442 1961
256 3583 1536 2045 3442 1964
512 3583 1536 2074 3441 1970
768 3583 1536 2125 3441 1981
1024 3583 1536 2200 3442 1995
1280 3583 1536 2285 3444 2009
1536 3583 1536 2387 3448 2019
1792 3583 1536 2497 3455 2025
2048 3583 1536 2614 3464 2027
2303 3583 1536 2753 3474 2038
2559 3583 1536 2897 3484 2050
2815 3583 1536 3050 3497 2062
3071 3583 1536 3211 3511 2077
3327 3583 1536 3375 3526 2091
3583 3583 1536 3546 3544 2108
3839 3583 1536 3722 3562 2122
4095 3583 1536 3900 3582 2135
0 3839 1536 2143 3694 1999
256 3839 1536 2156 3694 2001
512 3839 1536 2181 3695 2005
768 3839 1536 2225 3695 2012
1024 3839 1536 2294 3696 2021
1280 3839 1536 2373 3698 2030
1536 3839 1536 2471 3703 2038
1792 3839 1536 2579 3709 2044
2048 3839 1536 2695 3716 2047
2303 3839 1536 2830 3725 2054
2559 3839 1536 2972 3734 2062
2815 3839 1536 3123 3745 2071
3071 3839 1536 3282 3757 2079
3327 3839 1536 3446 3771 2088
3583 3839 1536 3617 3786 2096
3839 3839 1536 3790 3800 2099
4095 3839 1536 3964 3813 2099
0 4095 1536 2232 3952 2017
256 4095 1536 2243 3952 2017
512 4095 1536 2264 3953 2017
768 4095 1536 2302 3955 2018
1024 4095 1536 2362 3957 2019
1280 4095 1536 2434 3961 2020
1536 4095 1536 2527 3965 2022
1792 4095 1536 2634 3970 2023
2048 4095 1536 2751 3976 2026
2303 4095 1536 2886 3984 2028
2559 4095 1536 3028 3992 2031
2815 4095 1536 3180 4001 2033
3071 4095 1536 3341 4011 2034
3327 4095 1536 3507 4023 2033
3583 4095 1536 3681 4035 2027
3839 4095 1536 3854 4041 2007
4095 4095 1536 4026 4043 1979
0 0 1792 77 311 1693
256 0 1792 241 312 1687
512 0 1792 432 325 1679
768 0 1792 663 356 1669
1024 0 1792 884 399 1664
1280 0 1792 1102 447 1662
1536 0 1792 1318 503 1666
1792 0 1792 1534 561 1672
2048 0 1792 1751 622 1680
2303 0 1792 1966 685 1690
2559 0 1792 2183 749 1702
2815 0 1792 2400 814 1715
3071 0 1792 2617 881 1729
3327 0 1792 2835 947 1744
3583 0 1792 3052 1015 1760
3839 0 1792 3270 1082 1777
4095 0 1792 3487 1150 1794
0 256 1792 151 420 1685
256 256 1792 310 426 1661
512 256 1792 489 443 1635
768 256 1792 696 473 1608
1024 256 1792 899 509 1613
1280 256 1792 1103 548 1627
1536 256 1792 1314 595 1641
1792 256 1792 1528 645 1656
2048 256 1792 1743 698 1670
2303 256 1792 1958 754 1685
2559 256 1792 2175 813 1699
2815 256 1792 2392 873 1714
3071 256 1792 2610 934 1730
3327 256 1792 2828 997 1746
3583 256 1792 3046 1061 1763
3839 256 1792 3264 1125 1781
4095 256 1792 3482 1190 1798
0 512 1792 260 573 1676
256 512 1792 398 581 1645
512 512 1792 555 597 1611
768 512 1792 740 623 1575
1024 512 1792 927 651 1588
1280 512 1792 1118 682 1612
1536 512 1792 1320 723 1625
1792 512 1792 1527 767 1642
2048 512 1792 1737 813 1661
2303 512 1792 1950 864 1680
2559 512 1792 2165 915 1698
2815 512 1792 2382 970 1716
3071 512 1792 2599 1026 1734
3327 512 1792 2817 1083 1752
3583 512 1792 3035 1142 1770
3839 512 1792 3254 1201 1788
4095 512 1792 3474 1260 1806
0 768 1792 424 792 1667
256 768 1792 515 796 1645
512 768 1792 636 805 1618
768 768 1792 802 822 1583
1024 768 1792 976 841 1602
1280 768 1792 1154 865 1627
1536 768 1792 1341 905 1622
1792 768 1792 1535 946 1632
2048 768 1792 1734 988 1653
2303 768 1792 1942 1032 1676
2559 768 1792 2153 1077 1699
2815 768 1792 2367 1124 1721
3071 768 1792 2584 1173 1741
3327 768 1792 2801 1224 1762
3583 768 1792 3019 1276 1782
3839 768 1792 3241 1327 1801
4095 768 1792 3465 1376 1819
0 1024 1792 574 1024 1671
256 1024 1792 642 1026 1656
512 1024 1792 740 1032 1638
768 1024 1792 885 1043 1613
1024 1024 1792 1042 1057 1638
1280 1024 1792 1208 1074 1668
1536 1024 1792 1398 1100 1674
1792 1024 1792 1593 1130 1681
2048 1024 1792 1793 1162 1689
2303 1024 1792 1981 1209 1702
2559 1024 1792 2175 1255 1718
2815 1024 1792 2377 1301 1740
3071 1024 1792 2586 1348 1761
3327 1024 1792 2796 1396 1783
3583 1024 1792 3010 1444 1805
3839 1024 1792 3238 1483 1821
4095 1024 1792 3476 1516 1835
0 1280 1792 722 1261 1682
256 1280 1792 772 1261 1674
512 1280 1792 852 1264 1664
768 1280 1792 977 1271 1651
1024 1280 1792 1116 1282 1678
1280 1280 1792 1268 1295 1711
1536 1280 1792 1462 1307 1730
1792 1280 1792 1661 1325 1736
2048 1280 1792 1863 1347 1732
2303 1280 1792 2036 1393 1734
2559 1280 1792 2217 1439 1743
2815 1280 1792 2410 1482 1761
3071 1280 1792 2606 1528 1784
3327 1280 1792 2806 1575 1808
3583 1280 1792 3012 1622 1831
3839 1280 1792 3245 1651 1846
4095 1280 1792 3494 1670 1854
0 1536 1792 868 1500 1709
256 1536 1792 909 1500 1706
512 1536 1792 977 1502 1701
768 1536 1792 1086 1506 1695
1024 1536 1792 1206 1518 1712
1280 1536 1792 1340 1532 1732
1536 1536 1792 1521 1543 1748
1792 1536 1792 1713 1557 1756
2048 1536 1792 1913 1573 1758
2303 1536 1792 2109 1598 1763
2559 1536 1792 2308 1624 1770
2815 1536 1792 2510 1653 1780
3071 1536 1792 2686 1701 1805
3327 1536 1792 2860 1754 1834
3583 1536 1792 3048 1804 1862
3839 1536 1792 3272 1833 1875
4095 1536 1792 3519 1850 1879
0 1792 1792 1014 1741 1746
256 1792 1792 1048 1741 1745
512 1792 1792 1106 1742 1744
768 1792 1792 1202 1744 1744
1024 1792 1792 1310 1755 1752
1280 1792 1792 1430 1769 1763
1536 1792 1792 1591 1781 1771
1792 1792 1792 1771 1794 1778
2048 1792 1792 1965 1806 1782
2303 1792 1792 2168 1821 1788
2559 1792 1792 2372 1838 1794
2815 1792 1792 2577 1858 1801
3071 1792 1792 2756 1897 1823
3327 1792 1792 2928 1943 1852
3583 1792 1792 3095 1996 1894
3839 1792 1792 3308 2027 1910
4095 1792 1792 3550 2043 1909
0 2048 1792 1159 1982 1789
256 2048 1792 1188 1982 1790
512 2048 1792 1239 1983 1791
768 2048 1792 1324 1984 1795
1024 2048 1792 1423 1993 1797
1280 2048 1792 1533 2005 1798
1536 2048 1792 1668 2021 1798
1792 2048 1792 1834 2033 1800
2048 2048 1792 2020 2044 1804
2303 2048 1792 2217 2056 1810
2559 2048 1792 2417 2070 1816
2815 2048 1792 2622 2086 1823
3071 2048 1792 2819 2109 1838
3327 2048 1792 3005 2139 1864
3583 2048 1792 3150 2195 1926
3839 2048 1792 3348 2227 1947
4095 2048 1792 3583 2244 1941
0 2303 1792 1304 2224 1839
256 2303 1792 1329 2224 1841
512 2303 1792 1374 2224 1844
768 2303 1792 1452 2225 1850
1024 2303 1792 1548 2232 1854
1280 2303 1792 1651 2242 1853
1536 2303 1792 1758 2262 1833
1792 2303 1792 1908 2275 1827
2048 2303 1792 2086 2284 1832
2303 2303 1792 2276 2296 1837
2559 2303 1792 2471 2308 1843
2815 2303 1792 2671 2322 1850
3071 2303 1792 2871 2339 1860
3327 2303 1792 3061 2363 1884
3583 2303 1792 3208 2409 1961
3839 2303 1792 3401 2439 1988
4095 2303 1792 3625 2458 1982
0 2559 1792 1449 2467 1892
256 2559 1792 1471 2467 1895
512 2559 1792 1512 2467 1899
768 2559 1792 1582 2468 1906
1024 2559 1792 1675 2472 1912
1280 2559 1792 1773 2480 1912
1536 2559 1792 1866 2500 1886
1792 2559 1792 1999 2514 1874
2048 2559 1792 2160 2525 1870
2303 2559 1792 2343 2535 1878
2559 2559 1792 2531 2546 1885
2815 2559 1792 2723 2559 1894
3071 2559 1792 2921 2573 1903
3327 2559 1792 3112 2593 1925
3583 2559 1792 3270 2628 1997
3839 2559 1792 3459 2655 2026
4095 2559 1792 3670 2676 2026
0 2815 1792 1594 2711 1948
256 2815 1792 1613 2711 1951
512 2815 1792 1651 2711 1956
768 2815 1792 1715 2711 1964
1024 2815 1792 1803 2714 1973
1280 2815 1792 1900 2719 1978
1536 2815 1792 2001 2733 1967
1792 2815 1792 2118 2748 1949
2048 2815 1792 2247 2764 1926
2303 2815 1792 2421 2774 1938
2559 2815 1792 2599 2784 1950
2815 2815 1792 2782 2797 1963
3071 2815 1792 2970 2811 1977
3327 2815 1792 3157 2828 1996
3583 2815 1792 3337 2852 2035
3839 2815 1792 3525 2875 2060
4095 2815 1792 3719 2899 2075
0 3071 1792 1739 2955 2008
256 3071 1792 1757 2955 2010
512 3071 1792 1791 2955 2015
768 3071 1792 1850 2955 2024
1024 3071 1792 1934 2957 2034
1280 3071 1792 2027 2961 2043
1536 3071 1792 2130 2970 2041
1792 3071 1792 2241 2983 2027
2048 3071 1792 2358 2999 2006
2303 3071 1792 2516 3010 2010
2559 3071 1792 2681 3022 2018
2815 3071 1792 2856 3034 2030
3071 3071 1792 3037 3048 2046
3327 3071 1792 3219 3063 2064
3583 3071 1792 3402 3082 2090
3839 3071 1792 3588 3103 2113
4095 3071 1792 3775 3126 2134
0 3327 1792 1884 3199 2068
256 3327 1792 1901 3199 2071
512 3327 1792 1932 3199 2076
768 3327 1792 1986 3199 2086
1024 3327 1792 2065 3200 2097
1280 3327 1792 2155 3203 2108
1536 3327 1792 2258 3209 2113
1792 3327 1792 2366 3220 2107
2048 3327 1792 2477 3234 2092
2303 3327 1792 2619 3247 2088
2559 3327 1792 2772 3259 2090
2815 3327 1792 2938 3270 2102
3071 3327 1792 3112 3283 2118
3327 3327 1792 3289 3298 2135
3583 3327 1792 3469 3315 2155
3839 3327 1792 3651 3334 2177
4095 3327 1792 3833 3355 2200
0 3583 1792 2030 3444 2132
256 3583 1792 2045 3444 2135
512 3583 1792 2074 3444 2140
768 3583 1792 2124 3444 2149
1024 3583 1792 2199 3444 2161
1280 3583 1792 2284 3446 2174
1536 3583 1792 2385 3451 2183
1792 3583 1792 2491 3459 2184
2048 3583 1792 2602 3470 2179
2303 3583 1792 2735 3482 2175
2559 3583 1792 2878 3494 2178
2815 3583 1792 3036 3505 2191
3071 3583 1792 3201 3518 2206
3327 3583 1792 3370 3532 2222
3583 3583 1792 3544 3548 2240
3839 3583 1792 3720 3566 2262
4095 3583 1792 3898 3585 2289
0 3839 1792 2142 3696 2168
256 3839 1792 2155 3696 2170
512 3839 1792 2180 3697 2174
768 3839 1792 2225 3697 2180
1024 3839 1792 2293 3699 2188
1280 3839 1792 2372 3701 2196
1536 3839 1792 2470 3705 2204
1792 3839 1792 2576 3711 2207
2048 3839 1792 2689 3720 2207
2303 3839 1792 2820 3730 2205
2559 3839 1792 2961 3740 2208
2815 3839 1792 3114 3750 2218
3071 3839 1792 3276 3762 2227
3327 3839 1792 3442 3775 2237
3583 3839 1792 3614 3790 2245
3839 3839 1792 3788 3804 2253
4095 3839 1792 3964 3818 2260
0 4095 1792 2231 3954 2187
256 4095 1792 2242 3954 2187
512 4095 1792 2263 3955 2187
768 4095 1792 2301 3957 2188
1024 4095 1792 2361 3959 2189
1280 4095 1792 2433 3963 2190
1536 4095 1792 2526 3967 2192
1792 4095 1792 2633 3972 2194
2048 4095 1792 2750 3978 2196
2303 4095 1792 2885 3986 2198
2559 4095 1792 3027 3994 2201
2815 4095 1792 3179 4003 2203
3071 4095 1792 3340 4013 2204
3327 4095 1792 3506 4024 2204
3583 4095 1792 3680 4037 2198
3839 4095 1792 3855 4045 2180
4095 4095 1792 4031 4051 2152
0 0 2048 87 355 1932
256 0 2048 240 354 1928
512 0 2048 426 364 1921
768 0 2048 662 391 1911
1024 0 2048 885 430 1904
1280 0 2048 1105 474 1899
1536 0 2048 1321 526 1900
1792 0 2048 1537 582 1903
2048 0 2048 1753 640 1909
2303 0 2048 1969 701 1918
2559 0 2048 2185 764 1928
2815 0 2048 2402 828 1939
3071 0 2048 2619 893 1952
3327 0 2048 2836 958 1965
3583 0 2048 3053 1025 1979
3839 0 2048 3271 1092 1995
4095 0 2048 3488 1159 2010
0 256 2048 145 451 1926
256 256 2048 306 457 1904
512 256 2048 488 472 1878
768 256 2048 703 501 1845
1024 256 2048 907 534 1847
1280 256 2048 1110 571 1858
1536 256 2048 1320 615 1870
1792 256 2048 1533 663 1882
2048 256 2048 1747 714 1895
2303 256 2048 1962 769 1908
2559 256 2048 2178 826 1922
2815 256 2048 2395 885 1936
3071 256 2048 2612 946 1950
3327 256 2048 2829 1007 1965
3583 256 2048 3047 1070 1980
3839 256 2048 3265 1134 1996
4095 256 2048 3482 1199 2013
0 512 2048 248 594 1918
256 512 2048 393 603 1889
512 512 2048 558 618 1852
768 512 2048 752 644 1805
1024 512 2048 939 672 1810
1280 512 2048 1127 702 1828
1536 512 2048 1328 741 1843
1792 512 2048 1533 783 1860
2048 512 2048 1742 828 1879
2303 512 2048 1955 877 1897
2559 512 2048 2169 928 1915
2815 512 2048 2385 981 1932
3071 512 2048 2602 1036 1949
3327 512 2048 2819 1093 1966
3583 512 2048 3037 1151 1984
3839 512 2048 3256 1210 2001
4095 512 2048 3475 1269 2018
0 768 2048 418 807 1907
256 768 2048 513 812 1885
512 768 2048 640 821 1852
768 768 2048 814 839 1803
1024 768 2048 986 861 1804
1280 768 2048 1161 887 1815
1536 768 2048 1347 923 1821
1792 768 2048 1541 961 1836
2048 768 2048 1740 1001 1859
2303 768 2048 1947 1044 1883
2559 768 2048 2157 1088 1906
2815 768 2048 2371 1135 1929
3071 768 2048 2587 1183 1950
3327 768 2048 2803 1233 1970
3583 768 2048 3021 1285 1990
3839 768 2048 3242 1335 2009
4095 768 2048 3465 1384 2027
0 1024 2048 572 1036 1905
256 1024 2048 641 1039 1889
512 1024 2048 744 1045 1864
768 1024 2048 896 1056 1826
1024 1024 2048 1052 1072 1836
1280 1024 2048 1215 1091 1858
1536 1024 2048 1402 1114 1883
1792 1024 2048 1593 1144 1894
2048 1024 2048 1787 1179 1895
2303 1024 2048 1979 1223 1906
2559 1024 2048 2176 1267 1920
2815 1024 2048 2379 1312 1941
3071 1024 2048 2587 1358 1962
3327 1024 2048 2798 1404 1984
3583 1024 2048 3012 1452 2006
3839 1024 2048 3239 1491 2024
4095 1024 2048 3476 1524 2042
0 1280 2048 721 1271 1908
256 1280 2048 772 1272 1898
512 1280 2048 856 1275 1882
768 1280 2048 987 1281 1858
1024 1280 2048 1126 1293 1877
1280 1280 2048 1277 1305 1909
1536 1280 2048 1464 1315 1954
1792 1280 2048 1654 1337 1961
2048 1280 2048 1847 1366 1944
2303 1280 2048 2028 1408 1940
2559 1280 2048 2214 1451 1945
2815 1280 2048 2407 1493 1961
3071 1280 2048 2605 1538 1982
3327 1280 2048 2806 1584 2004
3583 1280 2048 3013 1630 2026
3839 1280 2048 3245 1659 2044
4095 1280 2048 3494 1677 2058
0 1536 2048 867 1509 1927
256 1536 2048 909 1509 1921
512 1536 2048 979 1511 1912
768 1536 2048 1093 1515 1898
1024 1536 2048 1218 1525 1912
1280 1536 2048 1355 1537 1936
1536 1536 2048 1524 1549 1972
1792 1536 2048 1710 1564 1985
2048 1536 2048 1907 1582 1983
2303 1536 2048 2106 1606 1985
2559 1536 2048 2304 1633 1990
2815 1536 2048 2498 1666 1998
3071 1536 2048 2676 1714 2014
3327 1536 2048 2855 1764 2033
3583 1536 2048 3046 1812 2056
3839 1536 2048 3272 1840 2071
4095 1536 2048 3519 1856 2081
0 1792 2048 1013 1748 1955
256 1792 2048 1047 1748 1952
512 1792 2048 1108 1750 1948
768 1792 2048 1207 1752 1942
1024 1792 2048 1321 1761 1952
1280 1792 2048 1446 1772 1968
1536 1792 2048 1594 1786 1993
1792 1792 2048 1770 1799 2006
2048 1792 2048 1964 1811 2010
2303 1792 2048 2167 1826 2015
2559 1792 2048 2368 1844 2020
2815 1792 2048 2567 1869 2025
3071 1792 2048 2745 1909 2040
3327 1792 2048 2918 1954 2059
3583 1792 2048 3091 2004 2088
3839 1792 2048 3307 2033 2102
4095 1792 2048 3549 2048 2107
0 2048 2048 1159 1989 1990
256 2048 2048 1188 1989 1990
512 2048 2048 1240 1989 1989
768 2048 2048 1327 1991 1989
1024 2048 2048 1432 1998 1994
1280 2048 2048 1545 2008 2003
1536 2048 2048 1670 2025 2017
1792 2048 2048 1833 2038 2025
2048 2048 2048 2019 2048 2029
2303 2048 2048 2216 2061 2034
2559 2048 2048 2417 2075 2039
2815 2048 2048 2621 2090 2045
3071 2048 2048 2811 2117 2060
3327 2048 2048 2990 2151 2083
3583 2048 2048 3144 2203 2121
3839 2048 2048 3347 2233 2137
4095 2048 2048 3583 2249 2137
0 2303 2048 1304 2230 2036
256 2303 2048 1329 2229 2037
512 2303 2048 1375 2230 2038
768 2303 2048 1453 2231 2041
1024 2303 2048 1553 2236 2046
1280 2303 2048 1657 2246 2050
1536 2303 2048 1759 2266 2048
1792 2303 2048 1907 2279 2049
2048 2303 2048 2085 2288 2052
2303 2303 2048 2276 2299 2057
2559 2303 2048 2470 2312 2062
2815 2303 2048 2670 2326 2068
3071 2303 2048 2867 2345 2078
3327 2303 2048 3054 2370 2098
3583 2303 2048 3203 2416 2155
3839 2303 2048 3399 2445 2176
4095 2303 2048 3624 2462 2173
0 2559 2048 1449 2472 2085
256 2559 2048 1471 2472 2086
512 2559 2048 1512 2472 2089
768 2559 2048 1583 2473 2094
1024 2559 2048 1677 2477 2099
1280 2559 2048 1775 2484 2102
1536 2559 2048 1865 2504 2091
1792 2559 2048 1996 2519 2083
2048 2559 2048 2155 2530 2078
2303 2559 2048 2339 2540 2083
2559 2559 2048 2528 2551 2088
2815 2559 2048 2722 2563 2093
3071 2559 2048 2922 2577 2100
3327 2559 2048 3114 2596 2118
3583 2559 2048 3269 2633 2182
3839 2559 2048 3458 2659 2209
4095 2559 2048 3669 2680 2212
0 2815 2048 1594 2715 2137
256 2815 2048 1613 2715 2139
512 2815 2048 1651 2715 2142
768 2815 2048 1715 2715 2149
1024 2815 2048 1804 2718 2156
1280 2815 2048 1900 2723 2161
1536 2815 2048 1998 2737 2154
1792 2815 2048 2110 2754 2134
2048 2815 2048 2230 2773 2106
2303 2815 2048 2408 2782 2111
2559 2815 2048 2591 2792 2116
2815 2815 2048 2780 2803 2122
3071 2815 2048 2975 2815 2128
3327 2815 2048 3168 2830 2144
3583 2815 2048 3344 2854 2197
3839 2815 2048 3529 2878 2232
4095 2815 2048 3719 2902 2256
0 3071 2048 1739 2959 2193
256 3071 2048 1757 2959 2195
512 3071 2048 1791 2959 2199
768 3071 2048 1850 2959 2206
1024 3071 2048 1934 2961 2214
1280 3071 2048 2026 2964 2221
1536 3071 2048 2127 2974 2220
1792 3071 2048 2231 2990 2200
2048 3071 2048 2336 3010 2168
2303 3071 2048 2492 3023 2154
2559 3071 2048 2660 3035 2148
2815 3071 2048 2844 3045 2153
3071 3071 2048 3035 3056 2164
3327 3071 2048 3226 3068 2182
3583 3071 2048 3411 3085 2219
3839 3071 2048 3593 3106 2261
4095 3071 2048 3775 3129 2307
0 3327 2048 1884 3203 2250
256 3327 2048 1900 3202 2252
512 3327 2048 1931 3202 2256
768 3327 2048 1985 3202 2264
1024 3327 2048 2065 3204 2274
1280 3327 2048 2154 3206 2283
1536 3327 2048 2255 3213 2287
1792 3327 2048 2355 3227 2271
2048 3327 2048 2453 3245 2242
2303 3327 2048 2587 3262 2210
2559 3327 2048 2739 3275 2193
2815 3327 2048 2916 3285 2200
3071 3327 2048 3101 3295 2216
3327 3327 2048 3287 3306 2235
3583 3327 2048 3476 3319 2258
3839 3327 2048 3657 3337 2304
4095 3327 2048 3833 3358 2365
0 3583 2048 2029 3447 2309
256 3583 2048 2044 3447 2312
512 3583 2048 2073 3447 2316
768 3583 2048 2123 3446 2324
1024 3583 2048 2198 3447 2335
1280 3583 2048 2283 3449 2345
1536 3583 2048 2382 3454 2353
1792 3583 2048 2484 3464 2348
2048 3583 2048 2587 3477 2333
2303 3583 2048 2709 3494 2305
2559 3583 2048 2849 3508 2293
2815 3583 2048 3015 3517 2306
3071 3583 2048 3188 3528 2322
3327 3583 2048 3363 3539 2340
3583 3583 2048 3543 3554 2360
3839 3583 2048 3720 3570 2397
4095 3583 2048 3896 3589 2447
0 3839 2048 2141 3699 2345
256 3839 2048 2154 3699 2347
512 3839 2048 2180 3699 2350
768 3839 2048 2224 3700 2355
1024 3839 2048 2292 3701 2362
1280 3839 2048 2371 3703 2370
1536 3839 2048 2468 3708 2376
1792 3839 2048 2572 3715 2376
2048 3839 2048 2682 3724 2372
2303 3839 2048 2806 3737 2356
2559 3839 2048 2943 3749 2350
2815 3839 2048 3101 3758 2361
3071 3839 2048 3267 3769 2372
3327 3839 2048 3436 3780 2383
3583 3839 2048 3611 3794 2393
3839 3839 2048 3787 3809 2407
4095 3839 2048 3965 3824 2425
0 4095 2048 2230 3956 2365
256 4095 2048 2241 3956 2365
512 4095 2048 2263 3957 2366
768 4095 2048 2300 3959 2367
1024 4095 2048 2361 3961 2368
1280 4095 2048 2433 3965 2369
1536 4095 2048 2526 3969 2371
1792 4095 2048 2633 3974 2373
2048 4095 2048 2749 3980 2375
2303 4095 2048 2885 3988 2378
2559 4095 2048 3027 3996 2380
2815 4095 2048 3178 4005 2382
3071 4095 2048 3339 4015 2384
3327 4095 2048 3505 4026 2384
3583 4095 2048 3679 4039 2380
3839 4095 2048 3858 4050 2362
4095 4095 2048 4038 4061 2335
0 0 2303 97 399 2170
256 0 2303 233 395 2170
512 0 2303 413 403 2165
768 0 2303 658 427 2153
1024 0 2303 885 463 2145
1280 0 2303 1106 504 2138
1536 0 2303 1324 553 2136
1792 0 2303 1540 606 2138
2048 0 2303 1757 661 2141
2303 0 2303 1972 720 2148
2559 0 2303 2188 781 2156
2815 0 2303 2405 844 2166
3071 0 2303 2621 907 2177
3327 0 2303 2838 972 2189
3583 0 2303 3055 1037 2202
3839 0 2303 3272 1103 2216
4095 0 2303 3489 1170 2230
0 256 2303 132 485 2166
256 256 2303 295 490 2148
512 256 2303 483 504 2123
768 256 2303 706 531 2087
1024 256 2303 913 562 2086
1280 256 2303 1117 596 2093
1536 256 2303 1326 638 2103
1792 256 2303 1538 684 2113
2048 256 2303 1752 733 2123
2303 256 2303 1966 787 2135
2559 256 2303 2182 842 2147
2815 256 2303 2398 900 2160
3071 256 2303 2615 960 2173
3327 256 2303 2832 1020 2187
3583 256 2303 3049 1082 2201
3839 256 2303 3266 1145 2216
4095 256 2303 3484 1209 2231
0 512 2303 226 620 2159
256 512 2303 383 628 2132
512 512 2303 558 643 2095
768 512 2303 760 668 2045
1024 512 2303 949 696 2041
1280 512 2303 1138 725 2051
1536 512 2303 1337 762 2066
1792 512 2303 1541 802 2083
2048 512 2303 1749 845 2100
2303 512 2303 1960 893 2118
2559 512 2303 2174 943 2135
2815 512 2303 2389 995 2152
3071 512 2303 2605 1049 2168
3327 512 2303 2822 1105 2185
3583 512 2303 3039 1163 2201
3839 512 2303 3257 1221 2218
4095 512 2303 3476 1279 2234
0 768 2303 410 825 2148
256 768 2303 509 830 2126
512 768 2303 641 839 2092
768 768 2303 823 857 2039
1024 768 2303 999 882 2019
1280 768 2303 1176 909 2013
1536 768 2303 1360 943 2026
1792 768 2303 1552 979 2046
2048 768 2303 1749 1017 2070
2303 768 2303 1955 1058 2094
2559 768 2303 2164 1102 2118
2815 768 2303 2376 1147 2140
3071 768 2303 2591 1195 2162
3327 768 2303 2807 1244 2182
3583 768 2303 3024 1295 2202
3839 768 2303 3243 1346 2221
4095 768 2303 3465 1396 2240
0 1024 2303 568 1050 2142
256 1024 2303 639 1053 2126
512 1024 2303 745 1059 2099
768 1024 2303 904 1071 2056
1024 1024 2303 1065 1090 2041
1280 1024 2303 1231 1110 2042
1536 1024 2303 1410 1132 2081
1792 1024 2303 1597 1162 2096
2048 1024 2303 1789 1197 2097
2303 1024 2303 1982 1238 2109
2559 1024 2303 2180 1281 2124
2815 1024 2303 2383 1324 2145
3071 1024 2303 2591 1369 2167
3327 1024 2303 2801 1415 2189
3583 1024 2303 3015 1462 2211
3839 1024 2303 3241 1501 2232
4095 1024 2303 3475 1535 2252
0 1280 2303 719 1282 2142
256 1280 2303 772 1283 2130
512 1280 2303 858 1287 2111
768 1280 2303 993 1294 2080
1024 1280 2303 1140 1307 2074
1280 1280 2303 1295 1320 2087
1536 1280 2303 1468 1331 2150
1792 1280 2303 1651 1353 2163
2048 1280 2303 1842 1384 2143
2303 1280 2303 2026 1424 2141
2559 1280 2303 2215 1464 2146
2815 1280 2303 2408 1506 2161
3071 1280 2303 2606 1550 2181
3327 1280 2303 2808 1595 2202
3583 1280 2303 3015 1640 2225
3839 1280 2303 3246 1668 2247
4095 1280 2303 3493 1686 2267
0 1536 2303 866 1519 2153
256 1536 2303 908 1520 2145
512 1536 2303 981 1522 2133
768 1536 2303 1098 1526 2113
1024 1536 2303 1231 1536 2110
1280 1536 2303 1373 1548 2124
1536 1536 2303 1528 1559 2186
1792 1536 2303 1708 1574 2209
2048 1536 2303 1905 1592 2206
2303 1536 2303 2105 1615 2209
2559 1536 2303 2300 1644 2210
2815 1536 2303 2488 1682 2208
3071 1536 2303 2669 1728 2218
3327 1536 2303 2852 1776 2231
3583 1536 2303 3046 1822 2252
3839 1536 2303 3272 1849 2271
4095 1536 2303 3519 1864 2288
0 1792 2303 1012 1757 2174
256 1792 2303 1047 1758 2170
512 1792 2303 1109 1759 2162
768 1792 2303 1211 1761 2150
1024 1792 2303 1333 1769 2150
1280 1792 2303 1461 1780 2162
1536 1792 2303 1597 1793 2215
1792 1792 2303 1769 1805 2238
2048 1792 2303 1963 1817 2241
2303 1792 2303 2166 1832 2246
2559 1792 2303 2365 1852 2247
2815 1792 2303 2558 1881 2244
3071 1792 2303 2736 1921 2250
3327 1792 2303 2912 1965 2262
3583 1792 2303 3090 2013 2284
3839 1792 2303 3306 2041 2300
4095 1792 2303 3549 2055 2313
0 2048 2303 1158 1997 2202
256 2048 2303 1187 1997 2200
512 2048 2303 1241 1997 2197
768 2048 2303 1329 1999 2192
1024 2048 2303 1441 2005 2192
1280 2048 2303 1557 2014 2201
1536 2048 2303 1673 2031 2238
1792 2048 2303 1831 2043 2255
2048 2048 2303 2018 2054 2258
2303 2048 2303 2215 2066 2262
2559 2048 2303 2416 2080 2267
2815 2048 2303 2620 2096 2272
3071 2048 2303 2807 2124 2281
3327 2048 2303 2984 2160 2293
3583 2048 2303 3142 2211 2318
3839 2048 2303 3346 2240 2332
4095 2048 2303 3583 2255 2340
0 2303 2303 1303 2237 2242
256 2303 2303 1329 2237 2241
512 2303 2303 1376 2237 2240
768 2303 2303 1456 2238 2239
1024 2303 2303 1559 2243 2241
1280 2303 2303 1667 2251 2247
1536 2303 2303 1771 2268 2263
1792 2303 2303 1914 2282 2273
2048 2303 2303 2084 2293 2279
2303 2303 2303 2274 2304 2283
2559 2303 2303 2469 2317 2288
2815 2303 2303 2669 2330 2293
3071 2303 2303 2865 2350 2300
3327 2303 2303 3051 2376 2313
3583 2303 2303 3201 2423 2352
3839 2303 2303 3397 2451 2370
4095 2303 2303 3624 2468 2373
0 2559 2303 1449 2478 2285
256 2559 2303 1471 2478 2286
512 2559 2303 1513 2478 2286
768 2559 2303 1584 2479 2288
1024 2559 2303 1681 2483 2292
1280 2559 2303 1782 2489 2296
1536 2559 2303 1880 2506 2299
1792 2559 2303 2007 2521 2301
2048 2559 2303 2153 2534 2302
2303 2559 2303 2338 2544 2306
2559 2559 2303 2527 2555 2311
2815 2559 2303 2721 2567 2316
3071 2559 2303 2922 2581 2321
3327 2559 2303 3113 2600 2336
3583 2559 2303 3265 2639 2383
3839 2559 2303 3455 2666 2405
4095 2559 2303 3669 2685 2409
0 2815 2303 1594 2720 2333
256 2815 2303 1614 2720 2334
512 2815 2303 1651 2720 2336
768 2815 2303 1716 2721 2340
1024 2815 2303 1806 2723 2346
1280 2815 2303 1903 2728 2350
1536 2815 2303 2004 2741 2351
1792 2815 2303 2114 2758 2342
2048 2815 2303 2229 2777 2327
2303 2815 2303 2407 2786 2331
2559 2815 2303 2590 2796 2336
2815 2815 2303 2779 2807 2341
3071 2815 2303 2975 2819 2346
3327 2815 2303 3166 2835 2361
3583 2815 2303 3335 2861 2408
3839 2815 2303 3522 2885 2436
4095 2815 2303 3719 2907 2449
0 3071 2303 1739 2964 2385
256 3071 2303 1757 2963 2387
512 3071 2303 1791 2963 2390
768 3071 2303 1850 2964 2395
1024 3071 2303 1935 2965 2401
1280 3071 2303 2028 2969 2408
1536 3071 2303 2130 2979 2410
1792 3071 2303 2231 2994 2397
2048 3071 2303 2332 3015 2376
2303 3071 2303 2490 3027 2367
2559 3071 2303 2659 3038 2364
2815 3071 2303 2843 3048 2369
3071 3071 2303 3034 3059 2377
3327 3071 2303 3224 3072 2389
3583 3071 2303 3408 3090 2419
3839 3071 2303 3591 3111 2455
4095 3071 2303 3775 3133 2495
0 3327 2303 1884 3207 2439
256 3327 2303 1900 3207 2441
512 3327 2303 1931 3207 2444
768 3327 2303 1986 3207 2450
1024 3327 2303 2065 3208 2458
1280 3327 2303 2154 3211 2466
1536 3327 2303 2255 3217 2470
1792 3327 2303 2352 3231 2458
2048 3327 2303 2447 3250 2436
2303 3327 2303 2582 3267 2411
2559 3327 2303 2734 3280 2399
2815 3327 2303 2912 3289 2404
3071 3327 2303 3097 3299 2413
3327 3327 2303 3286 3310 2424
3583 3327 2303 3478 3323 2437
3839 3327 2303 3660 3341 2480
4095 3327 2303 3833 3362 2545
0 3583 2303 2029 3451 2496
256 3583 2303 2044 3451 2497
512 3583 2303 2073 3450 2501
768 3583 2303 2123 3450 2508
1024 3583 2303 2198 3451 2517
1280 3583 2303 2283 3453 2526
1536 3583 2303 2382 3458 2533
1792 3583 2303 2482 3469 2528
2048 3583 2303 2582 3483 2516
2303 3583 2303 2691 3504 2476
2559 3583 2303 2824 3520 2455
2815 3583 2303 2995 3528 2463
3071 3583 2303 3172 3538 2473
3327 3583 2303 3354 3549 2483
3583 3583 2303 3540 3561 2494
3839 3583 2303 3721 3576 2540
4095 3583 2303 3897 3593 2610
0 3839 2303 2141 3702 2532
256 3839 2303 2154 3702 2534
512 3839 2303 2180 3702 2536
768 3839 2303 2224 3703 2541
1024 3839 2303 2292 3704 2547
1280 3839 2303 2371 3706 2554
1536 3839 2303 2468 3711 2560
1792 3839 2303 2571 3718 2559
2048 3839 2303 2678 3728 2555
2303 3839 2303 2791 3745 2528
2559 3839 2303 2923 3759 2513
2815 3839 2303 3084 3768 2520
3071 3839 2303 3254 3778 2526
3327 3839 2303 3427 3788 2533
3583 3839 2303 3608 3801 2538
3839 3839 2303 3787 3813 2562
4095 3839 2303 3965 3826 2597
0 4095 2303 2231 3958 2556
256 4095 2303 2241 3959 2557
512 4095 2303 2263 3960 2557
768 4095 2303 2301 3961 2558
1024 4095 2303 2361 3964 2559
1280 4095 2303 2432 3967 2560
1536 4095 2303 2526 3971 2562
1792 4095 2303 2633 3977 2564
2048 4095 2303 2749 3983 2567
2303 4095 2303 2884 3990 2570
2559 4095 2303 3026 3998 2572
2815 4095 2303 3177 4007 2575
3071 4095 2303 3339 4018 2577
3327 4095 2303 3504 4029 2578
3583 4095 2303 3679 4041 2575
3839 4095 2303 3856 4052 2558
4095 4095 2303 4035 4061 2532
0 0 2559 107 442 2409
256 0 2559 230 438 2412
512 0 2559 404 443 2409
768 0 2559 654 465 2396
1024 0 2559 884 498 2386
1280 0 2559 1107 535 2379
1536 0 2559 1326 581 2375
1792 0 2559 1543 631 2374
2048 0 2559 1760 684 2375
2303 0 2559 1975 741 2380
2559 0 2559 2191 800 2386
2815 0 2559 2407 861 2394
3071 0 2559 2624 923 2404
3327 0 2559 2840 986 2414
3583 0 2559 3057 1051 2426
3839 0 2559 3274 1116 2439
4095 0 2559 3491 1181 2452
0 256 2559 104 520 2407
256 256 2559 280 524 2392
512 256 2559 478 536 2368
768 256 2559 708 562 2332
1024 256 2559 917 591 2327
1280 256 2559 1122 623 2331
1536 256 2559 1332 663 2338
1792 256 2559 1544 707 2345
2048 256 2559 1757 754 2354
2303 256 2559 1971 806 2364
2559 256 2559 2186 860 2375
2815 256 2559 2401 916 2386
3071 256 2559 2618 975 2398
3327 256 2559 2834 1034 2411
3583 256 2559 3051 1095 2424
3839 256 2559 3268 1158 2438
4095 256 2559 3486 1220 2452
0 512 2559 187 646 2402
256 512 2559 365 654 2376
512 512 2559 556 668 2340
768 512 2559 766 693 2289
1024 512 2559 959 720 2277
1280 512 2559 1148 749 2278
1536 512 2559 1346 783 2293
1792 512 2559 1549 822 2309
2048 512 2559 1756 864 2325
2303 512 2559 1966 910 2341
2559 512 2559 2179 959 2358
2815 512 2559 2393 1010 2374
3071 512 2559 2609 1063 2389
3327 512 2559 2825 1118 2405
3583 512 2559 3042 1175 2421
3839 512 2559 3260 1232 2436
4095 512 2559 3478 1291 2452
0 768 2559 397 844 2390
256 768 2559 502 849 2369
512 768 2559 641 858 2334
768 768 2559 830 876 2278
1024 768 2559 1012 903 2241
1280 768 2559 1192 932 2219
1536 768 2559 1373 963 2237
1792 768 2559 1563 997 2259
2048 768 2559 1759 1033 2284
2303 768 2559 1963 1074 2309
2559 768 2559 2171 1116 2332
2815 768 2559 2382 1160 2355
3071 768 2559 2596 1207 2376
3327 768 2559 2811 1256 2397
3583 768 2559 3027 1306 2416
3839 768 2559 3245 1357 2435
4095 768 2559 3465 1408 2454
0 1024 2559 563 1065 2382
256 1024 2559 636 1068 2365
512 1024 2559 746 1075 2336
768 1024 2559 910 1087 2289
1024 1024 2559 1078 1107 2255
1280 1024 2559 1248 1130 2237
1536 1024 2559 1421 1152 2274
1792 1024 2559 1604 1181 2293
2048 1024 2559 1793 1215 2299
2303 1024 2559 1987 1255 2313
2559 1024 2559 2185 1295 2330
2815 1024 2559 2388 1338 2351
3071 1024 2559 2595 1381 2374
3327 1024 2559 2805 1426 2396
3583 1024 2559 3018 1473 2418
3839 1024 2559 3243 1512 2441
4095 1024 2559 3475 1546 2464
0 1280 2559 716 1294 2377
256 1280 2559 770 1296 2365
512 1280 2559 859 1300 2343
768 1280 2559 998 1307 2308
1024 1280 2559 1152 1321 2282
1280 1280 2559 1311 1336 2275
1536 1280 2559 1476 1350 2332
1792 1280 2559 1653 1373 2348
2048 1280 2559 1840 1403 2336
2303 1280 2559 2026 1441 2339
2559 1280 2559 2216 1479 2347
2815 1280 2559 2410 1520 2362
3071 1280 2559 2609 1563 2382
3327 1280 2559 2810 1606 2403
3583 1280 2559 3018 1650 2426
3839 1280 2559 3248 1678 2452
4095 1280 2559 3493 1696 2478
0 1536 2559 864 1529 2383
256 1536 2559 908 1530 2374
512 1536 2559 982 1533 2358
768 1536 2559 1103 1537 2333
1024 1536 2559 1243 1548 2316
1280 1536 2559 1389 1560 2316
1536 1536 2559 1538 1572 2379
1792 1536 2559 1712 1588 2405
2048 1536 2559 1903 1607 2407
2303 1536 2559 2100 1630 2414
2559 1536 2559 2294 1659 2418
2815 1536 2559 2479 1698 2414
3071 1536 2559 2664 1743 2420
3327 1536 2559 2850 1789 2431
3583 1536 2559 3046 1833 2451
3839 1536 2559 3273 1859 2473
4095 1536 2559 3519 1873 2497
0 1792 2559 1011 1767 2397
256 1792 2559 1047 1767 2391
512 1792 2559 1110 1769 2381
768 1792 2559 1215 1772 2364
1024 1792 2559 1343 1779 2353
1280 1792 2559 1476 1789 2357
1536 1792 2559 1609 1802 2414
1792 1792 2559 1774 1815 2443
2048 1792 2559 1961 1828 2453
2303 1792 2559 2161 1843 2462
2559 1792 2559 2358 1864 2465
2815 1792 2559 2549 1894 2460
3071 1792 2559 2730 1933 2461
3327 1792 2559 2909 1977 2466
3583 1792 2559 3089 2023 2481
3839 1792 2559 3306 2050 2500
4095 1792 2559 3549 2063 2520
0 2048 2559 1157 2005 2418
256 2048 2559 1187 2005 2414
512 2048 2559 1241 2006 2408
768 2048 2559 1332 2008 2399
1024 2048 2559 1448 2013 2394
1280 2048 2559 1570 2022 2399
1536 2048 2559 1685 2037 2442
1792 2048 2559 1839 2049 2468
2048 2048 2559 2018 2060 2484
2303 2048 2559 2214 2072 2491
2559 2048 2559 2414 2086 2498
2815 2048 2559 2619 2101 2502
3071 2048 2559 2805 2131 2503
3327 2048 2559 2982 2168 2505
3583 2048 2559 3141 2219 2516
3839 2048 2559 3346 2248 2530
4095 2048 2559 3582 2262 2545
0 2303 2559 1303 2244 2452
256 2303 2559 1328 2244 2450
512 2303 2559 1376 2245 2447
768 2303 2559 1457 2246 2442
1024 2303 2559 1565 2250 2440
1280 2303 2559 1678 2257 2444
1536 2303 2559 1787 2272 2469
1792 2303 2559 1925 2286 2489
2048 2303 2559 2083 2298 2506
2303 2303 2559 2273 2310 2511
2559 2303 2559 2468 2322 2516
2815 2303 2559 2668 2335 2521
3071 2303 2559 2864 2356 2524
3327 2303 2559 3050 2383 2531
3583 2303 2559 3200 2430 2552
3839 2303 2559 3397 2459 2566
4095 2303 2559 3624 2474 2576
0 2559 2559 1448 2485 2489
256 2559 2559 1471 2485 2489
512 2559 2559 1513 2485 2488
768 2559 2559 1586 2486 2487
1024 2559 2559 1684 2489 2488
1280 2559 2559 1790 2495 2491
1536 2559 2559 1896 2508 2503
1792 2559 2559 2018 2523 2515
2048 2559 2559 2152 2539 2529
2303 2559 2559 2337 2549 2532
2559 2559 2559 2526 2560 2536
2815 2559 2559 2720 2572 2541
3071 2559 2559 2921 2586 2546
3327 2559 2559 3112 2605 2556
3583 2559 2559 3262 2646 2586
3839 2559 2559 3452 2673 2602
4095 2559 2559 3669 2690 2609
0 2815 2559 1594 2727 2533
256 2815 2559 1614 2727 2533
512 2815 2559 1652 2727 2534
768 2815 2559 1717 2727 2535
1024 2815 2559 1809 2729 2538
1280 2815 2559 1908 2734 2542
1536 2815 2559 2013 2745 2548
1792 2815 2559 2120 2761 2550
2048 2815 2559 2228 2781 2551
2303 2815 2559 2406 2790 2555
2559 2815 2559 2589 2800 2559
2815 2815 2559 2778 2811 2563
3071 2815 2559 2974 2823 2568
3327 2815 2559 3164 2839 2580
3583 2815 2559 3329 2868 2618
3839 2815 2559 3516 2891 2638
4095 2815 2559 3719 2912 2646
0 3071 2559 1739 2969 2581
256 3071 2559 1757 2969 2582
512 3071 2559 1791 2969 2584
768 3071 2559 1851 2969 2587
1024 3071 2559 1937 2971 2592
1280 3071 2559 2031 2974 2597
1536 3071 2559 2134 2983 2601
1792 3071 2559 2234 2999 2598
2048 3071 2559 2331 3019 2589
2303 3071 2559 2489 3031 2585
2559 3071 2559 2658 3042 2584
2815 3071 2559 2842 3052 2589
3071 3071 2559 3033 3063 2594
3327 3071 2559 3223 3076 2602
3583 3071 2559 3405 3095 2625
3839 3071 2559 3589 3116 2654
4095 3071 2559 3775 3138 2687
0 3327 2559 1884 3212 2632
256 3327 2559 1900 3212 2633
512 3327 2559 1932 3211 2635
768 3327 2559 1986 3211 2640
1024 3327 2559 2066 3213 2646
1280 3327 2559 2156 3215 2652
1536 3327 2559 2257 3222 2657
1792 3327 2559 2353 3236 2650
2048 3327 2559 2446 3254 2636
2303 3327 2559 2579 3271 2619
2559 3327 2559 2730 3284 2611
2815 3327 2559 2909 3293 2615
3071 3327 2559 3095 3304 2620
3327 3327 2559 3284 3315 2626
3583 3327 2559 3479 3327 2632
3839 3327 2559 3661 3345 2671
4095 3327 2559 3833 3366 2732
0 3583 2559 2029 3455 2685
256 3583 2559 2044 3455 2687
512 3583 2559 2073 3455 2690
768 3583 2559 2123 3455 2695
1024 3583 2559 2198 3456 2702
1280 3583 2559 2284 3457 2710
1536 3583 2559 2383 3463 2716
1792 3583 2559 2481 3473 2714
2048 3583 2559 2580 3487 2705
2303 3583 2559 2680 3511 2664
2559 3583 2559 2809 3528 2641
2815 3583 2559 2982 3536 2645
3071 3583 2559 3163 3546 2650
3327 3583 2559 3347 3556 2655
3583 3583 2559 3538 3567 2661
3839 3583 2559 3721 3581 2709
4095 3583 2559 3898 3597 2784
0 3839 2559 2141 3706 2724
256 3839 2559 2154 3706 2725
512 3839 2559 2180 3706 2727
768 3839 2559 2224 3706 2730
1024 3839 2559 2293 3708 2736
1280 3839 2559 2372 3710 2741
1536 3839 2559 2468 3715 2747
1792 3839 2559 2570 3722 2747
2048 3839 2559 2677 3732 2744
2303 3839 2559 2781 3751 2713
2559 3839 2559 2910 3766 2696
2815 3839 2559 3073 3775 2700
3071 3839 2559 3245 3784 2704
3327 3839 2559 3422 3795 2708
3583 3839 2559 3605 3806 2711
3839 3839 2559 3786 3818 2737
4095 3839 2559 3965 3829 2778
0 4095 2559 2232 3961 2752
256 4095 2559 2242 3961 2752
512 4095 2559 2264 3962 2752
768 4095 2559 2301 3964 2753
1024 4095 2559 2362 3967 2754
1280 4095 2559 2433 3970 2756
1536 4095 2559 2526 3974 2758
1792 4095 2559 2633 3980 2760
2048 4095 2559 2749 3985 2763
2303 4095 2559 2884 3993 2766
2559 4095 2559 3026 4001 2769
2815 4095 2559 3177 4010 2772
3071 4095 2559 3338 4021 2774
3327 4095 2559 3504 4032 2776
3583 4095 2559 3678 4044 2774
3839 4095 2559 3855 4054 2759
4095 4095 2559 4034 4063 2735
0 0 2815 116 486 2647
256 0 2815 233 482 2652
512 0 2815 402 486 2650
768 0 2815 650 504 2639
1024 0 2815 882 533 2629
1280 0 2815 1108 568 2620
1536 0 2815 1328 611 2614
1792 0 2815 1546 658 2611
2048 0 2815 1763 708 2610
2303 0 2815 1978 764 2614
2559 0 2815 2194 820 2618
2815 0 2815 2410 880 2625
3071 0 2815 2627 941 2633
3327 0 2815 2843 1002 2642
3583 0 2815 3059 1066 2653
3839 0 2815 3276 1130 2664
4095 0 2815 3493 1194 2676
0 256 2815 54 556 2648
256 256 2815 258 560 2634
512 256 2815 474 571 2612
768 256 2815 708 594 2578
1024 256 2815 920 621 2571
1280 256 2815 1127 651 2571
1536 256 2815 1337 689 2575
1792 256 2815 1549 731 2580
2048 256 2815 1762 776 2587
2303 256 2815 1975 826 2595
2559 256 2815 2190 879 2604
2815 256 2815 2405 934 2614
3071 256 2815 2621 991 2625
3327 256 2815 2837 1049 2636
3583 256 2815 3054 1110 2649
3839 256 2815 3271 1171 2661
4095 256 2815 3488 1233 2675
0 512 2815 121 674 2644
256 512 2815 336 681 2621
512 512 2815 552 695 2586
768 512 2815 769 719 2536
1024 512 2815 966 745 2518
1280 512 2815 1158 774 2512
1536 512 2815 1355 807 2524
1792 512 2815 1558 844 2537
2048 512 2815 1763 884 2552
2303 512 2815 1973 929 2568
2559 512 2815 2185 976 2583
2815 512 2815 2398 1026 2598
3071 512 2815 2613 1078 2613
3327 512 2815 2829 1132 2627
3583 512 2815 3045 1188 2642
3839 512 2815 3262 1245 2657
4095 512 2815 3480 1303 2673
0 768 2815 378 864 2633
256 768 2815 493 869 2613
512 768 2815 640 879 2578
768 768 2815 835 897 2522
1024 768 2815 1023 924 2472
1280 768 2815 1208 954 2437
1536 768 2815 1387 984 2454
1792 768 2815 1575 1017 2476
2048 768 2815 1769 1051 2502
2303 768 2815 1972 1090 2526
2559 768 2815 2179 1131 2550
2815 768 2815 2389 1175 2572
3071 768 2815 2602 1221 2593
3327 768 2815 2816 1268 2613
3583 768 2815 3031 1318 2633
3839 768 2815 3248 1369 2651
4095 768 2815 3467 1420 2670
0 1024 2815 557 1081 2623
256 1024 2815 633 1084 2606
512 1024 2815 746 1091 2577
768 1024 2815 915 1104 2528
1024 1024 2815 1090 1125 2480
1280 1024 2815 1265 1149 2446
1536 1024 2815 1435 1175 2462
1792 1024 2815 1615 1203 2480
2048 1024 2815 1801 1234 2500
2303 1024 2815 1994 1272 2518
2559 1024 2815 2192 1311 2538
2815 1024 2815 2394 1352 2560
3071 1024 2815 2601 1395 2583
3327 1024 2815 2810 1439 2606
3583 1024 2815 3023 1484 2628
3839 1024 2815 3246 1524 2653
4095 1024 2815 3476 1558 2679
0 1280 2815 713 1307 2615
256 1280 2815 768 1309 2603
512 1280 2815 859 1313 2579
768 1280 2815 1003 1321 2541
1024 1280 2815 1163 1336 2503
1280 1280 2815 1326 1353 2476
1536 1280 2815 1489 1373 2492
1792 1280 2815 1663 1397 2507
2048 1280 2815 1843 1425 2520
2303 1280 2815 2029 1460 2531
2559 1280 2815 2219 1496 2545
2815 1280 2815 2414 1535 2563
3071 1280 2815 2613 1576 2584
3327 1280 2815 2815 1618 2606
3583 1280 2815 3022 1661 2630
3839 1280 2815 3250 1689 2659
4095 1280 2815 3493 1708 2691
0 1536 2815 862 1541 2616
256 1536 2815 907 1542 2606
512 1536 2815 983 1545 2589
768 1536 2815 1106 1550 2560
1024 1536 2815 1252 1560 2531
1280 1536 2815 1404 1573 2514
1536 1536 2815 1556 1589 2537
1792 1536 2815 1723 1608 2557
2048 1536 2815 1901 1629 2573
2303 1536 2815 2091 1653 2592
2559 1536 2815 2282 1681 2607
2815 1536 2815 2473 1716 2614
3071 1536 2815 2661 1758 2621
3327 1536 2815 2850 1802 2631
3583 1536 2815 3048 1845 2650
3839 1536 2815 3274 1870 2677
4095 1536 2815 3518 1883 2709
0 1792 2815 1010 1777 2625
256 1792 2815 1046 1777 2618
512 1792 2815 1111 1779 2605
768 1792 2815 1218 1782 2584
1024 1792 2815 1351 1790 2564
1280 1792 2815 1490 1800 2554
1536 1792 2815 1631 1814 2579
1792 1792 2815 1790 1829 2607
2048 1792 2815 1959 1845 2635
2303 1792 2815 2153 1862 2655
2559 1792 2815 2347 1882 2669
2815 1792 2815 2543 1908 2672
3071 1792 2815 2727 1946 2670
3327 1792 2815 2909 1988 2670
3583 1792 2815 3090 2034 2680
3839 1792 2815 3307 2060 2702
4095 1792 2815 3548 2073 2730
0 2048 2815 1156 2014 2639
256 2048 2815 1186 2015 2635
512 2048 2815 1242 2016 2626
768 2048 2815 1334 2018 2613
1024 2048 2815 1455 2023 2600
1280 2048 2815 1583 2030 2595
1536 2048 2815 1712 2043 2619
1792 2048 2815 1860 2056 2657
2048 2048 2815 2019 2068 2703
2303 2048 2815 2214 2079 2719
2559 2048 2815 2413 2093 2730
2815 2048 2815 2618 2108 2734
3071 2048 2815 2806 2138 2727
3327 2048 2815 2984 2175 2719
3583 2048 2815 3142 2228 2717
3839 2048 2815 3347 2257 2730
4095 2048 2815 3582 2270 2754
0 2303 2815 1302 2253 2667
256 2303 2815 1328 2253 2664
512 2303 2815 1377 2254 2659
768 2303 2815 1459 2255 2650
1024 2303 2815 1570 2259 2643
1280 2303 2815 1689 2265 2640
1536 2303 2815 1810 2277 2657
1792 2303 2815 1943 2290 2690
2048 2303 2815 2082 2305 2732
2303 2303 2815 2272 2316 2740
2559 2303 2815 2467 2328 2747
2815 2303 2815 2667 2341 2751
3071 2303 2815 2864 2361 2751
3327 2303 2815 3050 2389 2751
3583 2303 2815 3200 2438 2753
3839 2303 2815 3397 2467 2765
4095 2303 2815 3624 2481 2782
0 2559 2815 1448 2493 2699
256 2559 2815 1470 2493 2697
512 2559 2815 1513 2493 2695
768 2559 2815 1587 2494 2690
1024 2559 2815 1688 2497 2687
1280 2559 2815 1798 2502 2687
1536 2559 2815 1914 2513 2698
1792 2559 2815 2031 2527 2723
2048 2559 2815 2151 2544 2758
2303 2559 2815 2335 2554 2762
2559 2559 2815 2524 2565 2765
2815 2559 2815 2719 2577 2769
3071 2559 2815 2920 2591 2774
3327 2559 2815 3111 2611 2780
3583 2559 2815 3261 2653 2789
3839 2559 2815 3452 2680 2801
4095 2559 2815 3669 2697 2813
0 2815 2815 1593 2733 2737
256 2815 2815 1613 2733 2737
512 2815 2815 1652 2734 2736
768 2815 2815 1718 2734 2735
1024 2815 2815 1811 2736 2735
1280 2815 2815 1914 2740 2737
1536 2815 2815 2025 2749 2744
1792 2815 2815 2128 2765 2759
2048 2815 2815 2226 2786 2778
2303 2815 2815 2404 2795 2782
2559 2815 2815 2587 2805 2785
2815 2815 2815 2777 2816 2789
3071 2815 2815 2973 2828 2794
3327 2815 2815 3163 2844 2802
3583 2815 2815 3326 2875 2824
3839 2815 2815 3514 2898 2838
4095 2815 2815 3719 2918 2847
0 3071 2815 1739 2975 2782
256 3071 2815 1757 2975 2782
512 3071 2815 1792 2975 2782
768 3071 2815 1852 2975 2783
1024 3071 2815 1939 2977 2785
1280 3071 2815 2035 2980 2789
1536 3071 2815 2142 2988 2795
1792 3071 2815 2241 3003 2801
2048 3071 2815 2335 3022 2808
2303 3071 2815 2490 3035 2807
2559 3071 2815 2657 3046 2808
2815 3071 2815 2841 3056 2812
3071 3071 2815 3032 3067 2817
3327 3071 2815 3222 3081 2824
3583 3071 2815 3403 3101 2838
3839 3071 2815 3588 3122 2860
4095 3071 2815 3774 3143 2885
0 3327 2815 1884 3217 2828
256 3327 2815 1900 3217 2829
512 3327 2815 1932 3217 2831
768 3327 2815 1987 3217 2833
1024 3327 2815 2068 3218 2837
1280 3327 2815 2158 3221 2842
1536 3327 2815 2262 3227 2847
1792 3327 2815 2359 3240 2848
2048 3327 2815 2454 3257 2846
2303 3327 2815 2581 3274 2837
2559 3327 2815 2729 3288 2833
2815 3327 2815 2908 3297 2837
3071 3327 2815 3094 3307 2841
3327 3327 2815 3284 3318 2846
3583 3327 2815 3479 3331 2851
3839 3327 2815 3660 3349 2881
4095 3327 2815 3833 3371 2926
0 3583 2815 2029 3460 2879
256 3583 2815 2044 3460 2880
512 3583 2815 2073 3460 2882
768 3583 2815 2123 3460 2886
1024 3583 2815 2199 3461 2891
1280 3583 2815 2285 3462 2897
1536 3583 2815 2385 3467 2904
1792 3583 2815 2484 3477 2905
2048 3583 2815 2583 3491 2902
2303 3583 2815 2680 3514 2875
2559 3583 2815 2808 3532 2860
2815 3583 2815 2981 3540 2864
3071 3583 2815 3162 3549 2868
3327 3583 2815 3347 3559 2873
3583 3583 2815 3538 3571 2878
3839 3583 2815 3720 3585 2914
4095 3583 2815 3898 3602 2971
0 3839 2815 2142 3710 2919
256 3839 2815 2155 3710 2920
512 3839 2815 2180 3710 2921
768 3839 2815 2225 3711 2924
1024 3839 2815 2294 3712 2929
1280 3839 2815 2373 3714 2933
1536 3839 2815 2469 3719 2938
1792 3839 2815 2571 3726 2940
2048 3839 2815 2678 3736 2940
2303 3839 2815 2782 3755 2919
2559 3839 2815 2909 3770 2908
2815 3839 2815 3073 3778 2912
3071 3839 2815 3245 3788 2916
3327 3839 2815 3421 3798 2920
3583 3839 2815 3605 3809 2923
3839 3839 2815 3786 3821 2942
4095 3839 2815 3965 3834 2972
0 4095 2815 2233 3964 2952
256 4095 2815 2244 3965 2952
512 4095 2815 2265 3965 2953
768 4095 2815 2303 3967 2953
1024 4095 2815 2363 3970 2955
1280 4095 2815 2434 3973 2956
1536 4095 2815 2527 3977 2959
1792 4095 2815 2634 3983 2961
2048 4095 2815 2750 3989 2964
2303 4095 2815 2885 3996 2967
2559 4095 2815 3026 4004 2971
2815 4095 2815 3177 4013 2974
3071 4095 2815 3338 4024 2978
3327 4095 2815 3504 4035 2980
3583 4095 2815 3677 4047 2979
3839 4095 2815 3855 4058 2966
4095 4095 2815 4034 4067 2945
0 0 3071 125 530 2885
256 0 3071 238 526 2890
512 0 3071 403 529 2890
768 0 3071 646 544 2881
1024 0 3071 879 570 2871
1280 0 3071 1107 602 2862
1536 0 3071 1328 642 2855
1792 0 3071 1548 687 2850
2048 0 3071 1765 735 2848
2303 0 3071 1981 788 2849
2559 0 3071 2197 843 2852
2815 0 3071 2413 900 2857
3071 0 3071 2630 960 2864
3327 0 3071 2846 1020 2871
3583 0 3071 3062 1083 2881
3839 0 3071 3279 1146 2891
4095 0 3071 3495 1209 2902
0 256 3071 47 592 2889
256 256 3071 252 596 2876
512 256 3071 470 607 2856
768 256 3071 706 627 2825
1024 256 3071 920 653 2815
1280 256 3071 1130 681 2812
1536 256 3071 1341 717 2814
1792 256 3071 1553 757 2818
2048 256 3071 1766 800 2822
2303 256 3071 1980 849 2829
2559 256 3071 2194 900 2836
2815 256 3071 2409 953 2845
3071 256 3071 2625 1009 2854
3327 256 3071 2841 1067 2864
3583 256 3071 3057 1126 2875
3839 256 3071 3274 1186 2887
4095 256 3071 3490 1247 2899
0 512 3071 105 703 2886
256 512 3071 325 711 2864
512 512 3071 546 724 2832
768 512 3071 769 746 2784
1024 512 3071 970 772 2762
1280 512 3071 1166 800 2750
1536 512 3071 1364 832 2759
1792 512 3071 1566 867 2770
2048 512 3071 1771 906 2783
2303 512 3071 1980 949 2797
2559 512 3071 2191 995 2811
2815 512 3071 2404 1044 2824
3071 512 3071 2618 1095 2838
3327 512 3071 2833 1148 2852
3583 512 3071 3049 1203 2866
3839 512 3071 3266 1260 2881
4095 512 3071 3482 1317 2895
0 768 3071 367 887 2875
256 768 3071 485 891 2856
512 768 3071 636 901 2823
768 768 3071 837 919 2767
1024 768 3071 1032 946 2711
1280 768 3071 1222 976 2669
1536 768 3071 1401 1006 2680
1792 768 3071 1588 1038 2700
2048 768 3071 1780 1071 2724
2303 768 3071 1982 1109 2748
2559 768 3071 2187 1148 2771
2815 768 3071 2396 1191 2793
3071 768 3071 2608 1236 2813
3327 768 3071 2821 1283 2833
3583 768 3071 3036 1332 2852
3839 768 3071 3253 1382 2870
4095 768 3071 3470 1433 2889
0 1024 3071 549 1099 2865
256 1024 3071 627 1102 2849
512 1024 3071 743 1109 2819
768 1024 3071 917 1122 2770
1024 1024 3071 1099 1144 2715
1280 1024 3071 1279 1169 2671
1536 1024 3071 1449 1194 2677
1792 1024 3071 1628 1223 2692
2048 1024 3071 1812 1253 2712
2303 1024 3071 2005 1289 2731
2559 1024 3071 2201 1327 2751
2815 1024 3071 2402 1367 2772
3071 1024 3071 2608 1409 2795
3327 1024 3071 2817 1452 2818
3583 1024 3071 3028 1497 2841
3839 1024 3071 3249 1537 2866
4095 1024 3071 3477 1572 2894
0 1280 3071 709 1321 2856
256 1280 3071 765 1323 2843
512 1280 3071 858 1328 2819
768 1280 3071 1005 1336 2779
1024 1280 3071 1171 1351 2733
1280 1280 3071 1339 1369 2697
1536 1280 3071 1503 1391 2697
1792 1280 3071 1675 1416 2706
2048 1280 3071 1852 1443 2720
2303 1280 3071 2037 1477 2732
2559 1280 3071 2226 1513 2747
2815 1280 3071 2420 1551 2766
3071 1280 3071 2619 1591 2788
3327 1280 3071 2821 1632 2812
3583 1280 3071 3027 1674 2836
3839 1280 3071 3253 1702 2868
4095 1280 3071 3493 1722 2905
0 1536 3071 860 1553 2853
256 1536 3071 905 1554 2843
512 1536 3071 982 1557 2824
768 1536 3071 1109 1563 2792
1024 1536 3071 1259 1574 2757
1280 1536 3071 1416 1588 2729
1536 1536 3071 1571 1605 2733
1792 1536 3071 1737 1626 2743
2048 1536 3071 1908 1648 2757
2303 1536 3071 2092 1674 2774
2559 1536 3071 2279 1704 2789
2815 1536 3071 2469 1737 2802
3071 1536 3071 2660 1776 2815
3327 1536 3071 2852 1817 2831
3583 1536 3071 3050 1858 2851
3839 1536 3071 3275 1883 2882
4095 1536 3071 3518 1896 2922
0 1792 3071 1008 1788 2857
256 1792 3071 1045 1789 2849
512 1792 3071 1111 1791 2835
768 1792 3071 1220 1794 2811
1024 1792 3071 1357 1802 2784
1280 1792 3071 1501 1812 2764
1536 1792 3071 1648 1827 2770
1792 1792 3071 1806 1843 2785
2048 1792 3071 1970 1862 2805
2303 1792 3071 2153 1882 2823
2559 1792 3071 2339 1906 2838
2815 1792 3071 2529 1933 2848
3071 1792 3071 2717 1967 2856
3327 1792 3071 2903 2005 2865
3583 1792 3071 3089 2048 2878
3839 1792 3071 3308 2072 2905
4095 1792 3071 3548 2083 2942
0 2048 3071 1155 2024 2866
256 2048 3071 1186 2025 2861
512 2048 3071 1242 2026 2851
768 2048 3071 1336 2028 2834
1024 2048 3071 1461 2034 2815
1280 2048 3071 1593 2041 2801
1536 2048 3071 1731 2053 2808
1792 2048 3071 1879 2067 2830
2048 2048 3071 2035 2081 2861
2303 2048 3071 2216 2098 2876
2559 2048 3071 2403 2115 2890
2815 2048 3071 2595 2135 2900
3071 2048 3071 2784 2163 2906
3327 2048 3071 2968 2196 2910
3583 2048 3071 3139 2242 2912
3839 2048 3071 3348 2268 2932
4095 2048 3071 3582 2280 2964
0 2303 3071 1301 2262 2888
256 2303 3071 1327 2262 2884
512 2303 3071 1377 2263 2877
768 2303 3071 1461 2265 2866
1024 2303 3071 1575 2269 2853
1280 2303 3071 1697 2275 2844
1536 2303 3071 1827 2285 2850
1792 2303 3071 1964 2299 2871
2048 2303 3071 2105 2313 2901
2303 2303 3071 2282 2327 2913
2559 2303 3071 2465 2343 2925
2815 2303 3071 2654 2360 2936
3071 2303 3071 2849 2379 2948
3327 2303 3071 3038 2404 2957
3583 2303 3071 3198 2449 2952
3839 2303 3071 3397 2476 2966
4095 2303 3071 3623 2490 2991
0 2559 3071 1447 2501 2914
256 2559 3071 1470 2501 2912
512 2559 3071 1513 2502 2908
768 2559 3071 1588 2503 2901
1024 2559 3071 1692 2506 2893
1280 2559 3071 1806 2510 2888
1536 2559 3071 1928 2520 2893
1792 2559 3071 2052 2533 2913
2048 2559 3071 2177 2548 2941
2303 2559 3071 2348 2561 2953
2559 2559 3071 2526 2574 2964
2815 2559 3071 2714 2588 2974
3071 2559 3071 2912 2602 2987
3327 2559 3071 3103 2621 2996
3583 2559 3071 3260 2662 2992
3839 2559 3071 3452 2688 3001
4095 2559 3071 3668 2704 3020
0 2815 3071 1592 2741 2948
256 2815 3071 1613 2741 2946
512 2815 3071 1652 2742 2944
768 2815 3071 1719 2742 2940
1024 2815 3071 1814 2744 2937
1280 2815 3071 1920 2748 2935
1536 2815 3071 2036 2756 2939
1792 2815 3071 2145 2770 2956
2048 2815 3071 2251 2787 2982
2303 2815 3071 2413 2799 2998
2559 2815 3071 2587 2811 3009
2815 2815 3071 2775 2822 3014
3071 2815 3071 2970 2834 3020
3327 2815 3071 3161 2850 3025
3583 2815 3071 3326 2882 3030
3839 2815 3071 3514 2906 3039
4095 2815 3071 3718 2924 3052
0 3071 3071 1738 2982 2987
256 3071 3071 1756 2982 2987
512 3071 3071 1792 2982 2986
768 3071 3071 1852 2983 2985
1024 3071 3071 1941 2984 2984
1280 3071 3071 2039 2987 2985
1536 3071 3071 2150 2994 2989
1792 3071 3071 2255 3007 3000
2048 3071 3071 2356 3024 3015
2303 3071 3071 2497 3038 3027
2559 3071 3071 2656 3051 3036
2815 3071 3071 2840 3061 3040
3071 3071 3071 3031 3072 3044
3327 3071 3071 3221 3085 3048
3583 3071 3071 3403 3106 3054
3839 3071 3071 3587 3128 3068
4095 3071 3071 3774 3149 3088
0 3327 3071 1884 3224 3030
256 3327 3071 1900 3224 3030
512 3327 3071 1932 3224 3031
768 3327 3071 1987 3224 3031
1024 3327 3071 2069 3225 3033
1280 3327 3071 2161 3227 3036
1536 3327 3071 2267 3233 3040
1792 3327 3071 2370 3244 3045
2048 3327 3071 2470 3259 3051
2303 3327 3071 2587 3278 3054
2559 3327 3071 2728 3293 3058
2815 3327 3071 2907 3302 3062
3071 3327 3071 3093 3312 3066
3327 3327 3071 3283 3323 3070
3583 3327 3071 3478 3335 3075
3839 3327 3071 3660 3354 3095
4095 3327 3071 3833 3376 3126
0 3583 3071 2029 3466 3078
256 3583 3071 2044 3466 3078
512 3583 3071 2073 3466 3079
768 3583 3071 2124 3466 3081
1024 3583 3071 2201 3467 3085
1280 3583 3071 2287 3468 3089
1536 3583 3071 2389 3473 3094
1792 3583 3071 2491 3482 3098
2048 3583 3071 2592 3494 3101
2303 3583 3071 2684 3518 3089
2559 3583 3071 2808 3535 3083
2815 3583 3071 2980 3544 3086
3071 3583 3071 3161 3553 3091
3327 3583 3071 3346 3563 3095
3583 3583 3071 3537 3575 3100
3839 3583 3071 3720 3590 3126
4095 3583 3071 3898 3607 3167
0 3839 3071 2143 3714 3119
256 3839 3071 2156 3715 3120
512 3839 3071 2182 3715 3121
768 3839 3071 2226 3716 3123
1024 3839 3071 2295 3717 3126
1280 3839 3071 2375 3719 3129
1536 3839 3071 2472 3723 3134
1792 3839 3071 2575 3731 3137
2048 3839 3071 2682 3740 3139
2303 3839 3071 2784 3759 3129
2559 3839 3071 2910 3773 3124
2815 3839 3071 3072 3782 3128
3071 3839 3071 3244 3791 3132
3327 3839 3071 3421 3802 3136
3583 3839 3071 3604 3813 3140
3839 3839 3071 3786 3826 3154
4095 3839 3071 3966 3839 3176
0 4095 3071 2237 3968 3156
256 4095 3071 2247 3968 3157
512 4095 3071 2268 3969 3157
768 4095 3071 2306 3971 3158
1024 4095 3071 2366 3973 3159
1280 4095 3071 2437 3977 3161
1536 4095 3071 2529 3981 3164
1792 4095 3071 2636 3986 3166
2048 4095 3071 2752 3992 3169
2303 4095 3071 2886 3999 3173
2559 4095 3071 3028 4008 3177
2815 4095 3071 3178 4017 3181
3071 4095 3071 3339 4027 3185
3327 4095 3071 3504 4038 3188
3583 4095 3071 3677 4051 3190
3839 4095 3071 3855 4062 3180
4095 4095 3071 4037 4073 3162
0 0 3327 135 573 3122
256 0 3327 244 570 3128
512 0 3327 404 573 3129
768 0 3327 641 584 3123
1024 0 3327 875 608 3113
1280 0 3327 1106 637 3104
1536 0 3327 1329 675 3096
1792 0 3327 1549 717 3090
2048 0 3327 1768 762 3086
2303 0 3327 1984 814 3086
2559 0 3327 2200 867 3087
2815 0 3327 2417 922 3090
3071 0 3327 2633 980 3095
3327 0 3327 2849 1039 3102
3583 0 3327 3065 1100 3110
3839 0 3327 3281 1162 3119
4095 0 3327 3498 1225 3129
0 256 3327 51 630 3129
256 256 3327 250 634 3118
512 256 3327 465 643 3100
768 256 3327 702 661 3072
1024 256 3327 920 685 3060
1280 256 3327 1133 712 3055
1536 256 3327 1344 746 3055
1792 256 3327 1557 784 3056
2048 256 3327 1771 826 3059
2303 256 3327 1984 873 3063
2559 256 3327 2199 922 3069
2815 256 3327 2413 974 3076
3071 256 3327 2629 1029 3084
3327 256 3327 2844 1085 3093
3583 256 3327 3060 1143 3103
3839 256 3327 3277 1202 3114
4095 256 3327 3493 1262 3125
0 512 3327 102 734 3129
256 512 3327 318 741 3108
512 512 3327 538 753 3078
768 512 3327 767 774 3033
1024 512 3327 973 799 3008
1280 512 3327 1173 826 2992
1536 512 3327 1371 857 2997
1792 512 3327 1573 891 3006
2048 512 3327 1778 928 3016
2303 512 3327 1986 971 3028
2559 512 3327 2197 1015 3040
2815 512 3327 2409 1063 3052
3071 512 3327 2623 1113 3065
3327 512 3327 2838 1165 3078
3583 512 3327 3053 1219 3091
3839 512 3327 3269 1275 3105
4095 512 3327 3486 1331 3118
0 768 3327 357 910 3118
256 768 3327 476 914 3100
512 768 3327 631 924 3068
768 768 3327 838 941 3014
1024 768 3327 1038 968 2956
1280 768 3327 1233 998 2911
1536 768 3327 1413 1027 2916
1792 768 3327 1600 1057 2931
2048 768 3327 1792 1090 2952
2303 768 3327 1993 1127 2973
2559 768 3327 2197 1166 2994
2815 768 3327 2404 1208 3015
3071 768 3327 2615 1252 3035
3327 768 3327 2827 1298 3054
3583 768 3327 3042 1346 3072
3839 768 3327 3257 1396 3090
4095 768 3327 3473 1447 3108
0 1024 3327 541 1118 3107
256 1024 3327 621 1121 3091
512 1024 3327 740 1128 3062
768 1024 3327 919 1141 3013
1024 1024 3327 1105 1163 2956
1280 1024 3327 1290 1187 2909
1536 1024 3327 1461 1212 2909
1792 1024 3327 1640 1240 2919
2048 1024 3327 1824 1270 2935
2303 1024 3327 2016 1305 2952
2559 1024 3327 2212 1342 2970
2815 1024 3327 2412 1382 2990
3071 1024 3327 2617 1423 3012
3327 1024 3327 2824 1466 3034
3583 1024 3327 3035 1511 3056
3839 1024 3327 3254 1550 3082
4095 1024 3327 3479 1586 3111
0 1280 3327 704 1336 3096
256 1280 3327 762 1339 3083
512 1280 3327 857 1343 3059
768 1280 3327 1007 1352 3018
1024 1280 3327 1177 1367 2970
1280 1280 3327 1349 1385 2929
1536 1280 3327 1515 1407 2924
1792 1280 3327 1687 1432 2927
2048 1280 3327 1864 1459 2935
2303 1280 3327 2048 1492 2946
2559 1280 3327 2237 1527 2960
2815 1280 3327 2429 1565 2977
3071 1280 3327 2628 1604 2999
3327 1280 3327 2829 1644 3022
3583 1280 3327 3034 1686 3045
3839 1280 3327 3257 1715 3078
4095 1280 3327 3492 1736 3118
0 1536 3327 856 1566 3090
256 1536 3327 902 1568 3080
512 1536 3327 982 1571 3060
768 1536 3327 1111 1577 3027
1024 1536 3327 1264 1588 2988
1280 1536 3327 1424 1602 2954
1536 1536 3327 1583 1620 2948
1792 1536 3327 1748 1640 2951
2048 1536 3327 1918 1663 2959
2303 1536 3327 2098 1692 2971
2559 1536 3327 2282 1722 2983
2815 1536 3327 2470 1756 2998
3071 1536 3327 2663 1792 3017
3327 1536 3327 2858 1829 3036
3583 1536 3327 3056 1870 3056
3839 1536 3327 3279 1895 3090
4095 1536 3327 3518 1909 3134
0 1792 3327 1006 1799 3091
256 1792 3327 1044 1800 3083
512 1792 3327 1111 1802 3067
768 1792 3327 1222 1806 3041
1024 1792 3327 1362 1815 3010
1280 1792 3327 1509 1825 2983
1536 1792 3327 1660 1840 2977
1792 1792 3327 1819 1857 2980
2048 1792 3327 1982 1877 2989
2303 1792 3327 2156 1901 3001
2559 1792 3327 2335 1927 3014
2815 1792 3327 2519 1956 3028
3071 1792 3327 2709 1988 3046
3327 1792 3327 2901 2021 3064
3583 1792 3327 3092 2060 3079
3839 1792 3327 3311 2083 3110
4095 1792 3327 3548 2095 3153
0 2048 3327 1154 2035 3096
256 2048 3327 1185 2035 3089
512 2048 3327 1242 2036 3078
768 2048 3327 1338 2039 3058
1024 2048 3327 1465 2045 3035
1280 2048 3327 1601 2052 3015
1536 2048 3327 1744 2064 3010
1792 2048 3327 1895 2079 3013
2048 2048 3327 2051 2096 3023
2303 2048 3327 2220 2116 3035
2559 2048 3327 2394 2139 3048
2815 2048 3327 2575 2163 3064
3071 2048 3327 2763 2189 3083
3327 2048 3327 2953 2218 3101
3583 2048 3327 3137 2255 3110
3839 2048 3327 3350 2278 3136
4095 2048 3327 3581 2290 3175
0 2303 3327 1300 2272 3112
256 2303 3327 1327 2272 3107
512 2303 3327 1377 2273 3099
768 2303 3327 1462 2275 3084
1024 2303 3327 1578 2279 3067
1280 2303 3327 1704 2285 3053
1536 2303 3327 1839 2295 3050
1792 2303 3327 1982 2308 3057
2048 2303 3327 2129 2322 3069
2303 2303 3327 2294 2340 3082
2559 2303 3327 2464 2359 3098
2815 2303 3327 2643 2379 3116
3071 2303 3327 2834 2398 3138
3327 2303 3327 3024 2422 3156
3583 2303 3327 3196 2461 3151
3839 2303 3327 3399 2485 3168
4095 2303 3327 3623 2499 3200
0 2559 3327 1446 2510 3133
256 2559 3327 1469 2510 3130
512 2559 3327 1513 2511 3124
768 2559 3327 1589 2512 3114
1024 2559 3327 1695 2515 3102
1280 2559 3327 1812 2520 3093
1536 2559 3327 1939 2528 3093
1792 2559 3327 2071 2540 3103
2048 2559 3327 2206 2553 3119
2303 2559 3327 2364 2569 3137
2559 2559 3327 2530 2584 3154
2815 2559 3327 2710 2600 3170
3071 2559 3327 2903 2615 3189
3327 2559 3327 3093 2635 3203
3583 2559 3327 3258 2672 3192
3839 2559 3327 3453 2697 3202
4095 2559 3327 3668 2713 3228
0 2815 3327 1592 2749 3161
256 2815 3327 1612 2750 3159
512 2815 3327 1652 2750 3155
768 2815 3327 1720 2751 3149
1024 2815 3327 1817 2753 3142
1280 2815 3327 1925 2756 3136
1536 2815 3327 2045 2763 3137
1792 2815 3327 2163 2775 3152
2048 2815 3327 2281 2789 3176
2303 2815 3327 2429 2803 3203
2559 2815 3327 2591 2817 3221
2815 2815 3327 2776 2829 3227
3071 2815 3327 2968 2842 3234
3327 2815 3327 3156 2859 3239
3583 2815 3327 3325 2890 3232
3839 2815 3327 3514 2914 3240
4095 2815 3327 3718 2932 3259
0 3071 3327 1737 2990 3196
256 3071 3327 1756 2990 3195
512 3071 3327 1791 2990 3193
768 3071 3327 1853 2990 3189
1024 3071 3327 1943 2992 3186
1280 3071 3327 2043 2995 3183
1536 3071 3327 2158 3001 3185
1792 3071 3327 2270 3011 3197
2048 3071 3327 2381 3025 3215
2303 3071 3327 2511 3041 3238
2559 3071 3327 2662 3055 3253
2815 3071 3327 2843 3066 3257
3071 3071 3327 3031 3078 3262
3327 3071 3327 3219 3092 3266
3583 3071 3327 3401 3113 3267
3839 3071 3327 3586 3134 3277
4095 3071 3327 3774 3156 3293
0 3327 3327 1883 3231 3234
256 3327 3327 1900 3231 3234
512 3327 3327 1932 3231 3233
768 3327 3327 1988 3231 3232
1024 3327 3327 2071 3232 3232
1280 3327 3327 2164 3234 3232
1536 3327 3327 2273 3239 3234
1792 3327 3327 2381 3248 3242
2048 3327 3327 2489 3261 3252
2303 3327 3327 2600 3280 3267
2559 3327 3327 2736 3296 3277
2815 3327 3327 2911 3305 3281
3071 3327 3327 3094 3316 3286
3327 3327 3327 3282 3328 3292
3583 3327 3327 3476 3340 3299
3839 3327 3327 3658 3359 3311
4095 3327 3327 3833 3382 3328
0 3583 3327 2029 3472 3278
256 3583 3327 2044 3472 3279
512 3583 3327 2073 3472 3279
768 3583 3327 2125 3472 3279
1024 3583 3327 2202 3473 3281
1280 3583 3327 2290 3475 3283
1536 3583 3327 2393 3479 3287
1792 3583 3327 2498 3487 3292
2048 3583 3327 2604 3498 3299
2303 3583 3327 2693 3521 3302
2559 3583 3327 2813 3538 3305
2815 3583 3327 2981 3548 3309
3071 3583 3327 3160 3558 3313
3327 3583 3327 3345 3568 3318
3583 3583 3327 3536 3579 3323
3839 3583 3327 3719 3594 3341
4095 3583 3327 3898 3612 3367
0 3839 3327 2145 3720 3321
256 3839 3327 2158 3720 3321
512 3839 3327 2183 3720 3322
768 3839 3327 2228 3721 3323
1024 3839 3327 2297 3722 3325
1280 3839 3327 2377 3724 3327
1536 3839 3327 2476 3728 3331
1792 3839 3327 2580 3735 3335
2048 3839 3327 2689 3744 3340
2303 3839 3327 2789 3762 3340
2559 3839 3327 2913 3776 3342
2815 3839 3327 3073 3786 3346
3071 3839 3327 3244 3795 3350
3327 3839 3327 3420 3806 3354
3583 3839 3327 3604 3817 3358
3839 3839 3327 3786 3830 3368
4095 3839 3327 3967 3845 3382
0 4095 3327 2240 3971 3363
256 4095 3327 2251 3972 3363
512 4095 3327 2272 3973 3363
768 4095 3327 2310 3974 3364
1024 4095 3327 2369 3977 3366
1280 4095 3327 2440 3980 3368
1536 4095 3327 2533 3985 3370
1792 4095 3327 2639 3990 3373
2048 4095 3327 2754 3996 3377
2303 4095 3327 2888 4003 3381
2559 4095 3327 3029 4011 3385
2815 4095 3327 3180 4020 3389
3071 4095 3327 3340 4031 3394
3327 4095 3327 3504 4042 3398
3583 4095 3327 3677 4054 3402
3839 4095 3327 3856 4067 3395
4095 4095 3327 4039 4080 3382
0 0 3583 145 617 3359
256 0 3583 250 614 3366
512 0 3583 405 616 3368
768 0 3583 636 624 3365
1024 0 3583 870 646 3356
1280 0 3583 1104 674 3346
1536 0 3583 1328 709 3337
1792 0 3583 1550 749 3331
2048 0 3583 1770 792 3325
2303 0 3583 1986 841 3323
2559 0 3583 2203 892 3323
2815 0 3583 2420 946 3325
3071 0 3583 2636 1002 3329
3327 0 3583 2852 1060 3334
3583 0 3583 3068 1119 3341
3839 0 3583 3284 1180 3349
4095 0 3583 3500 1242 3357
0 256 3583 54 668 3369
256 256 3583 247 671 3359
512 256 3583 458 680 3343
768 256 3583 697 696 3319
1024 256 3583 918 719 3306
1280 256 3583 1134 745 3298
1536 256 3583 1347 777 3296
1792 256 3583 1560 813 3296
2048 256 3583 1774 853 3297
2303 256 3583 1988 898 3300
2559 256 3583 2203 946 3304
2815 256 3583 2418 996 3309
3071 256 3583 2633 1049 3316
3327 256 3583 2848 1104 3324
3583 256 3583 3064 1161 3333
3839 256 3583 3280 1219 3342
4095 256 3583 3496 1279 3352
0 512 3583 99 766 3371
256 512 3583 308 773 3352
512 512 3583 528 784 3324
768 512 3583 763 804 3282
1024 512 3583 972 827 3258
1280 512 3583 1175 853 3243
1536 512 3583 1375 882 3246
1792 512 3583 1579 915 3251
2048 512 3583 1785 951 3257
2303 512 3583 1993 993 3264
2559 512 3583 2203 1037 3273
2815 512 3583 2415 1083 3283
3071 512 3583 2629 1133 3294
3327 512 3583 2843 1183 3306
3583 512 3583 3058 1237 3318
3839 512 3583 3273 1291 3331
4095 512 3583 3489 1347 3344
0 768 3583 345 935 3360
256 768 3583 466 939 3344
512 768 3583 624 949 3313
768 768 3583 836 966 3261
1024 768 3583 1038 990 3215
1280 768 3583 1233 1016 3179
1536 768 3583 1418 1042 3183
1792 768 3583 1608 1072 3190
2048 768 3583 1803 1105 3200
2303 768 3583 2003 1144 3211
2559 768 3583 2206 1184 3224
2815 768 3583 2413 1226 3241
3071 768 3583 2623 1270 3259
3327 768 3583 2834 1315 3277
3583 768 3583 3047 1362 3295
3839 768 3583 3262 1412 3312
4095 768 3583 3477 1462 3329
0 1024 3583 531 1138 3349
256 1024 3583 613 1141 3334
512 1024 3583 736 1148 3306
768 1024 3583 919 1161 3258
1024 1024 3583 1105 1181 3212
1280 1024 3583 1289 1202 3176
1536 1024 3583 1465 1225 3179
1792 1024 3583 1647 1251 3184
2048 1024 3583 1835 1280 3192
2303 1024 3583 2030 1315 3202
2559 1024 3583 2227 1352 3213
2815 1024 3583 2427 1391 3227
3071 1024 3583 2631 1433 3243
3327 1024 3583 2837 1476 3259
3583 1024 3583 3044 1523 3276
3839 1024 3583 3259 1564 3299
4095 1024 3583 3481 1602 3328
0 1280 3583 698 1353 3338
256 1280 3583 757 1355 3325
512 1280 3583 854 1360 3301
768 1280 3583 1007 1368 3260
1024 1280 3583 1176 1383 3220
1280 1280 3583 1348 1399 3189
1536 1280 3583 1516 1418 3190
1792 1280 3583 1693 1441 3194
2048 1280 3583 1874 1465 3199
2303 1280 3583 2063 1496 3207
2559 1280 3583 2255 1529 3215
2815 1280 3583 2450 1566 3225
3071 1280 3583 2648 1606 3237
3327 1280 3583 2847 1648 3250
3583 1280 3583 3047 1695 3264
3839 1280 3583 3264 1728 3293
4095 1280 3583 3492 1753 3332
0 1536 3583 852 1580 3330
256 1536 3583 899 1582 3320
512 1536 3583 980 1585 3300
768 1536 3583 1111 1591 3266
1024 1536 3583 1264 1602 3232
1280 1536 3583 1423 1615 3206
1536 1536 3583 1582 1631 3207
1792 1536 3583 1751 1650 3210
2048 1536 3583 1926 1671 3216
2303 1536 3583 2110 1698 3224
2559 1536 3583 2298 1726 3232
2815 1536 3583 2488 1758 3241
3071 1536 3583 2682 1794 3252
3327 1536 3583 2877 1832 3264
3583 1536 3583 3074 1874 3277
3839 1536 3583 3289 1904 3306
4095 1536 3583 3517 1924 3347
0 1792 3583 1003 1812 3328
256 1792 3583 1042 1813 3319
512 1792 3583 1110 1815 3303
768 1792 3583 1223 1819 3275
1024 1792 3583 1361 1828 3248
1280 1792 3583 1507 1838 3226
1536 1792 3583 1659 1851 3227
1792 1792 3583 1820 1867 3231
2048 1792 3583 1987 1885 3237
2303 1792 3583 2166 1908 3244
2559 1792 3583 2348 1933 3252
2815 1792 3583 2534 1961 3262
3071 1792 3583 2724 1993 3273
3327 1792 3583 2916 2026 3284
3583 1792 3583 3108 2065 3296
3839 1792 3583 3321 2091 3325
4095 1792 3583 3548 2109 3365
0 2048 3583 1152 2046 3329
256 2048 3583 1184 2046 3322
512 2048 3583 1242 2048 3309
768 2048 3583 1339 2051 3288
1024 2048 3583 1465 2057 3266
1280 2048 3583 1599 2065 3249
1536 2048 3583 1741 2076 3250
1792 2048 3583 1894 2090 3254
2048 2048 3583 2054 2105 3260
2303 2048 3583 2227 2125 3267
2559 2048 3583 2403 2147 3276
2815 2048 3583 2585 2171 3285
3071 2048 3583 2772 2198 3297
3327 2048 3583 2960 2228 3309
3583 2048 3583 3148 2263 3319
3839 2048 3583 3358 2286 3346
4095 2048 3583 3581 2302 3386
0 2303 3583 1298 2282 3341
256 2303 3583 1326 2282 3335
512 2303 3583 1377 2283 3326
768 2303 3583 1463 2285 3309
1024 2303 3583 1579 2290 3291
1280 2303 3583 1704 2296 3277
1536 2303 3583 1837 2306 3278
1792 2303 3583 1982 2318 3283
2048 2303 3583 2134 2332 3290
2303 2303 3583 2300 2350 3298
2559 2303 3583 2471 2369 3307
2815 2303 3583 2648 2390 3318
3071 2303 3583 2833 2413 3331
3327 2303 3583 3018 2439 3343
3583 2303 3583 3200 2472 3349
3839 2303 3583 3404 2495 3374
4095 2303 3583 3623 2510 3410
0 2559 3583 1445 2520 3357
256 2559 3583 1469 2520 3353
512 2559 3583 1513 2520 3346
768 2559 3583 1590 2522 3333
1024 2559 3583 1697 2525 3319
1280 2559 3583 1813 2530 3308
1536 2559 3583 1939 2539 3310
1792 2559 3583 2075 2549 3315
2048 2559 3583 2217 2562 3324
2303 2559 3583 2377 2577 3333
2559 2559 3583 2542 2594 3343
2815 2559 3583 2715 2612 3353
3071 2559 3583 2896 2633 3366
3327 2559 3583 3078 2656 3377
3583 2559 3583 3256 2686 3383
3839 2559 3583 3455 2707 3405
4095 2559 3583 3668 2722 3437
0 2815 3583 1591 2758 3380
256 2815 3583 1612 2758 3377
512 2815 3583 1652 2759 3372
768 2815 3583 1720 2760 3364
1024 2815 3583 1819 2762 3353
1280 2815 3583 1928 2766 3344
1536 2815 3583 2048 2773 3345
1792 2815 3583 2174 2783 3351
2048 2815 3583 2306 2795 3362
2303 2815 3583 2457 2809 3374
2559 2815 3583 2617 2824 3385
2815 2815 3583 2787 2840 3393
3071 2815 3583 2964 2858 3403
3327 2815 3583 3142 2878 3412
3583 2815 3583 3318 2904 3420
3839 2815 3583 3512 2924 3440
4095 2815 3583 3718 2940 3467
0 3071 3583 1737 2998 3410
256 3071 3583 1755 2998 3408
512 3071 3583 1791 2998 3405
768 3071 3583 1854 2999 3400
1024 3071 3583 1945 3001 3393
1280 3071 3583 2047 3003 3387
1536 3071 3583 2162 3009 3387
1792 3071 3583 2283 3018 3392
2048 3071 3583 2408 3029 3401
2303 3071 3583 2548 3043 3413
2559 3071 3583 2699 3057 3424
2815 3071 3583 2864 3071 3433
3071 3071 3583 3036 3088 3443
3327 3071 3583 3213 3105 3455
3583 3071 3583 3395 3124 3468
3839 3071 3583 3583 3144 3483
4095 3071 3583 3774 3164 3500
0 3327 3583 1882 3238 3444
256 3327 3583 1899 3238 3443
512 3327 3583 1932 3238 3441
768 3327 3583 1988 3239 3438
1024 3327 3583 2072 3240 3435
1280 3327 3583 2167 3242 3432
1536 3327 3583 2279 3247 3432
1792 3327 3583 2395 3254 3436
2048 3327 3583 2512 3264 3443
2303 3327 3583 2640 3279 3454
2559 3327 3583 2779 3293 3465
2815 3327 3583 2937 3306 3474
3071 3327 3583 3107 3321 3486
3327 3327 3583 3282 3335 3499
3583 3327 3583 3471 3348 3515
3839 3327 3583 3654 3367 3526
4095 3327 3583 3833 3389 3534
0 3583 3583 2028 3479 3484
256 3583 3583 2043 3479 3484
512 3583 3583 2073 3479 3483
768 3583 3583 2125 3479 3482
1024 3583 3583 2203 3480 3481
1280 3583 3583 2292 3482 3480
1536 3583 3583 2398 3486 3482
1792 3583 3583 2507 3493 3486
2048 3583 3583 2619 3502 3493
2303 3583 3583 2720 3521 3505
2559 3583 3583 2841 3537 3516
2815 3583 3583 2990 3551 3526
3071 3583 3583 3163 3562 3532
3327 3583 3583 3344 3573 3539
3583 3583 3583 3533 3585 3546
3839 3583 3583 3717 3600 3557
4095 3583 3583 3897 3619 3571
0 3839 3583 2146 3726 3527
256 3839 3583 2159 3726 3527
512 3839 3583 2185 3726 3527
768 3839 3583 2230 3727 3527
1024 3839 3583 2300 3728 3528
1280 3839 3583 2381 3730 3529
1536 3839 3583 2480 3734 3531
1792 3839 3583 2586 3740 3535
2048 3839 3583 2698 3748 3540
2303 3839 3583 2805 3764 3549
2559 3839 3583 2928 3778 3558
2815 3839 3583 3075 3790 3566
3071 3839 3583 3244 3800 3571
3327 3839 3583 3420 3810 3576
3583 3839 3583 3603 3821 3580
3839 3839 3583 3785 3835 3586
4095 3839 3583 3967 3851 3593
0 4095 3583 2246 3976 3571
256 4095 3583 2256 3976 3572
512 4095 3583 2277 3977 3572
768 4095 3583 2315 3979 3573
1024 4095 3583 2375 3981 3575
1280 4095 3583 2445 3984 3577
1536 4095 3583 2537 3989 3579
1792 4095 3583 2643 3994 3583
2048 4095 3583 2758 4000 3586
2303 4095 3583 2892 4007 3590
2559 4095 3583 3032 4015 3595
2815 4095 3583 3182 4025 3600
3071 4095 3583 3342 4035 3605
3327 4095 3583 3506 4046 3611
3583 4095 3583 3678 4058 3615
3839 4095 3583 3856 4071 3613
4095 4095 3583 4039 4085 3605
0 0 3839 155 660 3596
256 0 3839 256 658 3603
512 0 3839 406 659 3607
768 0 3839 629 665 3607
1024 0 3839 865 685 3599
1280 0 3839 1101 711 3589
1536 0 3839 1327 743 3581
1792 0 3839 1550 781 3574
2048 0 3839 1771 821 3568
2303 0 3839 1988 867 3566
2559 0 3839 2206 916 3565
2815 0 3839 2424 967 3567
3071 0 3839 2641 1020 3570
3327 0 3839 2858 1075 3574
3583 0 3839 3075 1133 3580
3839 0 3839 3292 1191 3587
4095 0 3839 3508 1251 3594
0 256 3839 58 706 3609
256 256 3839 242 710 3600
512 256 3839 448 718 3587
768 256 3839 687 731 3567
1024 256 3839 910 752 3557
1280 256 3839 1129 776 3550
1536 256 3839 1345 805 3548
1792 256 3839 1561 839 3547
2048 256 3839 1777 877 3546
2303 256 3839 1992 919 3548
2559 256 3839 2208 964 3551
2815 256 3839 2424 1012 3555
3071 256 3839 2640 1063 3561
3327 256 3839 2856 1116 3567
3583 256 3839 3073 1171 3574
3839 256 3839 3290 1227 3582
4095 256 3839 3506 1285 3591
0 512 3839 94 799 3613
256 512 3839 297 805 3596
512 512 3839 513 816 3572
768 512 3839 749 833 3538
1024 512 3839 961 854 3521
1280 512 3839 1165 876 3512
1536 512 3839 1370 902 3514
1792 512 3839 1578 933 3517
2048 512 3839 1788 967 3520
2303 512 3839 1999 1006 3525
2559 512 3839 2211 1048 3531
2815 512 3839 2425 1092 3538
3071 512 3839 2640 1140 3547
3327 512 3839 2855 1188 3555
3583 512 3839 3071 1240 3565
3839 512 3839 3287 1293 3575
4095 512 3839 3503 1348 3585
0 768 3839 330 961 3603
256 768 3839 452 965 3588
512 768 3839 609 974 3563
768 768 3839 818 988 3524
1024 768 3839 1017 1008 3496
1280 768 3839 1213 1029 3477
1536 768 3839 1407 1052 3480
1792 768 3839 1605 1079 3483
2048 768 3839 1807 1110 3487
2303 768 3839 2012 1146 3493
2559 768 3839 2219 1183 3501
2815 768 3839 2429 1223 3512
3071 768 3839 2641 1265 3524
3327 768 3839 2854 1309 3538
3583 768 3839 3068 1355 3551
3839 768 3839 3284 1404 3563
4095 768 3839 3499 1453 3576
0 1024 3839 518 1159 3592
256 1024 3839 601 1162 3579
512 1024 3839 722 1169 3557
768 1024 3839 899 1180 3522
1024 1024 3839 1081 1195 3496
1280 1024 3839 1265 1213 3477
1536 1024 3839 1450 1232 3479
1792 1024 3839 1642 1256 3483
2048 1024 3839 1838 1282 3487
2303 1024 3839 2039 1313 3492
2559 1024 3839 2242 1347 3499
2815 1024 3839 2447 1383 3508
3071 1024 3839 2655 1423 3518
3327 1024 3839 2863 1464 3529
3583 1024 3839 3073 1509 3540
3839 1024 3839 3287 1551 3556
4095 1024 3839 3506 1591 3576
0 1280 3839 689 1370 3581
256 1280 3839 747 1372 3571
512 1280 3839 840 1377 3553
768 1280 3839 986 1384 3525
1024 1280 3839 1151 1396 3502
1280 1280 3839 1323 1410 3486
1536 1280 3839 1500 1426 3488
1792 1280 3839 1685 1445 3492
2048 1280 3839 1875 1467 3496
2303 1280 3839 2072 1494 3501
2559 1280 3839 2271 1524 3506
2815 1280 3839 2472 1556 3512
3071 1280 3839 2675 1593 3519
3327 1280 3839 2879 1632 3526
3583 1280 3839 3083 1675 3535
3839 1280 3839 3297 1711 3554
4095 1280 3839 3518 1742 3580
0 1536 3839 842 1595 3575
256 1536 3839 887 1597 3567
512 1536 3839 963 1600 3553
768 1536 3839 1087 1605 3531
1024 1536 3839 1237 1615 3512
1280 1536 3839 1395 1626 3498
1536 1536 3839 1563 1639 3501
1792 1536 3839 1740 1656 3504
2048 1536 3839 1924 1675 3508
2303 1536 3839 2116 1698 3513
2559 1536 3839 2310 1723 3518
2815 1536 3839 2508 1751 3524
3071 1536 3839 2707 1784 3531
3327 1536 3839 2908 1818 3538
3583 1536 3839 3110 1856 3547
3839 1536 3839 3322 1888 3566
4095 1536 3839 3542 1915 3593
0 1792 3839 989 1825 3574
256 1792 3839 1025 1826 3568
512 1792 3839 1089 1828 3557
768 1792 3839 1196 1832 3540
1024 1792 3839 1332 1840 3524
1280 1792 3839 1478 1848 3512
1536 1792 3839 1636 1860 3515
1792 1792 3839 1805 1875 3519
2048 1792 3839 1981 1890 3522
2303 1792 3839 2167 1911 3527
2559 1792 3839 2357 1933 3533
2815 1792 3839 2550 1957 3539
3071 1792 3839 2746 1986 3546
3327 1792 3839 2943 2016 3553
3583 1792 3839 3142 2050 3562
3839 1792 3839 3353 2078 3581
4095 1792 3839 3571 2102 3608
0 2048 3839 1134 2057 3577
256 2048 3839 1163 2058 3573
512 2048 3839 1217 2060 3565
768 2048 3839 1309 2063 3551
1024 2048 3839 1433 2069 3538
1280 2048 3839 1567 2076 3528
1536 2048 3839 1715 2086 3531
1792 2048 3839 1876 2098 3535
2048 2048 3839 2044 2112 3539
2303 2048 3839 2224 2130 3543
2559 2048 3839 2408 2149 3549
2815 2048 3839 2597 2170 3555
3071 2048 3839 2789 2195 3562
3327 2048 3839 2982 2222 3570
3583 2048 3839 3178 2252 3579
3839 2048 3839 3386 2277 3598
4095 2048 3839 3602 2298 3625
0 2303 3839 1275 2293 3589
256 2303 3839 1300 2294 3586
512 2303 3839 1348 2295 3579
768 2303 3839 1430 2298 3568
1024 2303 3839 1544 2302 3558
1280 2303 3839 1669 2308 3549
1536 2303 3839 1808 2317 3552
1792 2303 3839 1960 2328 3555
2048 2303 3839 2120 2340 3559
2303 2303 3839 2294 2356 3564
2559 2303 3839 2471 2373 3570
2815 2303 3839 2655 2392 3576
3071 2303 3839 2842 2415 3584
3327 2303 3839 3032 2439 3591
3583 2303 3839 3224 2466 3601
3839 2303 3839 3429 2488 3620
4095 2303 3839 3642 2507 3646
0 2559 3839 1416 2531 3604
256 2559 3839 1438 2531 3602
512 2559 3839 1481 2532 3597
768 2559 3839 1554 2534 3589
1024 2559 3839 1658 2538 3580
1280 2559 3839 1774 2543 3573
1536 2559 3839 1906 2551 3575
1792 2559 3839 2049 2560 3578
2048 2559 3839 2202 2571 3582
2303 2559 3839 2368 2585 3588
2559 2559 3839 2540 2600 3593
2815 2559 3839 2717 2618 3600
3071 2559 3839 2900 2638 3608
3327 2559 3839 3085 2659 3616
3583 2559 3839 3274 2683 3626
3839 2559 3839 3475 2703 3644
4095 2559 3839 3685 2721 3669
0 2815 3839 1557 2770 3624
256 2815 3839 1577 2770 3622
512 2815 3839 1615 2771 3619
768 2815 3839 1681 2772 3613
1024 2815 3839 1777 2775 3607
1280 2815 3839 1886 2779 3601
1536 2815 3839 2010 2786 3602
1792 2815 3839 2146 2795 3605
2048 2815 3839 2290 2804 3609
2303 2815 3839 2450 2817 3614
2559 2815 3839 2615 2831 3620
2815 2815 3839 2787 2846 3627
3071 2815 3839 2965 2864 3636
3327 2815 3839 3145 2883 3645
3583 2815 3839 3331 2905 3655
3839 2815 3839 3528 2924 3673
4095 2815 3839 3732 2941 3694
0 3071 3839 1699 3010 3650
256 3071 3839 1716 3011 3649
512 3071 3839 1751 3011 3647
768 3071 3839 1810 3012 3643
1024 3071 3839 1900 3015 3638
1280 3071 3839 2001 3018 3634
1536 3071 3839 2120 3023 3634
1792 3071 3839 2250 3031 3637
2048 3071 3839 2387 3040 3641
2303 3071 3839 2539 3051 3648
2559 3071 3839 2697 3064 3654
2815 3071 3839 2863 3078 3662
3071 3071 3839 3036 3094 3672
3327 3071 3839 3213 3111 3683
3583 3071 3839 3400 3128 3697
3839 3071 3839 3591 3147 3710
4095 3071 3839 3785 3165 3722
0 3327 3839 1840 3251 3678
256 3327 3839 1856 3251 3678
512 3327 3839 1887 3252 3677
768 3327 3839 1941 3253 3675
1024 3327 3839 2024 3254 3672
1280 3327 3839 2118 3257 3670
1536 3327 3839 2233 3262 3670
1792 3327 3839 2356 3268 3672
2048 3327 3839 2485 3276 3677
2303 3327 3839 2628 3287 3684
2559 3327 3839 2778 3299 3692
2815 3327 3839 2937 3312 3701
3071 3327 3839 3107 3327 3712
3327 3327 3839 3282 3341 3723
3583 3327 3839 3470 3355 3738
3839 3327 3839 3656 3372 3747
4095 3327 3839 3841 3392 3751
0 3583 3839 1981 3493 3712
256 3583 3839 1996 3493 3712
512 3583 3839 2025 3493 3711
768 3583 3839 2074 3494 3710
1024 3583 3839 2151 3496 3710
1280 3583 3839 2239 3498 3709
1536 3583 3839 2347 3502 3710
1792 3583 3839 2464 3508 3713
2048 3583 3839 2585 3515 3718
2303 3583 3839 2709 3529 3729
2559 3583 3839 2844 3542 3739
2815 3583 3839 2995 3555 3749
3071 3583 3839 3167 3567 3755
3327 3583 3839 3346 3578 3761
3583 3583 3839 3533 3590 3769
3839 3583 3839 3719 3605 3776
4095 3583 3839 3903 3623 3784
0 3839 3839 2106 3738 3749
256 3839 3839 2118 3738 3749
512 3839 3839 2144 3739 3749
768 3839 3839 2188 3740 3749
1024 3839 3839 2258 3742 3750
1280 3839 3839 2339 3744 3750
1536 3839 3839 2440 3748 3752
1792 3839 3839 2551 3753 3756
2048 3839 3839 2669 3760 3760
2303 3839 3839 2793 3772 3769
2559 3839 3839 2927 3783 3777
2815 3839 3839 3076 3795 3785
3071 3839 3839 3245 3805 3790
3327 3839 3839 3421 3815 3794
3583 3839 3839 3603 3827 3799
3839 3839 3839 3786 3840 3804
4095 3839 3839 3969 3856 3809
0 4095 3839 2218 3986 3788
256 4095 3839 2229 3986 3788
512 4095 3839 2251 3987 3789
768 4095 3839 2289 3988 3790
1024 4095 3839 2351 3991 3791
1280 4095 3839 2423 3994 3793
1536 4095 3839 2517 3998 3795
1792 4095 3839 2625 4003 3798
2048 4095 3839 2743 4008 3801
2303 4095 3839 2879 4015 3805
2559 4095 3839 3022 4023 3809
2815 4095 3839 3174 4032 3814
3071 4095 3839 3336 4042 3819
3327 4095 3839 3502 4052 3825
3583 4095 3839 3676 4064 3830
3839 4095 3839 3855 4077 3831
4095 4095 3839 4038 4090 3830
0 0 4095 165 704 3832
256 0 4095 262 702 3839
512 0 4095 407 702 3845
768 0 4095 622 706 3849
1024 0 4095 858 724 3842
1280 0 4095 1097 748 3832
1536 0 4095 1324 777 3826
1792 0 4095 1549 812 3820
2048 0 4095 1772 850 3813
2303 0 4095 1990 893 3812
2559 0 4095 2210 938 3812
2815 0 4095 2429 986 3813
3071 0 4095 2647 1036 3816
3327 0 4095 2866 1087 3820
3583 0 4095 3084 1142 3825
3839 0 4095 3302 1198 3830
4095 0 4095 3520 1256 3836
0 256 4095 62 745 3849
256 256 4095 237 749 3841
512 256 4095 437 755 3831
768 256 4095 675 766 3817
1024 256 4095 900 784 3811
1280 256 4095 1121 805 3808
1536 256 4095 1340 832 3806
1792 256 4095 1559 863 3805
2048 256 4095 1778 898 3803
2303 256 4095 1995 938 3805
2559 256 4095 2213 979 3807
2815 256 4095 2431 1024 3810
3071 256 4095 2649 1072 3814
3327 256 4095 2868 1122 3818
3583 256 4095 3086 1175 3824
3839 256 4095 3303 1229 3830
4095 256 4095 3521 1285 3836
0 512 4095 90 832 3855
256 512 4095 283 838 3840
512 512 4095 494 848 3821
768 512 4095 730 862 3798
1024 512 4095 941 878 3793
1280 512 4095 1148 896 3793
1536 512 4095 1360 920 3795
1792 512 4095 1573 948 3797
2048 512 4095 1789 978 3798
2303 512 4095 2004 1014 3801
2559 512 4095 2221 1052 3805
2815 512 4095 2438 1093 3809
3071 512 4095 2655 1138 3814
3327 512 4095 2873 1185 3819
3583 512 4095 3090 1234 3824
3839 512 4095 3308 1286 3831
4095 512 4095 3525 1338 3837
0 768 4095 314 987 3846
256 768 4095 436 992 3833
512 768 4095 589 999 3817
768 768 4095 788 1010 3796
1024 768 4095 983 1023 3793
1280 768 4095 1179 1038 3794
1536 768 4095 1385 1057 3796
1792 768 4095 1595 1081 3799
2048 768 4095 1806 1106 3801
2303 768 4095 2020 1138 3805
2559 768 4095 2234 1171 3808
2815 768 4095 2450 1207 3812
3071 768 4095 2666 1247 3817
3327 768 4095 2883 1289 3822
3583 768 4095 3099 1333 3828
3839 768 4095 3316 1380 3834
4095 768 4095 3533 1429 3840
0 1024 4095 503 1181 3835
256 1024 4095 586 1184 3825
512 1024 4095 702 1189 3813
768 1024 4095 865 1197 3800
1024 1024 4095 1042 1208 3798
1280 1024 4095 1226 1220 3800
1536 1024 4095 1425 1237 3802
1792 1024 4095 1628 1256 3804
2048 1024 4095 1835 1278 3807
2303 1024 4095 2045 1304 3810
2559 1024 4095 2257 1333 3814
2815 1024 4095 2470 1365 3818
3071 1024 4095 2685 1399 3823
3327 1024 4095 2899 1436 3828
3583 1024 4095 3115 1476 3833
3839 1024 4095 3330 1518 3839
4095 1024 4095 3546 1562 3846
0 1280 4095 677 1388 3826
256 1280 4095 733 1390 3818
512 1280 4095 819 1393 3811
768 1280 4095 949 1399 3805
1024 1280 4095 1109 1407 3805
1280 1280 4095 1281 1418 3806
1536 1280 4095 1471 1431 3808
1792 1280 4095 1668 1447 3811
2048 1280 4095 1869 1466 3813
2303 1280 4095 2076 1488 3817
2559 1280 4095 2284 1512 3820
2815 1280 4095 2495 1539 3824
3071 1280 4095 2707 1569 3829
3327 1280 4095 2920 1601 3834
3583 1280 4095 3133 1636 3840
3839 1280 4095 3348 1673 3846
4095 1280 4095 3562 1712 3852
0 1536 4095 826 1610 3823
256 1536 4095 867 1612 3819
512 1536 4095 936 1614 3816
768 1536 4095 1047 1619 3814
1024 1536 4095 1192 1626 3814
1280 1536 4095 1351 1634 3816
1536 1536 4095 1531 1646 3817
1792 1536 4095 1720 1660 3820
2048 1536 4095 1914 1675 3822
2303 1536 4095 2116 1694 3826
2559 1536 4095 2320 1715 3829
2815 1536 4095 2527 1738 3834
3071 1536 4095 2736 1765 3838
3327 1536 4095 2947 1792 3843
3583 1536 4095 3158 1823 3849
3839 1536 4095 3371 1856 3855
4095 1536 4095 3584 1890 3861
0 1792 4095 968 1838 3827
256 1792 4095 999 1839 3826
512 1792 4095 1056 1841 3825
768 1792 4095 1151 1845 3824
1024 1792 4095 1283 1851 3825
1280 1792 4095 1430 1858 3827
1536 1792 4095 1600 1868 3829
1792 1792 4095 1780 1880 3831
2048 1792 4095 1967 1893 3833
2303 1792 4095 2163 1910 3837
2559 1792 4095 2363 1928 3840
2815 1792 4095 2566 1948 3844
3071 1792 4095 2772 1971 3849
3327 1792 4095 2979 1995 3854
3583 1792 4095 3188 2022 3860
3839 1792 4095 3399 2051 3866
4095 1792 4095 3609 2082 3872
0 2048 4095 1104 2070 3835
256 2048 4095 1129 2071 3835
512 2048 4095 1177 2072 3836
768 2048 4095 1259 2075 3836
1024 2048 4095 1379 2081 3837
1280 2048 4095 1514 2087 3839
1536 2048 4095 1674 2095 3841
1792 2048 4095 1846 2105 3843
2048 2048 4095 2025 2117 3846
2303 2048 4095 2216 2131 3849
2559 2048 4095 2410 2147 3853
2815 2048 4095 2608 2164 3857
3071 2048 4095 2811 2184 3861
3327 2048 4095 3015 2206 3866
3583 2048 4095 3222 2229 3872
3839 2048 4095 3429 2255 3878
4095 2048 4095 3638 2282 3884
0 2303 4095 1236 2306 3850
256 2303 4095 1258 2306 3851
512 2303 4095 1301 2308 3851
768 2303 4095 1374 2311 3852
1024 2303 4095 1484 2315 3853
1280 2303 4095 1609 2321 3854
1536 2303 4095 1760 2328 3856
1792 2303 4095 1923 2337 3858
2048 2303 4095 2095 2347 3861
2303 2303 4095 2279 2360 3864
2559 2303 4095 2467 2374 3868
2815 2303 4095 2661 2390 3872
3071 2303 4095 2859 2407 3877
3327 2303 4095 3059 2426 3881
3583 2303 4095 3263 2448 3887
3839 2303 4095 3468 2471 3893
4095 2303 4095 3674 2495 3899
0 2559 4095 1368 2544 3867
256 2559 4095 1388 2544 3867
512 2559 4095 1426 2546 3868
768 2559 4095 1492 2548 3868
1024 2559 4095 1593 2552 3870
1280 2559 4095 1709 2557 3871
1536 2559 4095 1850 2564 3873
1792 2559 4095 2005 2572 3875
2048 2559 4095 2168 2581 3878
2303 2559 4095 2346 2592 3881
2559 2559 4095 2528 2604 3885
2815 2559 4095 2717 2618 3889
3071 2559 4095 2911 2634 3893
3327 2559 4095 3107 2651 3898
3583 2559 4095 3307 2670 3903
3839 2559 4095 3509 2691 3909
4095 2559 4095 3713 2713 3916
0 2815 4095 1502 2784 3886
256 2815 4095 1519 2784 3886
512 2815 4095 1554 2785 3886
768 2815 4095 1614 2788 3887
1024 2815 4095 1706 2791 3888
1280 2815 4095 1813 2796 3890
1536 2815 4095 1945 2801 3892
1792 2815 4095 2092 2809 3894
2048 2815 4095 2248 2817 3896
2303 2815 4095 2419 2827 3900
2559 2815 4095 2595 2838 3903
2815 2815 4095 2779 2850 3907
3071 2815 4095 2968 2865 3912
3327 2815 4095 3160 2880 3916
3583 2815 4095 3357 2897 3922
3839 2815 4095 3555 2916 3928
4095 2815 4095 3756 2935 3934
0 3071 4095 1636 3025 3907
256 3071 4095 1652 3026 3907
512 3071 4095 1683 3027 3908
768 3071 4095 1738 3029 3908
1024 3071 4095 1823 3032 3910
1280 3071 4095 1923 3036 3911
1536 3071 4095 2047 3041 3913
1792 3071 4095 2186 3048 3915
2048 3071 4095 2334 3055 3918
2303 3071 4095 2499 3064 3921
2559 3071 4095 2669 3074 3924
2815 3071 4095 2847 3085 3928
3071 3071 4095 3032 3098 3933
3327 3071 4095 3219 3112 3938
3583 3071 4095 3412 3128 3943
3839 3071 4095 3607 3145 3949
4095 3071 4095 3805 3163 3955
0 3327 4095 1770 3267 3930
256 3327 4095 1784 3268 3930
512 3327 4095 1813 3269 3930
768 3327 4095 1863 3271 3931
1024 3327 4095 1942 3273 3932
1280 3327 4095 2035 3277 3933
1536 3327 4095 2151 3282 3935
1792 3327 4095 2283 3288 3938
2048 3327 4095 2424 3294 3940
2303 3327 4095 2582 3302 3943
2559 3327 4095 2746 3312 3947
2815 3327 4095 2919 3322 3951
3071 3327 4095 3098 3334 3955
3327 3327 4095 3282 3346 3960
3583 3327 4095 3470 3360 3965
3839 3327 4095 3662 3376 3971
4095 3327 4095 3856 3392 3977
0 3583 4095 1904 3511 3955
256 3583 4095 1917 3511 3955
512 3583 4095 1944 3512 3955
768 3583 4095 1990 3513 3956
1024 3583 4095 2064 3516 3957
1280 3583 4095 2150 3519 3959
1536 3583 4095 2260 3524 3960
1792 3583 4095 2385 3529 3963
2048 3583 4095 2519 3535 3965
2303 3583 4095 2671 3543 3968
2559 3583 4095 2829 3551 3972
2815 3583 4095 2996 3560 3976
3071 3583 4095 3171 3571 3980
3327 3583 4095 3350 3583 3985
3583 3583 4095 3535 3596 3990
3839 3583 4095 3723 3610 3996
4095 3583 4095 3913 3625 4002
0 3839 4095 2037 3755 3982
256 3839 4095 2049 3755 3982
512 3839 4095 2074 3756 3983
768 3839 4095 2117 3757 3983
1024 3839 4095 2186 3760 3984
1280 3839 4095 2266 3763 3986
1536 3839 4095 2370 3767 3987
1792 3839 4095 2489 3772 3990
2048 3839 4095 2616 3777 3992
2303 3839 4095 2763 3784 3995
2559 3839 4095 2915 3792 3999
2815 3839 4095 3077 3800 4003
3071 3839 4095 3247 3810 4007
3327 3839 4095 3421 3821 4012
3583 3839 4095 3602 3833 4017
3839 3839 4095 3787 3846 4023
4095 3839 4095 3974 3859 4029
0 4095 4095 2169 3999 4010
256 4095 4095 2181 3999 4010
512 4095 4095 2204 4000 4011
768 4095 4095 2244 4001 4012
1024 4095 4095 2308 4004 4013
1280 4095 4095 2383 4006 4014
1536 4095 4095 2481 4010 4016
1792 4095 4095 2594 4015 4018
2048 4095 4095 2715 4020 4021
2303 4095 4095 2856 4026 4024
2559 4095 4095 3003 4033 4027
2815 4095 4095 3159 4041 4031
3071 4095 4095 3325 4050 4035
3327 4095 4095 3495 4060 4040
3583 4095 4095 3672 4071 4045
3839 4095 4095 3853 4083 4051
4095 4095 4095 4038 4095 4057
