0 0 0 0 0 0
256 0 0 244 43 20
512 0 0 489 88 48
768 0 0 735 137 88
1024 0 0 979 171 84
1280 0 0 1221 203 68
1536 0 0 1464 239 49
1792 0 0 1707 277 38
2048 0 0 1951 317 32
2303 0 0 2193 358 37
2559 0 0 2435 403 50
2815 0 0 2677 451 75
3071 0 0 2919 492 73
3327 0 0 3160 533 66
3583 0 0 3400 578 71
3839 0 0 3637 627 85
4095 0 0 3871 680 104
0 256 0 86 253 50
256 256 0 282 270 49
512 256 0 496 288 53
768 256 0 738 310 67
1024 256 0 980 330 63
1280 256 0 1222 349 54
1536 256 0 1465 373 41
1792 256 0 1708 399 27
2048 256 0 1952 426 12
2303 256 0 2194 457 14
2559 256 0 2437 488 19
2815 256 0 2680 523 28
3071 256 0 2923 556 27
3327 256 0 3166 589 25
3583 256 0 3408 625 27
3839 256 0 3646 670 41
4095 256 0 3880 720 63
0 512 0 168 506 96
256 512 0 324 506 81
512 512 0 511 508 71
768 512 0 745 514 69
1024 512 0 985 523 66
1280 512 0 1226 533 61
1536 512 0 1469 547 54
1792 512 0 1711 563 42
2048 512 0 1954 581 25
2303 512 0 2197 602 24
2559 512 0 2440 624 22
2815 512 0 2683 647 21
3071 512 0 2927 672 18
3327 512 0 3170 698 15
3583 512 0 3414 726 10
3839 512 0 3651 765 28
4095 512 0 3884 811 62
0 768 0 245 759 133
256 768 0 371 758 118
512 768 0 537 758 108
768 768 0 762 761 107
1024 768 0 997 767 104
1280 768 0 1235 773 102
1536 768 0 1476 782 98
1792 768 0 1717 792 94
2048 768 0 1959 804 88
2303 768 0 2201 818 83
2559 768 0 2444 832 78
2815 768 0 2687 849 72
3071 768 0 2930 867 64
3327 768 0 3173 886 53
3583 768 0 3417 906 36
3839 768 0 3652 938 64
4095 768 0 3881 978 124
0 1024 0 326 1011 167
256 1024 0 429 1009 153
512 1024 0 576 1009 144
768 1024 0 788 1011 143
1024 1024 0 1016 1015 142
1280 1024 0 1249 1020 140
1536 1024 0 1487 1026 138
1792 1024 0 1727 1033 135
2048 1024 0 1967 1042 132
2303 1024 0 2208 1052 128
2559 1024 0 2450 1063 124
2815 1024 0 2692 1075 118
3071 1024 0 2935 1089 111
3327 1024 0 3178 1104 103
3583 1024 0 3421 1120 91
3839 1024 0 3657 1144 110
4095 1024 0 3888 1173 150
0 1280 0 408 1262 201
256 1280 0 491 1261 188
512 1280 0 620 1260 180
768 1280 0 818 1262 179
1024 1280 0 1038 1265 178
1280 1280 0 1266 1268 177
1536 1280 0 1501 1273 176
1792 1280 0 1738 1278 174
2048 1280 0 1977 1284 171
2303 1280 0 2217 1292 169
2559 1280 0 2458 1300 166
2815 1280 0 2699 1310 162
3071 1280 0 2941 1321 158
3327 1280 0 3183 1332 154
3583 1280 0 3426 1344 149
3839 1280 0 3663 1361 157
4095 1280 0 3897 1380 173
0 1536 0 491 1513 236
256 1536 0 559 1512 223
512 1536 0 672 1511 216
768 1536 0 856 1513 215
1024 1536 0 1067 1515 214
1280 1536 0 1289 1518 214
1536 1536 0 1520 1522 212
1792 1536 0 1754 1526 211
2048 1536 0 1990 1531 209
2303 1536 0 2228 1537 207
2559 1536 0 2468 1544 204
2815 1536 0 2708 1552 202
3071 1536 0 2949 1561 198
3327 1536 0 3191 1570 195
3583 1536 0 3433 1581 191
3839 1536 0 3668 1594 200
4095 1536 0 3898 1610 217
0 1792 0 567 1764 265
256 1792 0 626 1763 257
512 1792 0 729 1763 251
768 1792 0 899 1764 251
1024 1792 0 1101 1766 250
1280 1792 0 1315 1768 250
1536 1792 0 1542 1771 248
1792 1792 0 1773 1775 247
2048 1792 0 2006 1779 246
2303 1792 0 2242 1785 244
2559 1792 0 2480 1790 242
2815 1792 0 2719 1797 240
3071 1792 0 2959 1804 238
3327 1792 0 3200 1812 235
3583 1792 0 3441 1821 232
3839 1792 0 3675 1831 240
4095 1792 0 3903 1843 256
0 2048 0 639 2013 290
256 2048 0 694 2014 288
512 2048 0 789 2014 287
768 2048 0 945 2015 286
1024 2048 0 1138 2017 286
1280 2048 0 1345 2019 286
1536 2048 0 1566 2021 285
1792 2048 0 1793 2025 284
2048 2048 0 2024 2028 282
2303 2048 0 2258 2033 281
2559 2048 0 2494 2037 280
2815 2048 0 2732 2043 278
3071 2048 0 2971 2049 276
3327 2048 0 3210 2056 274
3583 2048 0 3450 2063 271
3839 2048 0 3683 2071 278
4095 2048 0 3910 2079 292
0 2303 0 719 2264 327
256 2303 0 767 2264 324
512 2303 0 854 2265 323
768 2303 0 998 2266 322
1024 2303 0 1182 2267 322
1280 2303 0 1380 2269 321
1536 2303 0 1596 2271 321
1792 2303 0 1819 2274 320
2048 2303 0 2046 2277 319
2303 2303 0 2277 2281 318
2559 2303 0 2511 2285 316
2815 2303 0 2747 2290 315
3071 2303 0 2984 2296 313
3327 2303 0 3223 2301 311
3583 2303 0 3462 2308 309
3839 2303 0 3693 2313 317
4095 2303 0 3918 2317 333
0 2559 0 798 2515 363
256 2559 0 841 2516 360
512 2559 0 920 2516 359
768 2559 0 1053 2517 358
1024 2559 0 1228 2519 358
1280 2559 0 1418 2520 357
1536 2559 0 1628 2522 357
1792 2559 0 1846 2524 356
2048 2559 0 2069 2527 355
2303 2559 0 2298 2531 354
2559 2559 0 2530 2534 353
2815 2559 0 2764 2539 352
3071 2559 0 3000 2543 350
3327 2559 0 3236 2549 349
3583 2559 0 3475 2554 347
3839 2559 0 3705 2558 355
4095 2559 0 3930 2560 369
0 2815 0 878 2766 399
256 2815 0 917 2767 397
512 2815 0 989 2768 395
768 2815 0 1111 2769 394
1024 2815 0 1277 2770 394
1280 2815 0 1459 2771 393
1536 2815 0 1664 2773 393
1792 2815 0 1877 2775 392
2048 2815 0 2096 2778 391
2303 2815 0 2322 2781 390
2559 2815 0 2551 2784 389
2815 2815 0 2782 2788 388
3071 2815 0 3017 2792 387
3327 2815 0 3252 2797 386
3583 2815 0 3489 2802 384
3839 2815 0 3720 2805 389
4095 2815 0 3948 2805 399
0 3071 0 958 3017 435
256 3071 0 993 3018 433
512 3071 0 1059 3019 432
768 3071 0 1173 3020 430
1024 3071 0 1330 3021 430
1280 3071 0 1505 3023 429
1536 3071 0 1703 3024 429
1792 3071 0 1911 3026 428
2048 3071 0 2125 3028 428
2303 3071 0 2348 3031 427
2559 3071 0 2574 3034 426
2815 3071 0 2804 3038 425
3071 3071 0 3036 3041 424
3327 3071 0 3270 3046 422
3583 3071 0 3505 3050 421
3839 3071 0 3732 3049 430
4095 3071 0 3953 3044 446
0 3327 0 1037 3268 471
256 3327 0 1069 3269 470
512 3327 0 1130 3270 468
768 3327 0 1236 3272 466
1024 3327 0 1385 3273 466
1280 3327 0 1552 3274 465
1536 3327 0 1744 3275 465
1792 3327 0 1946 3277 464
2048 3327 0 2156 3279 464
2303 3327 0 2376 3282 463
2559 3327 0 2599 3284 462
2815 3327 0 2826 3288 461
3071 3327 0 3056 3291 460
3327 3327 0 3288 3295 459
3583 3327 0 3522 3299 458
3839 3327 0 3744 3293 472
4095 3327 0 3956 3280 496
0 3583 0 1117 3519 507
256 3583 0 1146 3520 506
512 3583 0 1203 3521 504
768 3583 0 1301 3523 502
1024 3583 0 1443 3524 502
1280 3583 0 1602 3525 501
1536 3583 0 1788 3527 501
1792 3583 0 1985 3528 500
2048 3583 0 2191 3530 500
2303 3583 0 2407 3532 499
2559 3583 0 2627 3535 498
2815 3583 0 2851 3538 497
3071 3583 0 3079 3541 496
3327 3583 0 3309 3545 495
3583 3583 0 3542 3548 494
3839 3583 0 3758 3537 512
4095 3583 0 3963 3515 543
0 3839 0 1197 3769 544
256 3839 0 1225 3770 543
512 3839 0 1279 3769 544
768 3839 0 1372 3768 545
1024 3839 0 1507 3768 546
1280 3839 0 1659 3768 546
1536 3839 0 1837 3769 546
1792 3839 0 2028 3770 546
2048 3839 0 2227 3773 544
2303 3839 0 2439 3774 545
2559 3839 0 2654 3776 544
2815 3839 0 2875 3780 542
3071 3839 0 3100 3782 541
3327 3839 0 3326 3785 541
3583 3839 0 3557 3791 538
3839 3839 0 3772 3778 555
4095 3839 0 3975 3753 585
0 4095 0 1276 4020 580
256 4095 0 1304 4018 582
512 4095 0 1357 4015 585
768 4095 0 1448 4008 592
1024 4095 0 1576 4005 596
1280 4095 0 1719 4003 598
1536 4095 0 1890 4004 598
1792 4095 0 2073 4006 597
2048 4095 0 2265 4009 595
2303 4095 0 2471 4008 597
2559 4095 0 2681 4011 596
2815 4095 0 2898 4017 591
3071 4095 0 3118 4018 592
3327 4095 0 3341 4019 593
3583 4095 0 3571 4028 587
3839 4095 0 3786 4017 599
4095 4095 0 3991 3992 624
0 0 256 13 50 253
256 0 256 249 72 260
512 0 256 488 100 270
768 0 256 733 136 285
1024 0 256 976 169 283
1280 0 256 1220 202 277
1536 0 256 1463 239 269
1792 0 256 1707 276 265
2048 0 256 1950 315 262
2303 0 256 2193 354 263
2559 0 256 2436 394 268
2815 0 256 2679 436 276
3071 0 256 2922 475 275
3327 0 256 3165 514 271
3583 0 256 3407 555 272
3839 0 256 3644 608 280
4095 0 256 3876 670 292
0 256 256 87 273 273
256 256 256 282 282 272
512 256 256 492 297 275
768 256 256 723 320 286
1024 256 256 962 345 288
1280 256 256 1202 370 287
1536 256 256 1447 395 282
1792 256 256 1692 422 275
2048 256 256 1938 449 268
2303 256 256 2182 478 267
2559 256 256 2427 507 267
2815 256 256 2671 539 269
3071 256 256 2915 570 267
3327 256 256 3159 602 265
3583 256 256 3403 635 264
3839 256 256 3646 670 267
4095 256 256 3887 707 272
0 512 256 164 508 292
256 512 256 326 507 290
512 512 256 511 512 292
768 512 256 730 525 298
1024 512 256 962 543 302
1280 512 256 1199 561 304
1536 512 256 1441 578 301
1792 512 256 1685 597 295
2048 512 256 1929 617 288
2303 512 256 2172 639 286
2559 512 256 2416 662 284
2815 512 256 2660 686 282
3071 512 256 2905 712 279
3327 512 256 3149 738 277
3583 512 256 3393 765 273
3839 512 256 3642 783 271
4095 512 256 3894 796 270
0 768 256 244 760 311
256 768 256 386 755 320
512 768 256 554 755 326
768 768 256 762 762 328
1024 768 256 986 773 330
1280 768 256 1215 786 331
1536 768 256 1450 801 331
1792 768 256 1687 818 330
2048 768 256 1926 835 329
2303 768 256 2165 856 328
2559 768 256 2405 877 326
2815 768 256 2646 899 324
3071 768 256 2888 923 321
3327 768 256 3131 947 316
3583 768 256 3375 970 307
3839 768 256 3631 973 301
4095 768 256 3895 962 297
0 1024 256 322 1011 328
256 1024 256 446 1006 340
512 1024 256 600 1004 348
768 1024 256 800 1008 353
1024 1024 256 1017 1015 355
1280 1024 256 1240 1024 355
1536 1024 256 1471 1035 356
1792 1024 256 1704 1048 356
2048 1024 256 1940 1063 356
2303 1024 256 2176 1079 355
2559 1024 256 2415 1097 354
2815 1024 256 2654 1115 352
3071 1024 256 2894 1135 350
3327 1024 256 3135 1156 347
3583 1024 256 3376 1176 341
3839 1024 256 3633 1176 329
4095 1024 256 3900 1163 312
0 1280 256 401 1261 346
256 1280 256 508 1257 358
512 1280 256 648 1255 369
768 1280 256 840 1256 377
1024 1280 256 1051 1261 379
1280 1280 256 1269 1267 379
1536 1280 256 1496 1275 379
1792 1280 256 1726 1284 379
2048 1280 256 1959 1294 379
2303 1280 256 2193 1307 379
2559 1280 256 2430 1320 378
2815 1280 256 2667 1335 377
3071 1280 256 2906 1351 376
3327 1280 256 3145 1368 375
3583 1280 256 3385 1387 373
3839 1280 256 3640 1387 356
4095 1280 256 3906 1376 328
0 1536 256 482 1512 368
256 1536 256 573 1509 378
512 1536 256 701 1507 389
768 1536 256 885 1507 402
1024 1536 256 1088 1510 405
1280 1536 256 1300 1514 405
1536 1536 256 1523 1520 405
1792 1536 256 1750 1528 405
2048 1536 256 1980 1536 404
2303 1536 256 2213 1546 404
2559 1536 256 2448 1556 404
2815 1536 256 2684 1568 403
3071 1536 256 2922 1582 402
3327 1536 256 3159 1595 401
3583 1536 256 3398 1611 400
3839 1536 256 3650 1613 382
4095 1536 256 3910 1607 353
0 1792 256 561 1763 389
256 1792 256 640 1761 399
512 1792 256 757 1759 411
768 1792 256 932 1758 427
1024 1792 256 1128 1760 430
1280 1792 256 1333 1763 430
1536 1792 256 1552 1768 429
1792 1792 256 1776 1774 429
2048 1792 256 2004 1780 429
2303 1792 256 2235 1788 429
2559 1792 256 2468 1796 428
2815 1792 256 2703 1806 428
3071 1792 256 2939 1817 427
3327 1792 256 3176 1828 426
3583 1792 256 3413 1841 425
3839 1792 256 3661 1844 408
4095 1792 256 3916 1842 379
0 2048 256 637 2014 410
256 2048 256 708 2012 421
512 2048 256 816 2011 434
768 2048 256 981 2009 451
1024 2048 256 1169 2011 454
1280 2048 256 1367 2013 454
1536 2048 256 1582 2017 454
1792 2048 256 1803 2021 453
2048 2048 256 2028 2026 453
2303 2048 256 2257 2033 453
2559 2048 256 2489 2039 452
2815 2048 256 2722 2047 452
3071 2048 256 2957 2056 451
3327 2048 256 3193 2065 450
3583 2048 256 3430 2075 450
3839 2048 256 3675 2080 432
4095 2048 256 3924 2080 404
0 2303 256 716 2264 436
256 2303 256 780 2263 446
512 2303 256 879 2262 459
768 2303 256 1034 2260 475
1024 2303 256 1214 2262 478
1280 2303 256 1404 2264 478
1536 2303 256 1614 2267 478
1792 2303 256 1831 2270 477
2048 2303 256 2053 2274 477
2303 2303 256 2281 2280 476
2559 2303 256 2510 2285 476
2815 2303 256 2743 2292 475
3071 2303 256 2977 2299 475
3327 2303 256 3212 2307 474
3583 2303 256 3448 2316 473
3839 2303 256 3689 2320 458
4095 2303 256 3933 2321 432
0 2559 256 796 2516 463
256 2559 256 852 2515 473
512 2559 256 944 2514 485
768 2559 256 1088 2512 500
1024 2559 256 1260 2513 503
1280 2559 256 1444 2515 503
1536 2559 256 1648 2517 503
1792 2559 256 1862 2520 502
2048 2559 256 2080 2524 502
2303 2559 256 2305 2528 501
2559 2559 256 2533 2533 501
2815 2559 256 2764 2538 500
3071 2559 256 2997 2544 499
3327 2559 256 3231 2551 499
3583 2559 256 3466 2558 498
3839 2559 256 3704 2563 484
4095 2559 256 3944 2565 461
0 2815 256 876 2767 492
256 2815 256 927 2766 500
512 2815 256 1011 2765 511
768 2815 256 1146 2764 526
1024 2815 256 1309 2765 529
1280 2815 256 1485 2767 529
1536 2815 256 1685 2769 528
1792 2815 256 1894 2771 528
2048 2815 256 2108 2774 528
2303 2815 256 2331 2778 527
2559 2815 256 2557 2782 526
2815 2815 256 2786 2786 526
3071 2815 256 3017 2792 525
3327 2815 256 3250 2797 524
3583 2815 256 3484 2804 523
3839 2815 256 3721 2808 510
4095 2815 256 3958 2811 488
0 3071 256 955 3018 521
256 3071 256 1002 3018 529
512 3071 256 1080 3017 539
768 3071 256 1206 3016 553
1024 3071 256 1362 3017 556
1280 3071 256 1531 3018 556
1536 3071 256 1724 3020 556
1792 3071 256 1928 3022 555
2048 3071 256 2139 3025 555
2303 3071 256 2359 3028 554
2559 3071 256 2582 3032 554
2815 3071 256 2809 3036 553
3071 3071 256 3039 3040 552
3327 3071 256 3270 3045 551
3583 3071 256 3503 3051 550
3839 3071 256 3736 3053 540
4095 3071 256 3967 3053 522
0 3327 256 1034 3270 550
256 3327 256 1077 3269 558
512 3327 256 1150 3269 568
768 3327 256 1267 3268 581
1024 3327 256 1416 3269 584
1280 3327 256 1578 3270 583
1536 3327 256 1766 3272 583
1792 3327 256 1965 3273 583
2048 3327 256 2171 3276 582
2303 3327 256 2388 3279 582
2559 3327 256 2609 3282 581
2815 3327 256 2833 3285 581
3071 3327 256 3061 3289 580
3327 3327 256 3291 3294 579
3583 3327 256 3523 3298 578
3839 3327 256 3750 3298 571
4095 3327 256 3973 3293 560
0 3583 256 1114 3521 581
256 3583 256 1153 3521 588
512 3583 256 1221 3521 597
768 3583 256 1331 3520 610
1024 3583 256 1472 3521 612
1280 3583 256 1628 3522 612
1536 3583 256 1810 3523 612
1792 3583 256 2004 3525 611
2048 3583 256 2206 3527 611
2303 3583 256 2420 3529 611
2559 3583 256 2637 3532 610
2815 3583 256 2859 3535 609
3071 3583 256 3086 3539 609
3327 3583 256 3313 3543 608
3583 3583 256 3544 3547 607
3839 3583 256 3763 3540 606
4095 3583 256 3975 3525 605
0 3839 256 1195 3771 613
256 3839 256 1228 3771 618
512 3839 256 1289 3770 624
768 3839 256 1389 3769 633
1024 3839 256 1523 3769 635
1280 3839 256 1673 3769 635
1536 3839 256 1850 3770 635
1792 3839 256 2039 3771 635
2048 3839 256 2237 3774 634
2303 3839 256 2447 3775 634
2559 3839 256 2662 3778 633
2815 3839 256 2882 3783 631
3071 3839 256 3106 3785 631
3327 3839 256 3331 3786 632
3583 3839 256 3561 3792 630
3839 3839 256 3779 3785 632
4095 3839 256 3991 3770 638
0 4095 256 1276 4020 646
256 4095 256 1302 4020 647
512 4095 256 1354 4019 648
768 4095 256 1443 4015 652
1024 4095 256 1571 4014 653
1280 4095 256 1715 4014 654
1536 4095 256 1887 4013 655
1792 4095 256 2072 4015 655
2048 4095 256 2265 4018 653
2303 4095 256 2472 4017 655
2559 4095 256 2684 4021 653
2815 4095 256 2903 4030 647
3071 4095 256 3123 4028 650
3327 4095 256 3345 4026 653
3583 4095 256 3574 4033 648
3839 4095 256 3797 4030 653
4095 4095 256 4016 4021 664
0 0 512 33 105 507
256 0 512 255 108 505
512 0 512 487 121 505
768 0 512 731 148 505
1024 0 512 975 178 504
1280 0 512 1218 210 503
1536 0 512 1462 245 503
1792 0 512 1706 281 502
2048 0 512 1950 318 502
2303 0 512 2193 355 501
2559 0 512 2437 393 500
2815 0 512 2680 430 499
3071 0 512 2924 468 498
3327 0 512 3168 506 497
3583 0 512 3412 544 495
3839 0 512 3648 599 499
4095 0 512 3880 665 505
0 256 512 94 298 508
256 256 512 286 299 500
512 256 512 491 310 500
768 256 512 715 333 508
1024 256 512 951 360 515
1280 256 512 1191 387 521
1536 256 512 1437 413 522
1792 256 512 1683 439 521
2048 256 512 1929 466 520
2303 256 512 2174 493 518
2559 256 512 2420 522 516
2815 256 512 2665 551 514
3071 256 512 2910 581 512
3327 256 512 3155 612 510
3583 256 512 3400 643 507
3839 256 512 3646 673 504
4095 256 512 3892 700 499
0 512 512 162 513 511
256 512 512 330 512 507
512 512 512 514 518 509
768 512 512 722 536 521
1024 512 512 950 558 530
1280 512 512 1183 579 538
1536 512 512 1424 600 541
1792 512 512 1667 621 542
2048 512 512 1911 643 542
2303 512 512 2155 665 541
2559 512 512 2400 688 539
2815 512 512 2645 713 537
3071 512 512 2890 738 535
3327 512 512 3135 764 533
3583 512 512 3380 791 530
3839 512 512 3637 797 517
4095 512 512 3900 788 497
0 768 512 242 763 517
256 768 512 394 756 531
512 768 512 565 756 541
768 768 512 762 765 547
1024 768 512 982 778 550
1280 768 512 1207 793 555
1536 768 512 1431 816 562
1792 768 512 1661 840 567
2048 768 512 1896 863 571
2303 768 512 2135 887 572
2559 768 512 2375 911 573
2815 768 512 2617 936 573
3071 768 512 2860 962 572
3327 768 512 3103 987 571
3583 768 512 3348 1011 567
3839 768 512 3618 995 542
4095 768 512 3903 954 502
0 1024 512 320 1012 523
256 1024 512 456 1005 543
512 1024 512 614 1003 559
768 1024 512 807 1007 567
1024 1024 512 1019 1016 569
1280 1024 512 1237 1027 571
1536 1024 512 1458 1044 578
1792 1024 512 1684 1063 584
2048 1024 512 1913 1083 589
2303 1024 512 2146 1104 593
2559 1024 512 2381 1127 595
2815 1024 512 2618 1150 598
3071 1024 512 2857 1174 598
3327 1024 512 3097 1198 597
3583 1024 512 3340 1220 595
3839 1024 512 3613 1202 562
4095 1024 512 3907 1157 510
0 1280 512 397 1261 531
256 1280 512 517 1256 553
512 1280 512 665 1253 572
768 1280 512 855 1253 587
1024 1280 512 1059 1259 590
1280 1280 512 1269 1267 590
1536 1280 512 1490 1278 596
1792 1280 512 1713 1291 601
2048 1280 512 1938 1306 606
2303 1280 512 2166 1324 611
2559 1280 512 2397 1344 615
2815 1280 512 2629 1365 619
3071 1280 512 2864 1386 620
3327 1280 512 3101 1408 621
3583 1280 512 3341 1429 619
3839 1280 512 3615 1414 581
4095 1280 512 3911 1374 519
0 1536 512 477 1512 543
256 1536 512 581 1508 563
512 1536 512 719 1505 585
768 1536 512 908 1503 609
1024 1536 512 1106 1506 616
1280 1536 512 1309 1511 618
1536 1536 512 1525 1520 621
1792 1536 512 1744 1530 625
2048 1536 512 1967 1541 628
2303 1536 512 2193 1556 631
2559 1536 512 2422 1571 634
2815 1536 512 2652 1588 637
3071 1536 512 2885 1607 640
3327 1536 512 3119 1626 641
3583 1536 512 3357 1644 639
3839 1536 512 3627 1634 599
4095 1536 512 3917 1605 532
0 1792 512 556 1763 557
256 1792 512 647 1760 576
512 1792 512 775 1757 599
768 1792 512 959 1753 627
1024 1792 512 1152 1755 637
1280 1792 512 1350 1758 642
1536 1792 512 1561 1765 644
1792 1792 512 1778 1773 646
2048 1792 512 1998 1782 648
2303 1792 512 2223 1793 650
2559 1792 512 2450 1805 652
2815 1792 512 2679 1819 654
3071 1792 512 2910 1834 657
3327 1792 512 3142 1850 658
3583 1792 512 3378 1866 658
3839 1792 512 3641 1861 616
4095 1792 512 3924 1842 546
0 2048 512 635 2015 572
256 2048 512 715 2012 590
512 2048 512 834 2009 612
768 2048 512 1010 2005 643
1024 2048 512 1199 2005 656
1280 2048 512 1393 2007 662
1536 2048 512 1599 2012 663
1792 2048 512 1812 2018 664
2048 2048 512 2030 2025 666
2303 2048 512 2253 2033 667
2559 2048 512 2479 2043 668
2815 2048 512 2707 2053 670
3071 2048 512 2937 2066 672
3327 2048 512 3168 2078 673
3583 2048 512 3401 2093 675
3839 2048 512 3658 2092 633
4095 2048 512 3931 2081 563
0 2303 512 715 2265 590
256 2303 512 786 2263 607
512 2303 512 896 2260 628
768 2303 512 1063 2256 658
1024 2303 512 1246 2256 672
1280 2303 512 1435 2257 680
1536 2303 512 1637 2261 681
1792 2303 512 1847 2266 681
2048 2303 512 2062 2271 682
2303 2303 512 2283 2278 683
2559 2303 512 2507 2286 684
2815 2303 512 2734 2295 684
3071 2303 512 2964 2304 685
3327 2303 512 3194 2315 687
3583 2303 512 3427 2327 688
3839 2303 512 3678 2329 648
4095 2303 512 3941 2324 582
0 2559 512 794 2517 610
256 2559 512 859 2515 625
512 2559 512 960 2512 645
768 2559 512 1117 2508 674
1024 2559 512 1294 2508 689
1280 2559 512 1478 2508 698
1536 2559 512 1676 2511 698
1792 2559 512 1882 2515 699
2048 2559 512 2094 2519 699
2303 2559 512 2313 2525 699
2559 2559 512 2536 2531 700
2815 2559 512 2762 2538 700
3071 2559 512 2990 2546 701
3327 2559 512 3220 2555 701
3583 2559 512 3452 2565 702
3839 2559 512 3697 2569 665
4095 2559 512 3952 2568 602
0 2815 512 874 2768 631
256 2815 512 932 2766 644
512 2815 512 1026 2764 664
768 2815 512 1174 2761 692
1024 2815 512 1344 2760 707
1280 2815 512 1523 2760 717
1536 2815 512 1715 2762 717
1792 2815 512 1917 2765 717
2048 2815 512 2126 2769 717
2303 2815 512 2344 2774 717
2559 2815 512 2564 2779 717
2815 2815 512 2789 2785 717
3071 2815 512 3016 2791 717
3327 2815 512 3245 2799 718
3583 2815 512 3476 2807 718
3839 2815 512 3717 2812 683
4095 2815 512 3964 2814 625
0 3071 512 953 3020 653
256 3071 512 1006 3018 666
512 3071 512 1094 3016 684
768 3071 512 1233 3013 711
1024 3071 512 1397 3012 726
1280 3071 512 1570 3011 736
1536 3071 512 1757 3014 736
1792 3071 512 1955 3016 736
2048 3071 512 2160 3019 736
2303 3071 512 2375 3023 736
2559 3071 512 2594 3028 736
2815 3071 512 2816 3033 736
3071 3071 512 3042 3038 736
3327 3071 512 3270 3045 736
3583 3071 512 3500 3052 736
3839 3071 512 3736 3056 704
4095 3071 512 3976 3060 650
0 3327 512 1033 3271 676
256 3327 512 1081 3270 688
512 3327 512 1163 3268 706
768 3327 512 1293 3265 731
1024 3327 512 1451 3264 746
1280 3327 512 1618 3263 757
1536 3327 512 1800 3265 757
1792 3327 512 1994 3267 757
2048 3327 512 2195 3270 757
2303 3327 512 2407 3273 757
2559 3327 512 2623 3277 756
2815 3327 512 2844 3281 756
3071 3327 512 3068 3286 756
3327 3327 512 3294 3292 756
3583 3327 512 3523 3298 756
3839 3327 512 3754 3301 726
4095 3327 512 3985 3303 678
0 3583 512 1112 3523 700
256 3583 512 1157 3522 712
512 3583 512 1233 3520 729
768 3583 512 1356 3517 752
1024 3583 512 1507 3516 768
1280 3583 512 1669 3515 778
1536 3583 512 1845 3517 779
1792 3583 512 2034 3519 779
2048 3583 512 2231 3521 778
2303 3583 512 2441 3524 778
2559 3583 512 2654 3527 778
2815 3583 512 2872 3531 778
3071 3583 512 3095 3536 777
3327 3583 512 3320 3540 777
3583 3583 512 3548 3546 777
3839 3583 512 3770 3544 753
4095 3583 512 3988 3537 713
0 3839 512 1194 3772 728
256 3839 512 1230 3772 735
512 3839 512 1295 3771 745
768 3839 512 1403 3769 759
1024 3839 512 1543 3769 769
1280 3839 512 1697 3768 776
1536 3839 512 1871 3769 776
1792 3839 512 2058 3771 776
2048 3839 512 2253 3773 776
2303 3839 512 2461 3775 776
2559 3839 512 2674 3778 775
2815 3839 512 2892 3784 773
3071 3839 512 3114 3786 774
3327 3839 512 3337 3788 775
3583 3839 512 3565 3793 773
3839 3839 512 3787 3791 760
4095 3839 512 4005 3784 738
0 4095 512 1277 4019 757
256 4095 512 1302 4020 756
512 4095 512 1352 4021 756
768 4095 512 1439 4021 757
1024 4095 512 1567 4022 756
1280 4095 512 1711 4022 756
1536 4095 512 1885 4022 758
1792 4095 512 2071 4023 758
2048 4095 512 2265 4025 757
2303 4095 512 2473 4026 758
2559 4095 512 2686 4029 756
2815 4095 512 2906 4038 751
3071 4095 512 3126 4037 753
3327 4095 512 3349 4034 756
3583 4095 512 3578 4040 754
3839 4095 512 3805 4041 754
4095 4095 512 4032 4039 757
0 0 768 63 168 763
256 0 768 265 155 759
512 0 768 485 156 757
768 0 768 731 178 758
1024 0 768 975 202 757
1280 0 768 1218 229 756
1536 0 768 1462 261 755
1792 0 768 1706 295 755
2048 0 768 1950 330 755
2303 0 768 2193 366 754
2559 0 768 2436 402 754
2815 0 768 2680 438 753
3071 0 768 2924 476 753
3327 0 768 3168 513 752
3583 0 768 3412 550 751
3839 0 768 3649 603 754
4095 0 768 3882 665 758
0 256 768 107 329 763
256 256 768 294 325 738
512 256 768 495 331 727
768 256 768 717 352 736
1024 256 768 952 376 746
1280 256 768 1191 399 756
1536 256 768 1437 424 761
1792 256 768 1683 449 763
2048 256 768 1929 474 765
2303 256 768 2174 501 765
2559 256 768 2419 529 764
2815 256 768 2665 557 764
3071 256 768 2910 587 763
3327 256 768 3155 618 762
3583 256 768 3400 649 760
3839 256 768 3646 677 758
4095 256 768 3893 702 754
0 512 768 164 524 763
256 512 768 335 522 735
512 512 768 520 529 722
768 512 768 724 547 734
1024 512 768 952 565 747
1280 512 768 1187 585 760
1536 512 768 1422 608 772
1792 512 768 1661 631 779
2048 512 768 1904 653 783
2303 512 768 2149 675 784
2559 512 768 2395 698 784
2815 512 768 2641 721 784
3071 512 768 2887 746 782
3327 512 768 3133 770 781
3583 512 768 3379 796 779
3839 512 768 3636 801 768
4095 512 768 3901 791 752
0 768 768 239 767 765
256 768 768 394 762 757
512 768 768 565 762 755
768 768 768 761 772 762
1024 768 768 989 780 765
1280 768 768 1218 794 771
1536 768 768 1422 827 791
1792 768 768 1642 857 805
2048 768 768 1873 884 814
2303 768 768 2114 908 817
2559 768 768 2358 930 818
2815 768 768 2604 952 818
3071 768 768 2851 974 816
3327 768 768 3098 995 814
3583 768 768 3345 1017 811
3839 768 768 3616 1000 789
4095 768 768 3903 957 755
0 1024 768 318 1015 769
256 1024 768 454 1009 773
512 1024 768 613 1007 779
768 1024 768 808 1011 789
1024 1024 768 1023 1018 788
1280 1024 768 1240 1029 788
1536 1024 768 1449 1052 808
1792 1024 768 1665 1077 825
2048 1024 768 1888 1102 838
2303 1024 768 2117 1127 847
2559 1024 768 2349 1152 854
2815 1024 768 2585 1178 860
3071 1024 768 2825 1202 860
3327 1024 768 3068 1225 859
3583 1024 768 3315 1245 854
3839 1024 768 3599 1218 818
4095 1024 768 3906 1160 760
0 1280 768 398 1264 774
256 1280 768 515 1259 785
512 1280 768 663 1256 799
768 1280 768 860 1254 816
1024 1280 768 1061 1261 815
1280 1280 768 1267 1270 814
1536 1280 768 1483 1282 831
1792 1280 768 1699 1299 847
2048 1280 768 1915 1319 862
2303 1280 768 2134 1345 875
2559 1280 768 2355 1372 888
2815 1280 768 2579 1401 899
3071 1280 768 2812 1427 903
3327 1280 768 3049 1452 903
3583 1280 768 3295 1471 897
3839 1280 768 3587 1441 846
4095 1280 768 3911 1376 765
0 1536 768 477 1514 781
256 1536 768 579 1510 794
512 1536 768 721 1506 814
768 1536 768 922 1501 845
1024 1536 768 1118 1504 857
1280 1536 768 1316 1510 865
1536 1536 768 1524 1520 874
1792 1536 768 1735 1534 884
2048 1536 768 1949 1549 894
2303 1536 768 2166 1570 903
2559 1536 768 2387 1591 912
2815 1536 768 2609 1615 921
3071 1536 768 2836 1639 928
3327 1536 768 3067 1663 931
3583 1536 768 3308 1682 925
3839 1536 768 3596 1659 866
4095 1536 768 3917 1607 773
0 1792 768 556 1765 789
256 1792 768 646 1762 803
512 1792 768 779 1757 826
768 1792 768 978 1750 864
1024 1792 768 1173 1750 886
1280 1792 768 1369 1753 902
1536 1792 768 1569 1762 908
1792 1792 768 1776 1772 913
2048 1792 768 1988 1785 920
2303 1792 768 2204 1800 926
2559 1792 768 2423 1817 933
2815 1792 768 2645 1836 939
3071 1792 768 2869 1858 946
3327 1792 768 3095 1879 951
3583 1792 768 3329 1898 949
3839 1792 768 3611 1882 886
4095 1792 768 3924 1843 782
0 2048 768 635 2016 799
256 2048 768 714 2013 812
512 2048 768 838 2009 836
768 2048 768 1030 2002 876
1024 2048 768 1226 1999 907
1280 2048 768 1424 1999 931
1536 2048 768 1619 2005 934
1792 2048 768 1822 2014 937
2048 2048 768 2030 2023 941
2303 2048 768 2245 2035 945
2559 2048 768 2463 2048 950
2815 2048 768 2683 2063 955
3071 2048 768 2906 2080 960
3327 2048 768 3131 2098 965
3583 2048 768 3357 2118 970
3839 2048 768 3629 2109 905
4095 2048 768 3931 2082 793
0 2303 768 714 2266 811
256 2303 768 785 2264 824
512 2303 768 901 2260 847
768 2303 768 1082 2253 886
1024 2303 768 1278 2249 921
1280 2303 768 1475 2247 950
1536 2303 768 1666 2253 952
1792 2303 768 1866 2259 954
2048 2303 768 2071 2267 957
2303 2303 768 2285 2276 960
2559 2303 768 2501 2287 963
2815 2303 768 2721 2299 966
3071 2303 768 2943 2313 970
3327 2303 768 3167 2328 973
3583 2303 768 3393 2344 977
3839 2303 768 3655 2341 914
4095 2303 768 3941 2325 805
0 2559 768 793 2518 824
256 2559 768 857 2516 836
512 2559 768 965 2512 858
768 2559 768 1136 2506 896
1024 2559 768 1330 2501 935
1280 2559 768 1527 2498 967
1536 2559 768 1713 2502 969
1792 2559 768 1909 2507 970
2048 2559 768 2112 2513 972
2303 2559 768 2324 2520 973
2559 2559 768 2539 2529 975
2815 2559 768 2757 2539 978
3071 2559 768 2979 2550 980
3327 2559 768 3203 2562 983
3583 2559 768 3428 2575 985
3839 2559 768 3681 2576 924
4095 2559 768 3952 2569 819
0 2815 768 873 2769 838
256 2815 768 931 2767 849
512 2815 768 1031 2764 871
768 2815 768 1192 2758 907
1024 2815 768 1383 2753 948
1280 2815 768 1578 2749 983
1536 2815 768 1759 2752 984
1792 2815 768 1952 2756 985
2048 2815 768 2152 2761 986
2303 2815 768 2362 2767 987
2559 2815 768 2575 2774 988
2815 2815 768 2792 2782 990
3071 2815 768 3013 2791 991
3327 2815 768 3236 2801 993
3583 2815 768 3461 2812 995
3839 2815 768 3706 2816 935
4095 2815 768 3964 2815 835
0 3071 768 953 3020 854
256 3071 768 1005 3019 865
512 3071 768 1098 3016 885
768 3071 768 1251 3011 920
1024 3071 768 1437 3005 962
1280 3071 768 1629 3001 998
1536 3071 768 1806 3003 998
1792 3071 768 1995 3007 999
2048 3071 768 2191 3011 1000
2303 3071 768 2399 3016 1001
2559 3071 768 2610 3022 1002
2815 3071 768 2826 3028 1002
3071 3071 768 3046 3036 1003
3327 3071 768 3268 3044 1005
3583 3071 768 3493 3053 1006
3839 3071 768 3730 3059 950
4095 3071 768 3977 3062 856
0 3327 768 1033 3271 871
256 3327 768 1081 3271 881
512 3327 768 1167 3268 900
768 3327 768 1311 3263 933
1024 3327 768 1492 3257 976
1280 3327 768 1680 3253 1013
1536 3327 768 1853 3255 1013
1792 3327 768 2038 3258 1014
2048 3327 768 2231 3261 1014
2303 3327 768 2436 3265 1015
2559 3327 768 2645 3270 1015
2815 3327 768 2860 3276 1016
3071 3327 768 3078 3282 1017
3327 3327 768 3299 3289 1017
3583 3327 768 3523 3297 1018
3839 3327 768 3754 3303 965
4095 3327 768 3990 3309 876
0 3583 768 1112 3523 889
256 3583 768 1156 3522 898
512 3583 768 1237 3520 916
768 3583 768 1373 3516 948
1024 3583 768 1549 3510 991
1280 3583 768 1732 3505 1028
1536 3583 768 1900 3507 1029
1792 3583 768 2081 3509 1029
2048 3583 768 2271 3512 1030
2303 3583 768 2473 3516 1030
2559 3583 768 2680 3520 1030
2815 3583 768 2893 3525 1030
3071 3583 768 3110 3530 1031
3327 3583 768 3329 3536 1031
3583 3583 768 3552 3543 1032
3839 3583 768 3777 3548 979
4095 3583 768 4002 3552 891
0 3839 768 1194 3771 910
256 3839 768 1230 3771 915
512 3839 768 1298 3771 926
768 3839 768 1413 3769 945
1024 3839 768 1569 3766 971
1280 3839 768 1737 3764 994
1536 3839 768 1906 3766 995
1792 3839 768 2088 3768 996
2048 3839 768 2279 3770 996
2303 3839 768 2483 3773 996
2559 3839 768 2692 3776 996
2815 3839 768 2906 3780 995
3071 3839 768 3125 3784 995
3327 3839 768 3346 3788 995
3583 3839 768 3571 3794 995
3839 3839 768 3794 3796 963
4095 3839 768 4016 3796 909
0 4095 768 1278 4017 932
256 4095 768 1304 4018 932
512 4095 768 1353 4020 931
768 4095 768 1438 4023 930
1024 4095 768 1564 4026 928
1280 4095 768 1709 4028 928
1536 4095 768 1884 4029 929
1792 4095 768 2071 4030 930
2048 4095 768 2266 4032 930
2303 4095 768 2475 4034 929
2559 4095 768 2688 4036 928
2815 4095 768 2906 4040 926
3071 4095 768 3129 4042 926
3327 4095 768 3354 4044 925
3583 4095 768 3583 4047 924
3839 4095 768 3808 4046 926
4095 4095 768 4032 4040 931
0 0 1024 48 206 1014
256 0 1024 258 195 1011
512 0 1024 483 195 1009
768 0 1024 729 211 1009
1024 0 1024 973 232 1009
1280 0 1024 1217 256 1008
1536 0 1024 1461 285 1008
1792 0 1024 1705 316 1008
2048 0 1024 1949 348 1007
2303 0 1024 2192 382 1007
2559 0 1024 2436 417 1007
2815 0 1024 2680 452 1006
3071 0 1024 2924 488 1006
3327 0 1024 3168 524 1005
3583 0 1024 3411 560 1005
3839 0 1024 3651 606 1006
4095 0 1024 3889 657 1008
0 256 1024 86 351 1013
256 256 1024 290 349 983
512 256 1024 501 356 966
768 256 1024 722 375 968
1024 256 1024 955 396 980
1280 256 1024 1193 417 994
1536 256 1024 1438 440 1002
1792 256 1024 1683 463 1007
2048 256 1024 1929 487 1011
2303 256 1024 2174 513 1012
2559 256 1024 2419 540 1013
2815 256 1024 2665 568 1013
3071 256 1024 2910 597 1013
3327 256 1024 3155 627 1013
3583 256 1024 3400 657 1012
3839 256 1024 3647 682 1009
4095 256 1024 3896 703 1006
0 512 1024 144 534 1013
256 512 1024 333 535 974
512 512 1024 528 543 954
768 512 1024 730 561 960
1024 512 1024 957 578 975
1280 512 1024 1189 596 991
1536 512 1024 1422 620 1003
1792 512 1024 1661 642 1013
2048 512 1024 1903 664 1020
2303 512 1024 2148 685 1024
2559 512 1024 2394 707 1026
2815 512 1024 2640 730 1027
3071 512 1024 2886 754 1028
3327 512 1024 3133 778 1027
3583 512 1024 3379 803 1027
3839 512 1024 3636 808 1018
4095 512 1024 3901 797 1005
0 768 1024 231 774 1014
256 768 1024 391 771 994
512 768 1024 565 772 988
768 768 1024 761 780 1001
1024 768 1024 988 789 1004
1280 768 1024 1215 803 1005
1536 768 1024 1418 838 1015
1792 768 1024 1638 868 1027
2048 768 1024 1868 895 1040
2303 768 1024 2110 918 1046
2559 768 1024 2354 940 1051
2815 768 1024 2601 961 1053
3071 768 1024 2848 981 1054
3327 768 1024 3096 1002 1054
3583 768 1024 3344 1023 1053
3839 768 1024 3615 1005 1035
4095 768 1024 3903 962 1007
0 1024 1024 314 1020 1018
256 1024 1024 451 1016 1010
512 1024 1024 613 1014 1010
768 1024 1024 810 1016 1020
1024 1024 1024 1023 1024 1020
1280 1024 1024 1239 1035 1020
1536 1024 1024 1451 1058 1030
1792 1024 1024 1669 1082 1043
2048 1024 1024 1892 1106 1056
2303 1024 1024 2114 1135 1071
2559 1024 1024 2342 1163 1083
2815 1024 1024 2577 1189 1091
3071 1024 1024 2818 1212 1094
3327 1024 1024 3061 1235 1095
3583 1024 1024 3309 1254 1092
3839 1024 1024 3595 1226 1061
4095 1024 1024 3906 1165 1011
0 1280 1024 395 1268 1021
256 1280 1024 513 1264 1024
512 1280 1024 664 1260 1028
768 1280 1024 864 1258 1037
1024 1280 1024 1062 1266 1037
1280 1280 1024 1265 1275 1038
1536 1280 1024 1490 1283 1048
1792 1280 1024 1711 1298 1059
2048 1280 1024 1929 1316 1072
2303 1280 1024 2135 1349 1092
2559 1280 1024 2348 1380 1109
2815 1280 1024 2570 1411 1124
3071 1280 1024 2801 1439 1132
3327 1280 1024 3037 1465 1137
3583 1280 1024 3284 1484 1132
3839 1280 1024 3580 1450 1087
4095 1280 1024 3910 1380 1015
0 1536 1024 474 1518 1026
256 1536 1024 577 1514 1033
512 1536 1024 721 1509 1045
768 1536 1024 925 1504 1067
1024 1536 1024 1112 1510 1069
1280 1536 1024 1302 1518 1068
1536 1536 1024 1521 1526 1073
1792 1536 1024 1741 1536 1080
2048 1536 1024 1963 1548 1086
2303 1536 1024 2184 1566 1095
2559 1536 1024 2403 1587 1108
2815 1536 1024 2617 1614 1129
3071 1536 1024 2831 1646 1151
3327 1536 1024 3050 1676 1167
3583 1536 1024 3295 1694 1159
3839 1536 1024 3589 1667 1105
4095 1536 1024 3916 1610 1020
0 1792 1024 553 1768 1032
256 1792 1024 644 1764 1041
512 1792 1024 779 1760 1058
768 1792 1024 981 1752 1088
1024 1792 1024 1169 1754 1101
1280 1792 1024 1359 1760 1108
1536 1792 1024 1564 1767 1108
1792 1792 1024 1777 1776 1112
2048 1792 1024 1995 1785 1118
2303 1792 1024 2217 1798 1124
2559 1792 1024 2436 1814 1135
2815 1792 1024 2649 1836 1153
3071 1792 1024 2861 1864 1174
3327 1792 1024 3077 1891 1190
3583 1792 1024 3314 1909 1185
3839 1792 1024 3602 1890 1125
4095 1792 1024 3923 1846 1027
0 2048 1024 633 2018 1039
256 2048 1024 713 2016 1049
512 2048 1024 838 2011 1069
768 2048 1024 1032 2003 1102
1024 2048 1024 1232 2000 1132
1280 2048 1024 1429 1999 1155
1536 2048 1024 1616 2008 1148
1792 2048 1024 1817 2017 1151
2048 2048 1024 2027 2026 1161
2303 2048 1024 2239 2039 1170
2559 2048 1024 2454 2053 1180
2815 2048 1024 2671 2069 1190
3071 2048 1024 2890 2089 1200
3327 2048 1024 3111 2109 1209
3583 2048 1024 3338 2129 1212
3839 2048 1024 3617 2117 1146
4095 2048 1024 3931 2084 1034
0 2303 1024 713 2268 1048
256 2303 1024 784 2266 1058
512 2303 1024 900 2262 1077
768 2303 1024 1085 2255 1112
1024 2303 1024 1285 2249 1149
1280 2303 1024 1486 2246 1179
1536 2303 1024 1674 2252 1182
1792 2303 1024 1871 2259 1188
2048 2303 1024 2074 2267 1194
2303 2303 1024 2283 2277 1201
2559 2303 1024 2495 2290 1208
2815 2303 1024 2710 2304 1215
3071 2303 1024 2928 2320 1223
3327 2303 1024 3147 2337 1230
3583 2303 1024 3370 2355 1235
3839 2303 1024 3640 2349 1164
4095 2303 1024 3941 2327 1043
0 2559 1024 792 2519 1057
256 2559 1024 856 2517 1067
512 2559 1024 964 2514 1087
768 2559 1024 1139 2507 1121
1024 2559 1024 1339 2500 1163
1280 2559 1024 1542 2495 1200
1536 2559 1024 1730 2498 1212
1792 2559 1024 1924 2503 1219
2048 2559 1024 2121 2510 1223
2303 2559 1024 2327 2519 1228
2559 2559 1024 2537 2529 1233
2815 2559 1024 2750 2541 1238
3071 2559 1024 2966 2554 1244
3327 2559 1024 3184 2569 1249
3583 2559 1024 3405 2585 1255
3839 2559 1024 3665 2584 1181
4095 2559 1024 3952 2571 1054
0 2815 1024 872 2770 1068
256 2815 1024 930 2769 1077
512 2815 1024 1030 2765 1097
768 2815 1024 1195 2759 1130
1024 2815 1024 1392 2752 1174
1280 2815 1024 1594 2746 1216
1536 2815 1024 1785 2746 1234
1792 2815 1024 1977 2750 1243
2048 2815 1024 2169 2756 1246
2303 2815 1024 2373 2763 1249
2559 2815 1024 2580 2772 1253
2815 2815 1024 2791 2781 1256
3071 2815 1024 3007 2793 1260
3327 2815 1024 3224 2805 1264
3583 2815 1024 3444 2818 1269
3839 2815 1024 3694 2821 1194
4095 2815 1024 3964 2817 1066
0 3071 1024 952 3021 1080
256 3071 1024 1004 3020 1089
512 3071 1024 1098 3017 1108
768 3071 1024 1253 3012 1140
1024 3071 1024 1446 3004 1185
1280 3071 1024 1646 2998 1228
1536 3071 1024 1837 2997 1251
1792 3071 1024 2027 2999 1262
2048 3071 1024 2217 3004 1265
2303 3071 1024 2417 3010 1267
2559 3071 1024 2622 3017 1270
2815 3071 1024 2832 3025 1272
3071 3071 1024 3046 3035 1275
3327 3071 1024 3262 3045 1278
3583 3071 1024 3481 3057 1282
3839 3071 1024 3722 3062 1208
4095 3071 1024 3977 3064 1082
0 3327 1024 1032 3273 1093
256 3327 1024 1079 3272 1101
512 3327 1024 1167 3269 1119
768 3327 1024 1313 3264 1150
1024 3327 1024 1501 3257 1196
1280 3327 1024 1698 3250 1240
1536 3327 1024 1888 3248 1266
1792 3327 1024 2077 3249 1279
2048 3327 1024 2263 3252 1282
2303 3327 1024 2462 3258 1284
2559 3327 1024 2664 3264 1286
2815 3327 1024 2872 3271 1288
3071 3327 1024 3085 3279 1290
3327 3327 1024 3300 3287 1292
3583 3327 1024 3518 3297 1294
3839 3327 1024 3750 3305 1222
4095 3327 1024 3991 3311 1101
0 3583 1024 1111 3524 1107
256 3583 1024 1155 3523 1115
512 3583 1024 1237 3521 1132
768 3583 1024 1375 3516 1162
1024 3583 1024 1557 3509 1207
1280 3583 1024 1749 3503 1252
1536 3583 1024 1938 3500 1279
1792 3583 1024 2124 3500 1293
2048 3583 1024 2309 3503 1298
2303 3583 1024 2505 3507 1299
2559 3583 1024 2705 3512 1301
2815 3583 1024 2911 3518 1302
3071 3583 1024 3123 3525 1303
3327 3583 1024 3336 3533 1305
3583 3583 1024 3554 3541 1307
3839 3583 1024 3778 3549 1240
4095 3583 1024 4006 3557 1126
0 3839 1024 1195 3771 1124
256 3839 1024 1231 3771 1128
512 3839 1024 1298 3770 1138
768 3839 1024 1414 3769 1156
1024 3839 1024 1574 3766 1184
1280 3839 1024 1747 3764 1212
1536 3839 1024 1930 3762 1229
1792 3839 1024 2116 3763 1238
2048 3839 1024 2305 3765 1242
2303 3839 1024 2504 3768 1243
2559 3839 1024 2709 3772 1243
2815 3839 1024 2919 3776 1244
3071 3839 1024 3135 3781 1244
3327 3839 1024 3352 3787 1245
3583 3839 1024 3574 3793 1246
3839 3839 1024 3796 3797 1205
4095 3839 1024 4019 3800 1137
0 4095 1024 1281 4014 1142
256 4095 1024 1306 4015 1142
512 4095 1024 1354 4018 1141
768 4095 1024 1438 4023 1139
1024 4095 1024 1564 4027 1138
1280 4095 1024 1709 4030 1137
1536 4095 1024 1883 4031 1138
1792 4095 1024 2070 4033 1138
2048 4095 1024 2266 4034 1138
2303 4095 1024 2474 4036 1138
2559 4095 1024 2687 4038 1137
2815 4095 1024 2906 4041 1137
3071 4095 1024 3129 4044 1136
3327 4095 1024 3355 4047 1135
3583 4095 1024 3584 4050 1135
3839 4095 1024 3808 4047 1137
4095 4095 1024 4030 4040 1140
0 0 1280 33 239 1264
256 0 1280 250 234 1262
512 0 1280 479 235 1261
768 0 1280 726 246 1260
1024 0 1280 971 264 1260
1280 0 1280 1216 286 1260
1536 0 1280 1460 312 1260
1792 0 1280 1704 340 1260
2048 0 1280 1948 369 1260
2303 0 1280 2191 401 1259
2559 0 1280 2435 434 1259
2815 0 1280 2679 468 1259
3071 0 1280 2923 502 1259
3327 0 1280 3167 537 1258
3583 0 1280 3411 573 1258
3839 0 1280 3653 612 1258
4095 0 1280 3894 655 1258
0 256 1280 58 371 1263
256 256 1280 283 374 1231
512 256 1280 507 382 1209
768 256 1280 728 400 1204
1024 256 1280 960 418 1217
1280 256 1280 1196 437 1233
1536 256 1280 1439 458 1244
1792 256 1280 1684 480 1251
2048 256 1280 1929 503 1257
2303 256 1280 2174 528 1259
2559 256 1280 2419 553 1261
2815 256 1280 2664 580 1262
3071 256 1280 2910 609 1263
3327 256 1280 3155 638 1263
3583 256 1280 3399 668 1263
3839 256 1280 3647 690 1261
4095 256 1280 3898 708 1258
0 512 1280 115 545 1262
256 512 1280 327 550 1219
512 512 1280 536 560 1191
768 512 1280 739 577 1189
1024 512 1280 963 593 1205
1280 512 1280 1192 610 1223
1536 512 1280 1424 633 1235
1792 512 1280 1662 654 1246
2048 512 1280 1904 675 1257
2303 512 1280 2148 696 1263
2559 512 1280 2394 717 1268
2815 512 1280 2640 739 1271
3071 512 1280 2886 763 1273
3327 512 1280 3132 787 1274
3583 512 1280 3378 812 1274
3839 512 1280 3636 816 1268
4095 512 1280 3901 805 1258
0 768 1280 220 782 1264
256 768 1280 388 781 1236
512 768 1280 567 783 1224
768 768 1280 765 790 1236
1024 768 1280 987 801 1238
1280 768 1280 1210 816 1238
1536 768 1280 1416 850 1237
1792 768 1280 1638 879 1246
2048 768 1280 1869 904 1261
2303 768 1280 2111 926 1272
2559 768 1280 2355 947 1281
2815 768 1280 2601 968 1287
3071 768 1280 2848 988 1290
3327 768 1280 3096 1009 1293
3583 768 1280 3343 1029 1294
3839 768 1280 3615 1012 1281
4095 768 1280 3903 969 1260
0 1024 1280 309 1026 1267
256 1024 1280 449 1023 1251
512 1024 1280 613 1022 1243
768 1024 1280 814 1024 1247
1024 1024 1280 1023 1032 1251
1280 1024 1280 1236 1044 1254
1536 1024 1280 1455 1065 1252
1792 1024 1280 1677 1086 1258
2048 1024 1280 1900 1109 1270
2303 1024 1280 2116 1140 1289
2559 1024 1280 2340 1170 1304
2815 1024 1280 2576 1195 1314
3071 1024 1280 2817 1218 1320
3327 1024 1280 3060 1240 1324
3583 1024 1280 3308 1260 1325
3839 1024 1280 3594 1231 1302
4095 1024 1280 3906 1170 1262
0 1280 1280 392 1273 1270
256 1280 1280 510 1269 1264
512 1280 1280 664 1266 1259
768 1280 1280 869 1264 1255
1024 1280 1280 1063 1272 1261
1280 1280 1280 1263 1280 1268
1536 1280 1280 1499 1285 1268
1792 1280 1280 1725 1297 1272
2048 1280 1280 1945 1314 1278
2303 1280 1280 2142 1351 1300
2559 1280 1280 2349 1385 1320
2815 1280 1280 2570 1416 1336
3071 1280 1280 2800 1444 1349
3327 1280 1280 3034 1470 1358
3583 1280 1280 3282 1489 1357
3839 1280 1280 3579 1454 1323
4095 1280 1280 3910 1384 1265
0 1536 1280 470 1521 1273
256 1536 1280 574 1518 1274
512 1536 1280 720 1514 1278
768 1536 1280 926 1508 1285
1024 1536 1280 1104 1517 1279
1280 1536 1280 1288 1528 1272
1536 1536 1280 1518 1532 1272
1792 1536 1280 1749 1538 1273
2048 1536 1280 1980 1546 1274
2303 1536 1280 2206 1561 1281
2559 1536 1280 2425 1581 1296
2815 1536 1280 2632 1611 1327
3071 1536 1280 2834 1649 1361
3327 1536 1280 3044 1684 1387
3583 1536 1280 3292 1699 1381
3839 1536 1280 3588 1670 1338
4095 1536 1280 3916 1614 1269
0 1792 1280 550 1771 1278
256 1792 1280 642 1768 1282
512 1792 1280 777 1763 1292
768 1792 1280 980 1756 1308
1024 1792 1280 1162 1761 1311
1280 1792 1280 1346 1768 1308
1536 1792 1280 1556 1774 1302
1792 1792 1280 1777 1780 1302
2048 1792 1280 2005 1786 1307
2303 1792 1280 2234 1794 1312
2559 1792 1280 2455 1808 1325
2815 1792 1280 2662 1832 1352
3071 1792 1280 2861 1866 1386
3327 1792 1280 3067 1899 1413
3583 1792 1280 3308 1915 1408
3839 1792 1280 3599 1894 1357
4095 1792 1280 3923 1849 1274
0 2048 1280 631 2021 1283
256 2048 1280 711 2018 1290
512 2048 1280 836 2014 1303
768 2048 1280 1031 2006 1327
1024 2048 1280 1231 2002 1351
1280 2048 1280 1428 2002 1367
1536 2048 1280 1607 2014 1350
1792 2048 1280 1808 2024 1351
2048 2048 1280 2023 2031 1363
2303 2048 1280 2238 2042 1376
2559 2048 1280 2455 2056 1388
2815 2048 1280 2672 2071 1401
3071 2048 1280 2885 2094 1420
3327 2048 1280 3100 2116 1436
3583 2048 1280 3328 2136 1437
3839 2048 1280 3612 2123 1378
4095 2048 1280 3931 2087 1279
0 2303 1280 711 2270 1290
256 2303 1280 782 2268 1297
512 2303 1280 898 2264 1312
768 2303 1280 1083 2257 1338
1024 2303 1280 1286 2251 1370
1280 2303 1280 1489 2248 1397
1536 2303 1280 1674 2254 1400
1792 2303 1280 1868 2262 1404
2048 2303 1280 2070 2270 1408
2303 2303 1280 2280 2280 1419
2559 2303 1280 2492 2292 1429
2815 2303 1280 2706 2307 1440
3071 2303 1280 2920 2325 1454
3327 2303 1280 3135 2344 1467
3583 2303 1280 3354 2364 1476
3839 2303 1280 3629 2356 1407
4095 2303 1280 3941 2329 1286
0 2559 1280 791 2521 1297
256 2559 1280 854 2519 1305
512 2559 1280 962 2516 1321
768 2559 1280 1137 2509 1348
1024 2559 1280 1340 2502 1386
1280 2559 1280 1547 2496 1422
1536 2559 1280 1739 2497 1442
1792 2559 1280 1930 2503 1451
2048 2559 1280 2121 2511 1451
2303 2559 1280 2326 2520 1459
2559 2559 1280 2534 2531 1468
2815 2559 1280 2744 2544 1477
3071 2559 1280 2958 2558 1486
3327 2559 1280 3172 2575 1496
3583 2559 1280 3387 2594 1508
3839 2559 1280 3652 2591 1431
4095 2559 1280 3952 2573 1294
0 2815 1280 871 2772 1305
256 2815 1280 928 2770 1313
512 2815 1280 1029 2767 1329
768 2815 1280 1193 2761 1357
1024 2815 1280 1393 2753 1397
1280 2815 1280 1600 2746 1439
1536 2815 1280 1801 2743 1473
1792 2815 1280 1993 2746 1488
2048 2815 1280 2179 2753 1490
2303 2815 1280 2378 2762 1496
2559 2815 1280 2581 2771 1502
2815 2815 1280 2789 2782 1509
3071 2815 1280 3000 2795 1516
3327 2815 1280 3212 2809 1523
3583 2815 1280 3428 2825 1531
3839 2815 1280 3682 2826 1448
4095 2815 1280 3963 2819 1304
0 3071 1280 951 3023 1314
256 3071 1280 1003 3022 1322
512 3071 1280 1096 3019 1338
768 3071 1280 1252 3013 1365
1024 3071 1280 1446 3005 1407
1280 3071 1280 1651 2998 1451
1536 3071 1280 1858 2992 1494
1792 3071 1280 2051 2993 1514
2048 3071 1280 2235 2999 1519
2303 3071 1280 2431 3006 1523
2559 3071 1280 2630 3014 1528
2815 3071 1280 2835 3024 1533
3071 3071 1280 3044 3035 1538
3327 3071 1280 3255 3047 1544
3583 3071 1280 3470 3060 1550
3839 3071 1280 3714 3066 1463
4095 3071 1280 3977 3065 1316
0 3327 1280 1030 3274 1324
256 3327 1280 1078 3273 1332
512 3327 1280 1165 3271 1347
768 3327 1280 1311 3265 1374
1024 3327 1280 1501 3258 1415
1280 3327 1280 1702 3250 1461
1536 3327 1280 1913 3243 1511
1792 3327 1280 2107 3242 1536
2048 3327 1280 2291 3245 1544
2303 3327 1280 2483 3252 1548
2559 3327 1280 2679 3259 1551
2815 3327 1280 2882 3267 1555
3071 3327 1280 3089 3276 1559
3327 3327 1280 3299 3286 1563
3583 3327 1280 3512 3298 1567
3839 3327 1280 3745 3306 1481
4095 3327 1280 3991 3313 1334
0 3583 1280 1109 3526 1335
256 3583 1280 1154 3525 1342
512 3583 1280 1236 3522 1357
768 3583 1280 1374 3517 1383
1024 3583 1280 1556 3510 1424
1280 3583 1280 1754 3503 1470
1536 3583 1280 1964 3495 1522
1792 3583 1280 2159 3493 1551
2048 3583 1280 2344 3494 1564
2303 3583 1280 2533 3500 1567
2559 3583 1280 2727 3506 1570
2815 3583 1280 2927 3513 1572
3071 3583 1280 3133 3521 1575
3327 3583 1280 3341 3530 1578
3583 3583 1280 3554 3540 1582
3839 3583 1280 3777 3550 1505
4095 3583 1280 4007 3560 1375
0 3839 1280 1195 3770 1348
256 3839 1280 1231 3770 1353
512 3839 1280 1298 3770 1362
768 3839 1280 1413 3770 1377
1024 3839 1280 1573 3767 1402
1280 3839 1280 1750 3764 1431
1536 3839 1280 1946 3759 1464
1792 3839 1280 2138 3758 1483
2048 3839 1280 2327 3759 1492
2303 3839 1280 2523 3763 1494
2559 3839 1280 2724 3768 1495
2815 3839 1280 2931 3772 1497
3071 3839 1280 3143 3778 1498
3327 3839 1280 3357 3785 1500
3583 3839 1280 3576 3792 1502
3839 3839 1280 3796 3797 1457
4095 3839 1280 4019 3802 1380
0 4095 1280 1284 4010 1364
256 4095 1280 1308 4012 1363
512 4095 1280 1355 4016 1362
768 4095 1280 1437 4023 1360
1024 4095 1280 1564 4027 1360
1280 4095 1280 1708 4031 1359
1536 4095 1280 1882 4032 1359
1792 4095 1280 2069 4034 1359
2048 4095 1280 2265 4035 1359
2303 4095 1280 2474 4037 1359
2559 4095 1280 2687 4039 1359
2815 4095 1280 2906 4042 1359
3071 4095 1280 3129 4045 1359
3327 4095 1280 3355 4048 1359
3583 4095 1280 3584 4051 1359
3839 4095 1280 3808 4047 1360
4095 4095 1280 4028 4039 1360
0 0 1536 65 281 1515
256 0 1536 257 275 1514
512 0 1536 473 276 1512
768 0 1536 722 286 1512
1024 0 1536 969 302 1512
1280 0 1536 1214 321 1512
1536 0 1536 1459 344 1512
1792 0 1536 1703 369 1512
2048 0 1536 1948 396 1512
2303 0 1536 2191 425 1512
2559 0 1536 2435 456 1512
2815 0 1536 2679 488 1511
3071 0 1536 2923 521 1511
3327 0 1536 3167 554 1511
3583 0 1536 3411 589 1510
3839 0 1536 3649 636 1511
4095 0 1536 3883 691 1512
0 256 1536 37 400 1514
256 256 1536 275 403 1484
512 256 1536 508 411 1461
768 256 1536 734 428 1447
1024 256 1536 965 445 1459
1280 256 1536 1200 462 1476
1536 256 1536 1441 481 1488
1792 256 1536 1685 501 1497
2048 256 1536 1930 522 1503
2303 256 1536 2174 546 1507
2559 256 1536 2419 571 1510
2815 256 1536 2664 597 1511
3071 256 1536 2909 624 1513
3327 256 1536 3154 652 1513
3583 256 1536 3399 681 1514
3839 256 1536 3645 707 1513
4095 256 1536 3893 729 1511
0 512 1536 73 563 1514
256 512 1536 313 569 1472
512 512 1536 542 580 1437
768 512 1536 754 597 1413
1024 512 1536 973 613 1429
1280 512 1536 1195 629 1453
1536 512 1536 1427 649 1467
1792 512 1536 1665 669 1481
2048 512 1536 1906 689 1494
2303 512 1536 2149 709 1502
2559 512 1536 2394 730 1509
2815 512 1536 2640 752 1514
3071 512 1536 2886 775 1517
3327 512 1536 3132 798 1519
3583 512 1536 3378 823 1521
3839 512 1536 3635 827 1517
4095 512 1536 3900 817 1511
0 768 1536 203 793 1515
256 768 1536 381 793 1485
512 768 1536 572 797 1455
768 768 1536 784 808 1426
1024 768 1536 995 820 1435
1280 768 1536 1207 837 1450
1536 768 1536 1418 866 1452
1792 768 1536 1641 892 1465
2048 768 1536 1873 916 1484
2303 768 1536 2113 937 1498
2559 768 1536 2356 957 1510
2815 768 1536 2602 977 1520
3071 768 1536 2849 997 1526
3327 768 1536 3096 1017 1531
3583 768 1536 3344 1038 1534
3839 768 1536 3615 1020 1526
4095 768 1536 3902 978 1512
0 1024 1536 298 1034 1517
256 1024 1536 444 1032 1497
512 1024 1536 616 1033 1474
768 1024 1536 828 1037 1448
1024 1024 1536 1030 1046 1463
1280 1024 1536 1233 1058 1484
1536 1024 1536 1455 1076 1484
1792 1024 1536 1676 1098 1488
2048 1024 1536 1895 1122 1496
2303 1024 1536 2114 1152 1511
2559 1024 1536 2340 1179 1525
2815 1024 1536 2576 1204 1537
3071 1024 1536 2817 1226 1546
3327 1024 1536 3060 1248 1553
3583 1024 1536 3308 1267 1557
3839 1024 1536 3594 1238 1542
4095 1024 1536 3906 1177 1514
0 1280 1536 385 1279 1520
256 1280 1536 506 1276 1509
512 1280 1536 664 1274 1494
768 1280 1536 877 1272 1473
1024 1280 1536 1068 1279 1494
1280 1280 1536 1263 1286 1518
1536 1280 1536 1498 1291 1519
1792 1280 1536 1720 1306 1516
2048 1280 1536 1932 1329 1512
2303 1280 1536 2136 1362 1524
2559 1280 1536 2347 1395 1538
2815 1280 1536 2568 1425 1554
3071 1280 1536 2798 1452 1568
3327 1280 1536 3033 1477 1579
3583 1280 1536 3282 1494 1582
3839 1280 1536 3580 1459 1558
4095 1280 1536 3910 1390 1516
0 1536 1536 466 1526 1523
256 1536 1536 571 1523 1518
512 1536 1536 719 1520 1513
768 1536 1536 929 1515 1505
1024 1536 1536 1110 1522 1511
1280 1536 1536 1295 1531 1519
1536 1536 1536 1519 1536 1521
1792 1536 1536 1747 1544 1521
2048 1536 1536 1976 1554 1520
2303 1536 1536 2204 1567 1523
2559 1536 1536 2422 1589 1535
2815 1536 1536 2623 1621 1559
3071 1536 1536 2827 1658 1585
3327 1536 1536 3041 1691 1605
3583 1536 1536 3291 1704 1603
3839 1536 1536 3588 1676 1571
4095 1536 1536 3916 1618 1520
0 1792 1536 547 1775 1527
256 1792 1536 639 1772 1527
512 1792 1536 776 1768 1528
768 1792 1536 980 1762 1532
1024 1792 1536 1166 1765 1537
1280 1792 1536 1352 1771 1541
1536 1792 1536 1552 1780 1535
1792 1792 1536 1771 1787 1533
2048 1792 1536 2004 1791 1534
2303 1792 1536 2238 1797 1535
2559 1792 1536 2463 1811 1544
2815 1792 1536 2670 1835 1562
3071 1792 1536 2865 1871 1596
3327 1792 1536 3066 1905 1627
3583 1792 1536 3307 1920 1626
3839 1792 1536 3598 1899 1588
4095 1792 1536 3923 1853 1524
0 2048 1536 629 2024 1531
256 2048 1536 708 2022 1534
512 2048 1536 834 2018 1541
768 2048 1536 1030 2011 1554
1024 2048 1536 1231 2007 1569
1280 2048 1536 1426 2008 1577
1536 2048 1536 1593 2024 1556
1792 2048 1536 1795 2033 1550
2048 2048 1536 2021 2038 1553
2303 2048 1536 2250 2044 1557
2559 2048 1536 2481 2051 1560
2815 2048 1536 2713 2060 1563
3071 2048 1536 2909 2088 1604
3327 2048 1536 3102 2119 1645
3583 2048 1536 3328 2140 1651
3839 2048 1536 3611 2127 1607
4095 2048 1536 3931 2090 1528
0 2303 1536 708 2274 1536
256 2303 1536 780 2271 1541
512 2303 1536 897 2268 1551
768 2303 1536 1082 2261 1568
1024 2303 1536 1285 2255 1591
1280 2303 1536 1487 2252 1609
1536 2303 1536 1663 2261 1605
1792 2303 1536 1852 2272 1590
2048 2303 1536 2051 2283 1570
2303 2303 1536 2276 2288 1578
2559 2303 1536 2502 2295 1587
2815 2303 1536 2728 2304 1600
3071 2303 1536 2938 2322 1625
3327 2303 1536 3146 2344 1653
3583 2303 1536 3356 2367 1681
3839 2303 1536 3628 2360 1633
4095 2303 1536 3940 2332 1534
0 2559 1536 788 2524 1542
256 2559 1536 852 2522 1548
512 2559 1536 961 2518 1560
768 2559 1536 1136 2512 1580
1024 2559 1536 1339 2505 1609
1280 2559 1536 1544 2499 1637
1536 2559 1536 1732 2502 1649
1792 2559 1536 1915 2511 1636
2048 2559 1536 2095 2525 1607
2303 2559 1536 2314 2530 1618
2559 2559 1536 2532 2537 1631
2815 2559 1536 2750 2546 1646
3071 2559 1536 2968 2559 1661
3327 2559 1536 3182 2574 1679
3583 2559 1536 3387 2597 1713
3839 2559 1536 3649 2595 1656
4095 2559 1536 3951 2576 1540
0 2815 1536 869 2774 1549
256 2815 1536 926 2773 1555
512 2815 1536 1027 2770 1568
768 2815 1536 1192 2764 1590
1024 2815 1536 1391 2756 1623
1280 2815 1536 1598 2749 1657
1536 2815 1536 1798 2746 1685
1792 2815 1536 1985 2751 1689
2048 2815 1536 2163 2761 1677
2303 2815 1536 2368 2768 1687
2559 2815 1536 2576 2776 1698
2815 2815 1536 2785 2786 1709
3071 2815 1536 2997 2798 1720
3327 2815 1536 3209 2812 1733
3583 2815 1536 3421 2829 1748
3839 2815 1536 3678 2830 1676
4095 2815 1536 3963 2821 1547
0 3071 1536 948 3025 1556
256 3071 1536 1001 3024 1563
512 3071 1536 1094 3021 1576
768 3071 1536 1250 3015 1599
1024 3071 1536 1445 3008 1633
1280 3071 1536 1650 3000 1671
1536 3071 1536 1856 2995 1708
1792 3071 1536 2048 2996 1725
2048 3071 1536 2232 3002 1729
2303 3071 1536 2428 3009 1737
2559 3071 1536 2628 3017 1745
2815 3071 1536 2833 3026 1753
3071 3071 1536 3040 3037 1762
3327 3071 1536 3250 3050 1771
3583 3071 1536 3462 3064 1781
3839 3071 1536 3708 3069 1699
4095 3071 1536 3977 3068 1557
0 3327 1536 1028 3276 1564
256 3327 1536 1076 3275 1571
512 3327 1536 1163 3273 1584
768 3327 1536 1310 3267 1607
1024 3327 1536 1499 3260 1643
1280 3327 1536 1701 3252 1683
1536 3327 1536 1911 3245 1727
1792 3327 1536 2109 3243 1755
2048 3327 1536 2299 3244 1773
2303 3327 1536 2489 3251 1779
2559 3327 1536 2683 3258 1785
2815 3327 1536 2883 3267 1791
3071 3327 1536 3088 3277 1798
3327 3327 1536 3294 3288 1805
3583 3327 1536 3505 3301 1812
3839 3327 1536 3740 3309 1725
4095 3327 1536 3991 3315 1575
0 3583 1536 1108 3528 1573
256 3583 1536 1152 3527 1580
512 3583 1536 1234 3524 1593
768 3583 1536 1372 3519 1616
1024 3583 1536 1555 3512 1652
1280 3583 1536 1752 3504 1692
1536 3583 1536 1962 3496 1739
1792 3583 1536 2164 3492 1774
2048 3583 1536 2360 3491 1803
2303 3583 1536 2547 3496 1809
2559 3583 1536 2739 3503 1815
2815 3583 1536 2935 3510 1820
3071 3583 1536 3137 3519 1825
3327 3583 1536 3342 3529 1830
3583 3583 1536 3550 3540 1836
3839 3583 1536 3773 3551 1757
4095 3583 1536 4005 3562 1622
0 3839 1536 1194 3770 1584
256 3839 1536 1230 3770 1588
512 3839 1536 1297 3771 1596
768 3839 1536 1411 3772 1610
1024 3839 1536 1572 3769 1632
1280 3839 1536 1748 3766 1658
1536 3839 1536 1945 3761 1687
1792 3839 1536 2142 3758 1711
2048 3839 1536 2339 3757 1732
2303 3839 1536 2534 3761 1736
2559 3839 1536 2733 3766 1740
2815 3839 1536 2937 3771 1742
3071 3839 1536 3146 3777 1745
3327 3839 1536 3358 3784 1748
3583 3839 1536 3574 3792 1751
3839 3839 1536 3794 3798 1704
4095 3839 1536 4016 3803 1623
0 4095 1536 1286 4006 1597
256 4095 1536 1309 4009 1596
512 4095 1536 1355 4015 1595
768 4095 1536 1435 4025 1594
1024 4095 1536 1562 4030 1594
1280 4095 1536 1707 4033 1594
1536 4095 1536 1881 4034 1593
1792 4095 1536 2068 4036 1593
2048 4095 1536 2263 4037 1593
2303 4095 1536 2473 4039 1593
2559 4095 1536 2686 4041 1593
2815 4095 1536 2905 4043 1594
3071 4095 1536 3129 4046 1593
3327 4095 1536 3354 4049 1593
3583 4095 1536 3583 4052 1593
3839 4095 1536 3806 4048 1594
4095 4095 1536 4025 4038 1594
0 0 1792 82 325 1766
256 0 1792 258 319 1765
512 0 1792 466 319 1764
768 0 1792 719 327 1764
1024 0 1792 966 341 1764
1280 0 1792 1212 357 1764
1536 0 1792 1457 378 1764
1792 0 1792 1702 400 1764
2048 0 1792 1947 425 1764
2303 0 1792 2190 452 1764
2559 0 1792 2434 481 1764
2815 0 1792 2678 511 1764
3071 0 1792 2922 542 1763
3327 0 1792 3166 574 1763
3583 0 1792 3410 607 1763
3839 0 1792 3648 654 1763
4095 0 1792 3881 710 1763
0 256 1792 31 431 1765
256 256 1792 271 434 1738
512 256 1792 508 442 1714
768 256 1792 740 459 1694
1024 256 1792 971 473 1705
1280 256 1792 1203 488 1721
1536 256 1792 1444 506 1734
1792 256 1792 1686 525 1743
2048 256 1792 1930 545 1750
2303 256 1792 2174 567 1755
2559 256 1792 2419 591 1758
2815 256 1792 2664 615 1761
3071 256 1792 2909 642 1762
3327 256 1792 3154 669 1763
3583 256 1792 3399 697 1764
3839 256 1792 3644 723 1764
4095 256 1792 3891 747 1763
0 512 1792 53 584 1766
256 512 1792 306 590 1726
512 512 1792 545 601 1687
768 512 1792 766 619 1650
1024 512 1792 983 635 1662
1280 512 1792 1202 650 1685
1536 512 1792 1432 668 1702
1792 512 1792 1669 687 1718
2048 512 1792 1908 706 1732
2303 512 1792 2151 725 1742
2559 512 1792 2396 746 1751
2815 512 1792 2641 767 1757
3071 512 1792 2887 789 1762
3327 512 1792 3132 812 1765
3583 512 1792 3378 836 1768
3839 512 1792 3635 840 1766
4095 512 1792 3898 832 1763
0 768 1792 186 806 1767
256 768 1792 373 808 1736
512 768 1792 575 813 1696
768 768 1792 799 825 1643
1024 768 1792 1006 840 1645
1280 768 1792 1211 858 1660
1536 768 1792 1424 883 1669
1792 768 1792 1647 907 1686
2048 768 1792 1878 929 1708
2303 768 1792 2117 949 1726
2559 768 1792 2359 969 1741
2815 768 1792 2604 988 1754
3071 768 1792 2850 1008 1762
3327 768 1792 3097 1027 1769
3583 768 1792 3344 1048 1774
3839 768 1792 3615 1030 1772
4095 768 1792 3901 988 1764
0 1024 1792 287 1044 1768
256 1024 1792 437 1043 1746
512 1024 1792 617 1045 1714
768 1024 1792 839 1050 1667
1024 1024 1792 1038 1061 1676
1280 1024 1792 1238 1074 1697
1536 1024 1792 1458 1089 1712
1792 1024 1792 1676 1110 1718
2048 1024 1792 1893 1137 1718
2303 1024 1792 2114 1164 1732
2559 1024 1792 2342 1190 1746
2815 1024 1792 2577 1214 1761
3071 1024 1792 2818 1236 1773
3327 1024 1792 3061 1257 1782
3583 1024 1792 3309 1275 1789
3839 1024 1792 3594 1246 1782
4095 1024 1792 3905 1185 1766
0 1280 1792 377 1286 1770
256 1280 1792 501 1284 1756
512 1280 1792 663 1283 1733
768 1280 1792 882 1282 1699
1024 1280 1792 1076 1289 1714
1280 1280 1792 1271 1296 1740
1536 1280 1792 1499 1299 1761
1792 1280 1792 1715 1317 1758
2048 1280 1792 1924 1344 1737
2303 1280 1792 2132 1375 1745
2559 1280 1792 2346 1405 1757
2815 1280 1792 2568 1435 1772
3071 1280 1792 2798 1461 1787
3327 1280 1792 3034 1485 1799
3583 1280 1792 3282 1502 1806
3839 1280 1792 3579 1467 1794
4095 1280 1792 3909 1397 1768
0 1536 1792 459 1532 1773
256 1536 1792 567 1530 1765
512 1536 1792 716 1527 1751
768 1536 1792 930 1524 1731
1024 1536 1792 1120 1529 1734
1280 1536 1792 1309 1536 1745
1536 1536 1792 1522 1542 1765
1792 1536 1792 1745 1551 1769
2048 1536 1792 1973 1562 1763
2303 1536 1792 2202 1575 1765
2559 1536 1792 2419 1597 1773
2815 1536 1792 2615 1633 1788
3071 1536 1792 2821 1669 1806
3327 1536 1792 3039 1700 1822
3583 1536 1792 3290 1712 1825
3839 1536 1792 3587 1682 1805
4095 1536 1792 3915 1624 1771
0 1792 1792 542 1780 1776
256 1792 1792 635 1778 1772
512 1792 1792 773 1774 1767
768 1792 1792 979 1769 1759
1024 1792 1792 1173 1771 1759
1280 1792 1792 1363 1775 1763
1536 1792 1792 1552 1786 1772
1792 1792 1792 1769 1793 1776
2048 1792 1792 2003 1797 1775
2303 1792 1792 2239 1802 1775
2559 1792 1792 2464 1816 1779
2815 1792 1792 2670 1842 1788
3071 1792 1792 2863 1879 1816
3327 1792 1792 3063 1913 1842
3583 1792 1792 3306 1927 1846
3839 1792 1792 3598 1904 1820
4095 1792 1792 3922 1857 1774
0 2048 1792 626 2029 1780
256 2048 1792 705 2026 1780
512 2048 1792 832 2023 1781
768 2048 1792 1029 2016 1783
1024 2048 1792 1232 2013 1788
1280 2048 1792 1428 2014 1791
1536 2048 1792 1587 2031 1783
1792 2048 1792 1789 2040 1779
2048 2048 1792 2020 2043 1779
2303 2048 1792 2255 2048 1779
2559 2048 1792 2491 2052 1779
2815 2048 1792 2729 2058 1779
3071 2048 1792 2916 2090 1819
3327 2048 1792 3100 2126 1861
3583 2048 1792 3327 2146 1869
3839 2048 1792 3610 2132 1837
4095 2048 1792 3930 2095 1778
0 2303 1792 705 2277 1784
256 2303 1792 777 2275 1786
512 2303 1792 895 2272 1791
768 2303 1792 1081 2265 1799
1024 2303 1792 1285 2260 1812
1280 2303 1792 1487 2258 1823
1536 2303 1792 1659 2267 1822
1792 2303 1792 1846 2279 1807
2048 2303 1792 2042 2290 1784
2303 2303 1792 2274 2294 1788
2559 2303 1792 2507 2298 1794
2815 2303 1792 2739 2304 1802
3071 2303 1792 2949 2323 1826
3327 2303 1792 3153 2346 1857
3583 2303 1792 3357 2371 1892
3839 2303 1792 3627 2364 1860
4095 2303 1792 3940 2336 1782
0 2559 1792 785 2527 1789
256 2559 1792 850 2526 1793
512 2559 1792 959 2522 1800
768 2559 1792 1135 2516 1814
1024 2559 1792 1338 2509 1833
1280 2559 1792 1544 2504 1852
1536 2559 1792 1729 2507 1861
1792 2559 1792 1907 2518 1844
2048 2559 1792 2081 2534 1811
2303 2559 1792 2305 2538 1816
2559 2559 1792 2530 2543 1824
2815 2559 1792 2756 2550 1835
3071 2559 1792 2979 2560 1848
3327 2559 1792 3195 2574 1869
3583 2559 1792 3388 2600 1919
3839 2559 1792 3647 2599 1882
4095 2559 1792 3951 2579 1788
0 2815 1792 866 2777 1795
256 2815 1792 924 2776 1799
512 2815 1792 1025 2773 1809
768 2815 1792 1190 2767 1825
1024 2815 1792 1390 2759 1850
1280 2815 1792 1597 2753 1875
1536 2815 1792 1797 2750 1898
1792 2815 1792 1977 2757 1895
2048 2815 1792 2145 2771 1874
2303 2815 1792 2352 2778 1873
2559 2815 1792 2563 2785 1875
2815 2815 1792 2782 2793 1883
3071 2815 1792 3002 2802 1892
3327 2815 1792 3219 2814 1908
3583 2815 1792 3420 2834 1953
3839 2815 1792 3674 2835 1904
4095 2815 1792 3963 2824 1793
0 3071 1792 946 3028 1801
256 3071 1792 999 3027 1806
512 3071 1792 1093 3024 1816
768 3071 1792 1248 3018 1834
1024 3071 1792 1443 3011 1862
1280 3071 1792 1649 3003 1892
1536 3071 1792 1855 2998 1923
1792 3071 1792 2044 3000 1935
2048 3071 1792 2222 3008 1934
2303 3071 1792 2412 3017 1925
2559 3071 1792 2612 3026 1924
2815 3071 1792 2824 3033 1933
3071 3071 1792 3039 3042 1943
3327 3071 1792 3252 3053 1956
3583 3071 1792 3460 3069 1984
3839 3071 1792 3705 3073 1922
4095 3071 1792 3977 3070 1801
0 3327 1792 1026 3279 1808
256 3327 1792 1074 3278 1813
512 3327 1792 1162 3275 1824
768 3327 1792 1308 3270 1843
1024 3327 1792 1497 3262 1873
1280 3327 1792 1699 3255 1906
1536 3327 1792 1910 3248 1944
1792 3327 1792 2108 3245 1970
2048 3327 1792 2300 3247 1989
2303 3327 1792 2477 3257 1976
2559 3327 1792 2667 3267 1973
2815 3327 1792 2873 3273 1983
3071 3327 1792 3081 3282 1994
3327 3327 1792 3291 3292 2005
3583 3327 1792 3502 3305 2016
3839 3327 1792 3738 3312 1943
4095 3327 1792 3991 3317 1814
0 3583 1792 1106 3530 1815
256 3583 1792 1150 3529 1821
512 3583 1792 1232 3526 1832
768 3583 1792 1370 3521 1851
1024 3583 1792 1553 3514 1882
1280 3583 1792 1751 3507 1917
1536 3583 1792 1961 3499 1958
1792 3583 1792 2165 3494 1993
2048 3583 1792 2365 3492 2024
2303 3583 1792 2546 3499 2023
2559 3583 1792 2733 3506 2025
2815 3583 1792 2931 3514 2031
3071 3583 1792 3134 3522 2039
3327 3583 1792 3339 3532 2048
3583 3583 1792 3547 3543 2057
3839 3583 1792 3771 3554 1981
4095 3583 1792 4005 3565 1848
0 3839 1792 1192 3772 1824
256 3839 1792 1227 3774 1827
512 3839 1792 1294 3775 1834
768 3839 1792 1409 3775 1846
1024 3839 1792 1570 3772 1866
1280 3839 1792 1747 3768 1888
1536 3839 1792 1944 3763 1914
1792 3839 1792 2143 3760 1938
2048 3839 1792 2343 3758 1961
2303 3839 1792 2535 3763 1963
2559 3839 1792 2732 3768 1966
2815 3839 1792 2936 3773 1969
3071 3839 1792 3145 3779 1973
3327 3839 1792 3356 3786 1978
3583 3839 1792 3571 3794 1983
3839 3839 1792 3792 3800 1934
4095 3839 1792 4017 3805 1850
0 4095 1792 1283 4009 1833
256 4095 1792 1304 4016 1833
512 4095 1792 1350 4023 1833
768 4095 1792 1433 4030 1832
1024 4095 1792 1561 4033 1833
1280 4095 1792 1706 4035 1833
1536 4095 1792 1880 4036 1832
1792 4095 1792 2067 4037 1832
2048 4095 1792 2263 4039 1832
2303 4095 1792 2472 4041 1832
2559 4095 1792 2686 4043 1833
2815 4095 1792 2905 4045 1833
3071 4095 1792 3128 4048 1832
3327 4095 1792 3354 4051 1832
3583 4095 1792 3583 4054 1832
3839 4095 1792 3806 4050 1831
4095 4095 1792 4025 4041 1831
0 0 2048 90 370 2016
256 0 2048 256 363 2016
512 0 2048 458 362 2016
768 0 2048 715 369 2016
1024 0 2048 964 381 2016
1280 0 2048 1210 395 2016
1536 0 2048 1456 413 2016
1792 0 2048 1701 434 2016
2048 0 2048 1945 456 2016
2303 0 2048 2189 481 2016
2559 0 2048 2433 508 2016
2815 0 2048 2677 536 2016
3071 0 2048 2921 566 2016
3327 0 2048 3165 596 2015
3583 0 2048 3409 628 2015
3839 0 2048 3649 669 2015
4095 0 2048 3885 717 2014
0 256 2048 34 464 2017
256 256 2048 269 467 1992
512 256 2048 506 475 1968
768 256 2048 745 490 1944
1024 256 2048 976 503 1952
1280 256 2048 1207 516 1968
1536 256 2048 1446 532 1980
1792 256 2048 1688 550 1990
2048 256 2048 1931 569 1998
2303 256 2048 2175 590 2003
2559 256 2048 2419 612 2007
2815 256 2048 2664 636 2010
3071 256 2048 2909 661 2012
3327 256 2048 3154 687 2013
3583 256 2048 3398 715 2015
3839 256 2048 3644 739 2015
4095 256 2048 3891 762 2014
0 512 2048 49 607 2017
256 512 2048 303 613 1981
512 512 2048 547 625 1940
768 512 2048 777 643 1895
1024 512 2048 993 657 1900
1280 512 2048 1209 672 1919
1536 512 2048 1438 689 1938
1792 512 2048 1673 706 1956
2048 512 2048 1911 724 1972
2303 512 2048 2153 743 1983
2559 512 2048 2397 762 1993
2815 512 2048 2642 783 2001
3071 512 2048 2887 805 2006
3327 512 2048 3133 827 2011
3583 512 2048 3378 850 2014
3839 512 2048 3634 856 2015
4095 512 2048 3896 849 2015
0 768 2048 171 821 2018
256 768 2048 366 823 1988
512 768 2048 577 830 1944
768 768 2048 811 843 1879
1024 768 2048 1017 860 1866
1280 768 2048 1220 879 1869
1536 768 2048 1433 902 1887
1792 768 2048 1655 923 1909
2048 768 2048 1884 943 1935
2303 768 2048 2122 962 1955
2559 768 2048 2363 982 1973
2815 768 2048 2606 1000 1988
3071 768 2048 2852 1020 1999
3327 768 2048 3098 1039 2008
3583 768 2048 3345 1059 2014
3839 768 2048 3615 1042 2017
4095 768 2048 3901 1000 2016
0 1024 2048 274 1055 2019
256 1024 2048 430 1055 1996
512 1024 2048 617 1058 1959
768 1024 2048 848 1065 1900
1024 1024 2048 1049 1077 1890
1280 1024 2048 1248 1091 1900
1536 1024 2048 1464 1102 1937
1792 1024 2048 1679 1124 1947
2048 1024 2048 1893 1152 1938
2303 1024 2048 2116 1178 1953
2559 1024 2048 2344 1202 1968
2815 1024 2048 2580 1225 1985
3071 1024 2048 2820 1246 1999
3327 1024 2048 3063 1266 2012
3583 1024 2048 3309 1285 2021
3839 1024 2048 3594 1256 2022
4095 1024 2048 3905 1195 2018
0 1280 2048 370 1295 2021
256 1280 2048 495 1293 2004
512 1280 2048 661 1293 1976
768 1280 2048 887 1294 1931
1024 1280 2048 1085 1301 1927
1280 1280 2048 1283 1308 1943
1536 1280 2048 1502 1309 1999
1792 1280 2048 1712 1328 1997
2048 1280 2048 1918 1360 1958
2303 1280 2048 2131 1388 1964
2559 1280 2048 2347 1417 1974
2815 1280 2048 2568 1445 1990
3071 1280 2048 2799 1471 2005
3327 1280 2048 3035 1494 2020
3583 1280 2048 3282 1511 2031
3839 1280 2048 3579 1475 2030
4095 1280 2048 3909 1404 2019
0 1536 2048 452 1539 2023
256 1536 2048 561 1538 2012
512 1536 2048 714 1536 1993
768 1536 2048 931 1534 1961
1024 1536 2048 1132 1537 1951
1280 1536 2048 1328 1543 1956
1536 1536 2048 1527 1549 2004
1792 1536 2048 1743 1559 2016
2048 1536 2048 1970 1571 2005
2303 1536 2048 2201 1583 2007
2559 1536 2048 2417 1606 2009
2815 1536 2048 2609 1645 2013
3071 1536 2048 2817 1680 2025
3327 1536 2048 3038 1709 2039
3583 1536 2048 3289 1720 2047
3839 1536 2048 3587 1689 2040
4095 1536 2048 3915 1631 2022
0 1792 2048 536 1786 2026
256 1792 2048 630 1784 2019
512 1792 2048 770 1781 2008
768 1792 2048 978 1777 1988
1024 1792 2048 1182 1777 1978
1280 1792 2048 1378 1781 1979
1536 1792 2048 1556 1792 2012
1792 1792 2048 1767 1799 2026
2048 1792 2048 2002 1803 2026
2303 1792 2048 2238 1808 2026
2559 1792 2048 2462 1823 2025
2815 1792 2048 2664 1852 2024
3071 1792 2048 2857 1889 2041
3327 1792 2048 3059 1922 2059
3583 1792 2048 3304 1934 2067
3839 1792 2048 3597 1911 2053
4095 1792 2048 3922 1863 2024
0 2048 2048 622 2033 2029
256 2048 2048 701 2032 2026
512 2048 2048 829 2028 2021
768 2048 2048 1028 2023 2013
1024 2048 2048 1234 2020 2008
1280 2048 2048 1432 2021 2008
1536 2048 2048 1587 2036 2023
1792 2048 2048 1788 2044 2029
2048 2048 2048 2019 2048 2029
2303 2048 2048 2254 2052 2029
2559 2048 2048 2490 2057 2029
2815 2048 2048 2728 2063 2028
3071 2048 2048 2912 2097 2054
3327 2048 2048 3094 2135 2081
3583 2048 2048 3325 2153 2088
3839 2048 2048 3609 2137 2067
4095 2048 2048 3930 2099 2028
0 2303 2048 701 2281 2033
256 2303 2048 774 2280 2033
512 2303 2048 892 2276 2032
768 2303 2048 1080 2271 2032
1024 2303 2048 1286 2266 2034
1280 2303 2048 1489 2264 2039
1536 2303 2048 1660 2273 2048
1792 2303 2048 1846 2283 2044
2048 2303 2048 2041 2295 2033
2303 2303 2048 2273 2298 2033
2559 2303 2048 2508 2303 2032
2815 2303 2048 2744 2307 2032
3071 2303 2048 2955 2326 2048
3327 2303 2048 3158 2349 2071
3583 2303 2048 3358 2376 2107
3839 2303 2048 3626 2369 2087
4095 2303 2048 3940 2340 2031
0 2559 2048 782 2531 2037
256 2559 2048 847 2529 2039
512 2559 2048 957 2526 2042
768 2559 2048 1133 2520 2048
1024 2559 2048 1338 2514 2058
1280 2559 2048 1544 2509 2069
1536 2559 2048 1730 2512 2077
1792 2559 2048 1906 2523 2068
2048 2559 2048 2075 2539 2047
2303 2559 2048 2298 2545 2041
2559 2559 2048 2526 2550 2037
2815 2559 2048 2761 2554 2036
3071 2559 2048 2990 2561 2044
3327 2559 2048 3209 2574 2064
3583 2559 2048 3390 2604 2127
3839 2559 2048 3646 2604 2109
4095 2559 2048 3950 2583 2036
0 2815 2048 863 2781 2042
256 2815 2048 921 2779 2045
512 2815 2048 1023 2776 2051
768 2815 2048 1189 2771 2061
1024 2815 2048 1389 2763 2077
1280 2815 2048 1596 2757 2095
1536 2815 2048 1796 2755 2112
1792 2815 2048 1970 2764 2103
2048 2815 2048 2126 2781 2077
2303 2815 2048 2331 2790 2055
2559 2815 2048 2547 2798 2041
2815 2815 2048 2779 2801 2041
3071 2815 2048 3013 2806 2042
3327 2815 2048 3237 2815 2061
3583 2815 2048 3421 2838 2150
3839 2815 2048 3670 2840 2132
4095 2815 2048 3962 2827 2041
0 3071 2048 943 3031 2047
256 3071 2048 996 3030 2051
512 3071 2048 1091 3027 2058
768 3071 2048 1247 3022 2071
1024 3071 2048 1442 3014 2091
1280 3071 2048 1647 3007 2114
1536 3071 2048 1854 3002 2139
1792 3071 2048 2039 3006 2144
2048 3071 2048 2209 3015 2137
2303 3071 2048 2388 3030 2098
2559 3071 2048 2586 3041 2078
2815 3071 2048 2812 3044 2086
3071 3071 2048 3039 3049 2095
3327 3071 2048 3260 3057 2112
3583 3071 2048 3461 3073 2168
3839 3071 2048 3705 3077 2136
4095 3071 2048 3976 3073 2046
0 3327 2048 1024 3281 2053
256 3327 2048 1072 3280 2057
512 3327 2048 1160 3278 2066
768 3327 2048 1307 3273 2081
1024 3327 2048 1496 3265 2104
1280 3327 2048 1698 3258 2131
1536 3327 2048 1909 3251 2162
1792 3327 2048 2106 3249 2183
2048 3327 2048 2295 3251 2197
2303 3327 2048 2454 3269 2152
2559 3327 2048 2636 3281 2130
2815 3327 2048 2854 3285 2145
3071 3327 2048 3071 3291 2161
3327 3327 2048 3287 3299 2177
3583 3327 2048 3503 3309 2193
3839 3327 2048 3740 3316 2144
4095 3327 2048 3991 3320 2053
0 3583 2048 1104 3532 2059
256 3583 2048 1148 3531 2064
512 3583 2048 1230 3529 2073
768 3583 2048 1369 3524 2089
1024 3583 2048 1552 3517 2114
1280 3583 2048 1749 3509 2143
1536 3583 2048 1961 3501 2178
1792 3583 2048 2164 3497 2208
2048 3583 2048 2362 3495 2234
2303 3583 2048 2533 3506 2217
2559 3583 2048 2717 3515 2211
2815 3583 2048 2919 3521 2218
3071 3583 2048 3125 3528 2230
3327 3583 2048 3333 3537 2242
3583 3583 2048 3543 3547 2255
3839 3583 2048 3770 3557 2185
4095 3583 2048 4008 3567 2061
0 3839 2048 1189 3776 2066
256 3839 2048 1222 3780 2069
512 3839 2048 1289 3781 2075
768 3839 2048 1407 3779 2085
1024 3839 2048 1568 3775 2102
1280 3839 2048 1746 3770 2121
1536 3839 2048 1943 3765 2143
1792 3839 2048 2142 3762 2164
2048 3839 2048 2342 3761 2183
2303 3839 2048 2530 3766 2180
2559 3839 2048 2725 3772 2180
2815 3839 2048 2929 3777 2183
3071 3839 2048 3140 3783 2189
3327 3839 2048 3352 3790 2196
3583 3839 2048 3568 3798 2202
3839 3839 2048 3791 3804 2153
4095 3839 2048 4020 3809 2067
0 4095 2048 1277 4016 2072
256 4095 2048 1295 4028 2073
512 4095 2048 1341 4035 2074
768 4095 2048 1430 4035 2074
1024 4095 2048 1559 4036 2074
1280 4095 2048 1705 4037 2074
1536 4095 2048 1879 4038 2074
1792 4095 2048 2066 4039 2074
2048 4095 2048 2262 4041 2074
2303 4095 2048 2472 4043 2074
2559 4095 2048 2685 4045 2074
2815 4095 2048 2904 4047 2074
3071 4095 2048 3127 4050 2074
3327 4095 2048 3353 4053 2074
3583 4095 2048 3582 4056 2074
3839 4095 2048 3807 4054 2072
4095 4095 2048 4029 4047 2070
0 0 2303 100 416 2264
256 0 2303 255 408 2266
512 0 2303 452 406 2267
768 0 2303 710 412 2267
1024 0 2303 960 423 2267
1280 0 2303 1208 435 2267
1536 0 2303 1454 451 2267
1792 0 2303 1699 470 2267
2048 0 2303 1944 490 2267
2303 0 2303 2187 514 2267
2559 0 2303 2432 539 2267
2815 0 2303 2676 565 2267
3071 0 2303 2920 593 2267
3327 0 2303 3165 622 2267
3583 0 2303 3409 652 2267
3839 0 2303 3651 687 2266
4095 0 2303 3891 726 2265
0 256 2303 37 500 2267
256 256 2303 267 502 2245
512 256 2303 502 509 2222
768 256 2303 747 524 2196
1024 256 2303 979 536 2203
1280 256 2303 1210 548 2217
1536 256 2303 1448 562 2228
1792 256 2303 1689 579 2238
2048 256 2303 1932 596 2245
2303 256 2303 2175 616 2251
2559 256 2303 2419 637 2255
2815 256 2303 2664 660 2258
3071 256 2303 2909 684 2261
3327 256 2303 3153 709 2263
3583 256 2303 3398 736 2264
3839 256 2303 3645 757 2265
4095 256 2303 3894 774 2266
0 512 2303 41 633 2268
256 512 2303 296 640 2235
512 512 2303 545 651 2195
768 512 2303 783 668 2146
1024 512 2303 1002 683 2145
1280 512 2303 1218 697 2158
1536 512 2303 1445 713 2178
1792 512 2303 1678 729 2196
2048 512 2303 1915 746 2213
2303 512 2303 2156 764 2225
2559 512 2303 2399 783 2236
2815 512 2303 2643 802 2245
3071 512 2303 2888 823 2251
3327 512 2303 3133 845 2256
3583 512 2303 3379 868 2260
3839 512 2303 3634 872 2264
4095 512 2303 3897 863 2267
0 768 2303 144 839 2269
256 768 2303 352 842 2241
512 768 2303 575 849 2196
768 768 2303 818 863 2128
1024 768 2303 1030 882 2098
1280 768 2303 1235 902 2087
1536 768 2303 1445 922 2111
1792 768 2303 1665 941 2137
2048 768 2303 1892 960 2164
2303 768 2303 2128 979 2187
2559 768 2303 2367 997 2207
2815 768 2303 2610 1015 2223
3071 768 2303 2855 1034 2236
3327 768 2303 3100 1053 2246
3583 768 2303 3346 1072 2254
3839 768 2303 3616 1055 2261
4095 768 2303 3900 1014 2267
0 1024 2303 252 1068 2270
256 1024 2303 419 1069 2247
512 1024 2303 614 1073 2208
768 1024 2303 853 1080 2146
1024 1024 2303 1062 1095 2114
1280 1024 2303 1265 1111 2103
1536 1024 2303 1472 1123 2143
1792 1024 2303 1683 1144 2157
2048 1024 2303 1898 1169 2156
2303 1024 2303 2121 1193 2173
2559 1024 2303 2350 1216 2191
2815 1024 2303 2584 1238 2210
3071 1024 2303 2824 1258 2227
3327 1024 2303 3066 1278 2241
3583 1024 2303 3311 1297 2253
3839 1024 2303 3595 1268 2262
4095 1024 2303 3904 1206 2269
0 1280 2303 358 1305 2271
256 1280 2303 487 1304 2254
512 1280 2303 658 1305 2223
768 1280 2303 889 1307 2173
1024 1280 2303 1097 1315 2145
1280 1280 2303 1299 1324 2138
1536 1280 2303 1504 1329 2195
1792 1280 2303 1711 1348 2200
2048 1280 2303 1919 1377 2171
2303 1280 2303 2133 1404 2179
2559 1280 2303 2350 1431 2191
2815 1280 2303 2572 1458 2207
3071 1280 2303 2802 1483 2224
3327 1280 2303 3038 1505 2241
3583 1280 2303 3283 1522 2256
3839 1280 2303 3579 1486 2265
4095 1280 2303 3908 1414 2270
0 1536 2303 445 1548 2273
256 1536 2303 555 1547 2261
512 1536 2303 710 1546 2238
768 1536 2303 931 1545 2200
1024 1536 2303 1140 1549 2173
1280 1536 2303 1342 1555 2166
1536 1536 2303 1529 1561 2232
1792 1536 2303 1741 1570 2253
2048 1536 2303 1970 1581 2245
2303 1536 2303 2195 1597 2240
2559 1536 2303 2409 1622 2236
2815 1536 2303 2605 1660 2231
3071 1536 2303 2816 1693 2241
3327 1536 2303 3038 1720 2255
3583 1536 2303 3290 1730 2269
3839 1536 2303 3587 1699 2274
4095 1536 2303 3914 1638 2272
0 1792 2303 531 1793 2276
256 1792 2303 625 1792 2267
512 1792 2303 766 1789 2252
768 1792 2303 977 1786 2225
1024 1792 2303 1187 1787 2202
1280 1792 2303 1389 1790 2195
1536 1792 2303 1564 1799 2245
1792 1792 2303 1772 1805 2269
2048 1792 2303 2000 1810 2276
2303 1792 2303 2232 1819 2270
2559 1792 2303 2454 1835 2263
2815 1792 2303 2659 1864 2255
3071 1792 2303 2855 1900 2262
3327 1792 2303 3059 1932 2274
3583 1792 2303 3304 1944 2286
3839 1792 2303 3597 1919 2285
4095 1792 2303 3921 1870 2275
0 2048 2303 616 2039 2278
256 2048 2303 696 2038 2273
512 2048 2303 825 2035 2264
768 2048 2303 1025 2031 2249
1024 2048 2303 1235 2028 2233
1280 2048 2303 1439 2029 2224
1536 2048 2303 1606 2040 2242
1792 2048 2303 1802 2048 2260
2048 2048 2303 2018 2054 2278
2303 2048 2303 2253 2058 2278
2559 2048 2303 2489 2063 2278
2815 2048 2303 2727 2069 2278
3071 2048 2303 2910 2105 2286
3327 2048 2303 3092 2144 2297
3583 2048 2303 3324 2161 2307
3839 2048 2303 3609 2144 2298
4095 2048 2303 3929 2105 2277
0 2303 2303 697 2287 2282
256 2303 2303 769 2285 2279
512 2303 2303 888 2283 2275
768 2303 2303 1077 2277 2267
1024 2303 2303 1286 2273 2260
1280 2303 2303 1492 2271 2256
1536 2303 2303 1672 2278 2265
1792 2303 2303 1855 2288 2273
2048 2303 2303 2040 2300 2282
2303 2303 2303 2272 2304 2282
2559 2303 2303 2507 2308 2282
2815 2303 2303 2743 2313 2281
3071 2303 2303 2949 2334 2290
3327 2303 2303 3150 2359 2304
3583 2303 2303 3355 2384 2328
3839 2303 2303 3625 2376 2316
4095 2303 2303 3939 2345 2281
0 2559 2303 778 2535 2285
256 2559 2303 843 2534 2285
512 2559 2303 953 2531 2285
768 2559 2303 1131 2526 2284
1024 2559 2303 1337 2520 2285
1280 2559 2303 1545 2516 2287
1536 2559 2303 1737 2518 2292
1792 2559 2303 1911 2528 2293
2048 2559 2303 2074 2544 2292
2303 2559 2303 2297 2550 2288
2559 2559 2303 2525 2554 2285
2815 2559 2303 2760 2559 2285
3071 2559 2303 2984 2568 2292
3327 2559 2303 3199 2583 2307
3583 2559 2303 3386 2612 2349
3839 2559 2303 3644 2610 2336
4095 2559 2303 3950 2587 2285
0 2815 2303 860 2785 2289
256 2815 2303 918 2784 2291
512 2815 2303 1019 2781 2293
768 2815 2303 1187 2775 2298
1024 2815 2303 1388 2769 2305
1280 2815 2303 1597 2763 2314
1536 2815 2303 1799 2760 2325
1792 2815 2303 1972 2769 2323
2048 2815 2303 2127 2785 2312
2303 2815 2303 2331 2795 2298
2559 2815 2303 2546 2802 2289
2815 2815 2303 2778 2806 2289
3071 2815 2303 3011 2811 2290
3327 2815 2303 3234 2820 2305
3583 2815 2303 3419 2844 2372
3839 2815 2303 3668 2845 2358
4095 2815 2303 3962 2831 2289
0 3071 2303 940 3034 2294
256 3071 2303 993 3034 2297
512 3071 2303 1088 3031 2301
768 3071 2303 1245 3026 2309
1024 3071 2303 1441 3019 2322
1280 3071 2303 1647 3012 2336
1536 3071 2303 1854 3007 2354
1792 3071 2303 2039 3011 2360
2048 3071 2303 2209 3020 2358
2303 3071 2303 2381 3037 2325
2559 3071 2303 2575 3048 2306
2815 3071 2303 2804 3052 2309
3071 3071 2303 3034 3056 2312
3327 3071 2303 3260 3063 2322
3583 3071 2303 3466 3077 2361
3839 3071 2303 3709 3081 2346
4095 3071 2303 3976 3077 2294
0 3327 2303 1021 3284 2299
256 3327 2303 1069 3284 2302
512 3327 2303 1157 3281 2309
768 3327 2303 1305 3276 2319
1024 3327 2303 1495 3269 2336
1280 3327 2303 1697 3262 2355
1536 3327 2303 1908 3255 2379
1792 3327 2303 2106 3254 2396
2048 3327 2303 2294 3256 2408
2303 3327 2303 2441 3277 2363
2559 3327 2303 2617 3292 2335
2815 3327 2303 2835 3297 2335
3071 3327 2303 3059 3301 2340
3327 3327 2303 3285 3307 2346
3583 3327 2303 3513 3313 2353
3839 3327 2303 3749 3318 2335
4095 3327 2303 3990 3323 2300
0 3583 2303 1101 3535 2305
256 3583 2303 1145 3534 2309
512 3583 2303 1228 3532 2316
768 3583 2303 1367 3527 2328
1024 3583 2303 1550 3521 2347
1280 3583 2303 1748 3513 2370
1536 3583 2303 1960 3505 2398
1792 3583 2303 2163 3501 2422
2048 3583 2303 2361 3499 2444
2303 3583 2303 2526 3512 2427
2559 3583 2303 2698 3525 2404
2815 3583 2303 2880 3539 2372
3071 3583 2303 3094 3546 2369
3327 3583 2303 3316 3551 2375
3583 3583 2303 3540 3557 2388
3839 3583 2303 3771 3563 2362
4095 3583 2303 4006 3571 2309
0 3839 2303 1186 3779 2310
256 3839 2303 1221 3781 2313
512 3839 2303 1289 3782 2317
768 3839 2303 1406 3780 2326
1024 3839 2303 1567 3777 2339
1280 3839 2303 1744 3773 2354
1536 3839 2303 1942 3769 2373
1792 3839 2303 2141 3766 2390
2048 3839 2303 2341 3764 2406
2303 3839 2303 2526 3771 2402
2559 3839 2303 2713 3779 2389
2815 3839 2303 2900 3791 2361
3071 3839 2303 3115 3797 2357
3327 3839 2303 3337 3801 2361
3583 3839 2303 3562 3806 2371
3839 3839 2303 3790 3810 2352
4095 3839 2303 4021 3814 2313
0 4095 2303 1274 4019 2314
256 4095 2303 1296 4025 2315
512 4095 2303 1344 4030 2316
768 4095 2303 1429 4034 2317
1024 4095 2303 1557 4037 2318
1280 4095 2303 1703 4040 2318
1536 4095 2303 1877 4041 2318
1792 4095 2303 2065 4042 2318
2048 4095 2303 2261 4044 2318
2303 4095 2303 2470 4046 2318
2559 4095 2303 2684 4048 2318
2815 4095 2303 2903 4050 2318
3071 4095 2303 3127 4053 2318
3327 4095 2303 3352 4056 2318
3583 4095 2303 3581 4059 2318
3839 4095 2303 3808 4059 2317
4095 4095 2303 4033 4055 2314
0 0 2559 110 461 2513
256 0 2559 257 454 2516
512 0 2559 448 451 2519
768 0 2559 705 455 2519
1024 0 2559 956 464 2520
1280 0 2559 1205 475 2520
1536 0 2559 1451 490 2520
1792 0 2559 1697 507 2520
2048 0 2559 1942 526 2519
2303 0 2559 2186 547 2519
2559 0 2559 2431 570 2519
2815 0 2559 2675 595 2519
3071 0 2559 2919 622 2519
3327 0 2559 3164 649 2519
3583 0 2559 3408 678 2519
3839 0 2559 3651 709 2518
4095 0 2559 3894 742 2518
0 256 2559 41 536 2517
256 256 2559 265 539 2498
512 256 2559 499 545 2477
768 256 2559 748 558 2450
1024 256 2559 981 569 2455
1280 256 2559 1212 580 2467
1536 256 2559 1450 593 2478
1792 256 2559 1691 609 2487
2048 256 2559 1933 625 2494
2303 256 2559 2175 644 2500
2559 256 2559 2419 664 2504
2815 256 2559 2664 686 2508
3071 256 2559 2908 709 2511
3327 256 2559 3153 733 2513
3583 256 2559 3398 758 2514
3839 256 2559 3646 777 2516
4095 256 2559 3896 791 2518
0 512 2559 30 661 2520
256 512 2559 288 667 2490
512 512 2559 541 678 2451
768 512 2559 788 695 2400
1024 512 2559 1009 710 2393
1280 512 2559 1226 723 2400
1536 512 2559 1452 737 2420
1792 512 2559 1683 753 2439
2048 512 2559 1919 768 2456
2303 512 2559 2159 786 2469
2559 512 2559 2401 804 2480
2815 512 2559 2645 823 2490
3071 512 2559 2889 843 2497
3327 512 2559 3134 864 2503
3583 512 2559 3379 887 2507
3839 512 2559 3635 890 2513
4095 512 2559 3898 880 2519
0 768 2559 106 859 2521
256 768 2559 334 862 2494
512 768 2559 572 870 2450
768 768 2559 825 884 2380
1024 768 2559 1042 904 2336
1280 768 2559 1251 926 2311
1536 768 2559 1458 943 2339
1792 768 2559 1675 961 2368
2048 768 2559 1900 978 2397
2303 768 2559 2135 996 2421
2559 768 2559 2373 1013 2442
2815 768 2559 2614 1031 2460
3071 768 2559 2858 1049 2474
3327 768 2559 3102 1068 2486
3583 768 2559 3348 1087 2496
3839 768 2559 3616 1070 2507
4095 768 2559 3900 1029 2520
0 1024 2559 224 1083 2522
256 1024 2559 404 1084 2499
512 1024 2559 611 1089 2460
768 1024 2559 857 1097 2395
1024 1024 2559 1074 1114 2345
1280 1024 2559 1282 1131 2315
1536 1024 2559 1482 1145 2349
1792 1024 2559 1691 1164 2368
2048 1024 2559 1905 1187 2376
2303 1024 2559 2128 1209 2396
2559 1024 2559 2356 1231 2416
2815 1024 2559 2589 1252 2437
3071 1024 2559 2828 1272 2456
3327 1024 2559 3069 1291 2473
3583 1024 2559 3313 1310 2486
3839 1024 2559 3595 1280 2503
4095 1024 2559 3903 1219 2521
0 1280 2559 344 1316 2523
256 1280 2559 478 1316 2505
512 1280 2559 654 1317 2473
768 1280 2559 891 1320 2418
1024 1280 2559 1107 1330 2371
1280 1280 2559 1315 1342 2343
1536 1280 2559 1510 1351 2386
1792 1280 2559 1714 1370 2395
2048 1280 2559 1923 1395 2381
2303 1280 2559 2136 1420 2393
2559 1280 2559 2354 1446 2407
2815 1280 2559 2576 1471 2425
3071 1280 2559 2807 1495 2444
3327 1280 2559 3041 1517 2464
3583 1280 2559 3286 1534 2482
3839 1280 2559 3580 1497 2501
4095 1280 2559 3908 1424 2522
0 1536 2559 435 1557 2524
256 1536 2559 548 1556 2511
512 1536 2559 706 1556 2486
768 1536 2559 931 1556 2442
1024 1536 2559 1147 1561 2401
1280 1536 2559 1355 1568 2380
1536 1536 2559 1538 1576 2437
1792 1536 2559 1745 1586 2459
2048 1536 2559 1968 1598 2458
2303 1536 2559 2188 1616 2457
2559 1536 2559 2401 1640 2454
2815 1536 2559 2602 1675 2447
3071 1536 2559 2816 1706 2457
3327 1536 2559 3040 1732 2472
3583 1536 2559 3290 1742 2492
3839 1536 2559 3587 1709 2509
4095 1536 2559 3914 1647 2524
0 1792 2559 523 1801 2526
256 1792 2559 619 1800 2517
512 1792 2559 762 1798 2498
768 1792 2559 976 1796 2465
1024 1792 2559 1191 1798 2431
1280 1792 2559 1399 1801 2413
1536 1792 2559 1578 1808 2456
1792 1792 2559 1780 1816 2483
2048 1792 2559 1998 1823 2498
2303 1792 2559 2225 1833 2497
2559 1792 2559 2445 1850 2493
2815 1792 2559 2656 1876 2483
3071 1792 2559 2854 1911 2484
3327 1792 2559 3059 1944 2489
3583 1792 2559 3304 1954 2507
3839 1792 2559 3597 1928 2518
4095 1792 2559 3921 1877 2526
0 2048 2559 609 2046 2529
256 2048 2559 691 2045 2522
512 2048 2559 821 2043 2509
768 2048 2559 1023 2039 2487
1024 2048 2559 1237 2037 2462
1280 2048 2559 1446 2038 2443
1536 2048 2559 1625 2046 2455
1792 2048 2559 1818 2054 2480
2048 2048 2559 2019 2062 2514
2303 2048 2559 2252 2066 2521
2559 2048 2559 2487 2070 2526
2815 2048 2559 2726 2075 2528
3071 2048 2559 2910 2113 2520
3327 2048 2559 3092 2154 2513
3583 2048 2559 3324 2170 2526
3839 2048 2559 3609 2152 2530
4095 2048 2559 3928 2111 2528
0 2303 2559 692 2293 2532
256 2303 2559 764 2291 2528
512 2303 2559 884 2289 2520
768 2303 2559 1075 2285 2505
1024 2303 2559 1286 2281 2489
1280 2303 2559 1496 2279 2476
1536 2303 2559 1685 2284 2480
1792 2303 2559 1865 2293 2498
2048 2303 2559 2039 2306 2526
2303 2303 2559 2271 2310 2529
2559 2303 2559 2505 2314 2531
2815 2303 2559 2742 2319 2532
3071 2303 2559 2946 2342 2531
3327 2303 2559 3144 2369 2534
3583 2303 2559 3353 2393 2549
3839 2303 2559 3625 2383 2546
4095 2303 2559 3938 2351 2531
0 2559 2559 774 2540 2535
256 2559 2559 839 2539 2533
512 2559 2559 949 2537 2529
768 2559 2559 1128 2532 2522
1024 2559 2559 1336 2527 2514
1280 2559 2559 1547 2523 2507
1536 2559 2559 1743 2524 2507
1792 2559 2559 1917 2534 2519
2048 2559 2559 2075 2549 2537
2303 2559 2559 2297 2555 2536
2559 2559 2559 2524 2560 2535
2815 2559 2559 2759 2564 2535
3071 2559 2559 2980 2575 2538
3327 2559 2559 3192 2592 2547
3583 2559 2559 3384 2619 2571
3839 2559 2559 3644 2616 2564
4095 2559 2559 3949 2592 2534
0 2815 2559 856 2789 2538
256 2815 2559 914 2788 2538
512 2815 2559 1016 2786 2538
768 2815 2559 1184 2781 2536
1024 2815 2559 1387 2775 2536
1280 2815 2559 1597 2769 2537
1536 2815 2559 1801 2767 2541
1792 2815 2559 1977 2774 2543
2048 2815 2559 2135 2788 2545
2303 2815 2559 2333 2799 2541
2559 2815 2559 2545 2806 2539
2815 2815 2559 2777 2810 2539
3071 2815 2559 3009 2816 2539
3327 2815 2559 3232 2825 2549
3583 2815 2559 3417 2851 2594
3839 2815 2559 3667 2851 2584
4095 2815 2559 3961 2836 2538
0 3071 2559 937 3038 2543
256 3071 2559 989 3038 2544
512 3071 2559 1085 3035 2546
768 3071 2559 1243 3031 2548
1024 3071 2559 1440 3024 2554
1280 3071 2559 1646 3017 2560
1536 3071 2559 1855 3013 2570
1792 3071 2559 2042 3016 2576
2048 3071 2559 2215 3024 2580
2303 3071 2559 2378 3042 2557
2559 3071 2559 2568 3054 2543
2815 3071 2559 2798 3058 2543
3071 3071 2559 3031 3062 2543
3327 3071 2559 3260 3068 2548
3583 3071 2559 3467 3083 2576
3839 3071 2559 3709 3086 2570
4095 3071 2559 3975 3081 2543
0 3327 2559 1017 3288 2547
256 3327 2559 1066 3288 2549
512 3327 2559 1154 3285 2553
768 3327 2559 1303 3281 2559
1024 3327 2559 1493 3274 2570
1280 3327 2559 1696 3267 2582
1536 3327 2559 1908 3260 2597
1792 3327 2559 2106 3259 2610
2048 3327 2559 2296 3261 2620
2303 3327 2559 2434 3284 2583
2559 3327 2559 2604 3300 2557
2815 3327 2559 2823 3305 2549
3071 3327 2559 3052 3309 2547
3327 3327 2559 3283 3313 2548
3583 3327 2559 3515 3318 2555
3839 3327 2559 3751 3323 2554
4095 3327 2559 3990 3327 2548
0 3583 2559 1098 3539 2552
256 3583 2559 1142 3538 2555
512 3583 2559 1225 3536 2560
768 3583 2559 1365 3531 2568
1024 3583 2559 1549 3524 2582
1280 3583 2559 1747 3517 2598
1536 3583 2559 1959 3510 2619
1792 3583 2559 2163 3506 2638
2048 3583 2559 2362 3504 2656
2303 3583 2559 2522 3517 2641
2559 3583 2559 2686 3533 2612
2815 3583 2559 2857 3551 2562
3071 3583 2559 3075 3558 2552
3327 3583 2559 3305 3561 2554
3583 3583 2559 3537 3565 2566
3839 3583 2559 3770 3569 2565
4095 3583 2559 4006 3574 2557
0 3839 2559 1184 3782 2555
256 3839 2559 1219 3783 2558
512 3839 2559 1288 3783 2562
768 3839 2559 1404 3783 2568
1024 3839 2559 1565 3780 2578
1280 3839 2559 1742 3777 2590
1536 3839 2559 1940 3772 2604
1792 3839 2559 2140 3770 2617
2048 3839 2559 2340 3768 2630
2303 3839 2559 2524 3775 2627
2559 3839 2559 2706 3785 2608
2815 3839 2559 2882 3801 2566
3071 3839 2559 3099 3807 2558
3327 3839 2559 3328 3810 2559
3583 3839 2559 3559 3813 2568
3839 3839 2559 3790 3816 2567
4095 3839 2559 4021 3818 2560
0 4095 2559 1273 4020 2557
256 4095 2559 1297 4024 2559
512 4095 2559 1344 4029 2560
768 4095 2559 1428 4035 2562
1024 4095 2559 1555 4040 2563
1280 4095 2559 1701 4043 2564
1536 4095 2559 1876 4044 2564
1792 4095 2559 2063 4045 2564
2048 4095 2559 2260 4047 2564
2303 4095 2559 2469 4049 2564
2559 4095 2559 2683 4051 2564
2815 4095 2559 2902 4053 2564
3071 4095 2559 3126 4056 2564
3327 4095 2559 3351 4059 2564
3583 4095 2559 3581 4062 2564
3839 4095 2559 3808 4063 2563
4095 4095 2559 4035 4061 2560
0 0 2815 120 507 2761
256 0 2815 262 501 2766
512 0 2815 448 498 2769
768 0 2815 700 499 2771
1024 0 2815 952 507 2771
1280 0 2815 1202 517 2772
1536 0 2815 1449 530 2772
1792 0 2815 1695 545 2772
2048 0 2815 1940 563 2771
2303 0 2815 2185 583 2771
2559 0 2815 2429 604 2771
2815 0 2815 2674 627 2771
3071 0 2815 2918 652 2771
3327 0 2815 3163 678 2771
3583 0 2815 3407 705 2771
3839 0 2815 3650 735 2770
4095 0 2815 3893 767 2770
0 256 2815 45 574 2768
256 256 2815 264 576 2751
512 256 2815 496 583 2730
768 256 2815 748 594 2705
1024 256 2815 982 604 2708
1280 256 2815 1213 614 2719
1536 256 2815 1451 626 2728
1792 256 2815 1691 640 2737
2048 256 2815 1933 656 2744
2303 256 2815 2176 673 2750
2559 256 2815 2419 692 2754
2815 256 2815 2664 713 2758
3071 256 2815 2908 735 2761
3327 256 2815 3153 758 2763
3583 256 2815 3397 783 2765
3839 256 2815 3645 801 2767
4095 256 2815 3895 814 2770
0 512 2815 15 690 2772
256 512 2815 277 697 2744
512 512 2815 537 707 2707
768 512 2815 792 724 2657
1024 512 2815 1016 738 2644
1280 512 2815 1234 751 2646
1536 512 2815 1458 764 2665
1792 512 2815 1689 778 2683
2048 512 2815 1923 793 2700
2303 512 2815 2162 810 2714
2559 512 2815 2403 827 2726
2815 512 2815 2646 846 2735
3071 512 2815 2890 865 2743
3327 512 2815 3135 886 2749
3583 512 2815 3379 907 2754
3839 512 2815 3635 910 2762
4095 512 2815 3897 901 2771
0 768 2815 53 880 2773
256 768 2815 309 884 2748
512 768 2815 567 891 2705
768 768 2815 828 906 2636
1024 768 2815 1053 927 2580
1280 768 2815 1267 949 2544
1536 768 2815 1471 965 2573
1792 768 2815 1687 981 2602
2048 768 2815 1909 998 2632
2303 768 2815 2142 1014 2657
2559 768 2815 2378 1031 2679
2815 768 2815 2618 1048 2698
3071 768 2815 2861 1066 2714
3327 768 2815 3105 1084 2727
3583 768 2815 3350 1103 2737
3839 768 2815 3617 1086 2753
4095 768 2815 3899 1046 2772
0 1024 2815 185 1100 2774
256 1024 2815 385 1101 2752
512 1024 2815 606 1106 2713
768 1024 2815 860 1115 2647
1024 1024 2815 1085 1133 2585
1280 1024 2815 1298 1152 2540
1536 1024 2815 1496 1168 2557
1792 1024 2815 1702 1187 2577
2048 1024 2815 1914 1206 2597
2303 1024 2815 2136 1227 2620
2559 1024 2815 2363 1247 2643
2815 1024 2815 2595 1267 2666
3071 1024 2815 2833 1286 2686
3327 1024 2815 3073 1305 2705
3583 1024 2815 3316 1323 2720
3839 1024 2815 3597 1294 2744
4095 1024 2815 3903 1233 2773
0 1280 2815 328 1329 2774
256 1280 2815 468 1329 2757
512 1280 2815 649 1331 2724
768 1280 2815 892 1335 2668
1024 1280 2815 1116 1346 2609
1280 1280 2815 1330 1359 2563
1536 1280 2815 1524 1375 2568
1792 1280 2815 1725 1394 2575
2048 1280 2815 1929 1415 2585
2303 1280 2815 2141 1439 2603
2559 1280 2815 2359 1462 2622
2815 1280 2815 2582 1486 2644
3071 1280 2815 2812 1508 2666
3327 1280 2815 3046 1529 2688
3583 1280 2815 3289 1547 2708
3839 1280 2815 3581 1509 2738
4095 1280 2815 3907 1436 2774
0 1536 2815 421 1568 2776
256 1536 2815 539 1567 2762
512 1536 2815 701 1567 2735
768 1536 2815 931 1568 2688
1024 1536 2815 1153 1575 2637
1280 1536 2815 1368 1583 2597
1536 1536 2815 1559 1595 2605
1792 1536 2815 1758 1609 2615
2048 1536 2815 1964 1624 2628
2303 1536 2815 2178 1641 2645
2559 1536 2815 2392 1663 2657
2815 1536 2815 2602 1692 2660
3071 1536 2815 2819 1720 2672
3327 1536 2815 3043 1744 2689
3583 1536 2815 3292 1754 2714
3839 1536 2815 3587 1720 2744
4095 1536 2815 3913 1657 2775
0 1792 2815 512 1809 2778
256 1792 2815 611 1809 2767
512 1792 2815 757 1808 2746
768 1792 2815 974 1807 2709
1024 1792 2815 1194 1809 2666
1280 1792 2815 1409 1813 2631
1536 1792 2815 1599 1823 2635
1792 1792 2815 1796 1833 2651
2048 1792 2815 1995 1844 2676
2303 1792 2815 2215 1855 2696
2559 1792 2815 2435 1869 2709
2815 1792 2815 2653 1890 2708
3071 1792 2815 2855 1924 2704
3327 1792 2815 3061 1956 2704
3583 1792 2815 3305 1966 2728
3839 1792 2815 3596 1938 2752
4095 1792 2815 3920 1885 2777
0 2048 2815 601 2054 2780
256 2048 2815 685 2053 2772
512 2048 2815 816 2051 2756
768 2048 2815 1020 2048 2729
1024 2048 2815 1238 2047 2695
1280 2048 2815 1453 2048 2666
1536 2048 2815 1644 2055 2660
1792 2048 2815 1835 2063 2683
2048 2048 2815 2025 2072 2726
2303 2048 2815 2252 2076 2752
2559 2048 2815 2484 2079 2771
2815 2048 2815 2725 2083 2778
3071 2048 2815 2910 2122 2753
3327 2048 2815 3093 2164 2729
3583 2048 2815 3324 2180 2745
3839 2048 2815 3608 2161 2762
4095 2048 2815 3928 2119 2779
0 2303 2815 685 2299 2782
256 2303 2815 759 2298 2777
512 2303 2815 880 2296 2766
768 2303 2815 1072 2293 2746
1024 2303 2815 1285 2290 2721
1280 2303 2815 1500 2288 2699
1536 2303 2815 1697 2292 2691
1792 2303 2815 1875 2301 2716
2048 2303 2815 2041 2314 2762
2303 2303 2815 2270 2317 2772
2559 2303 2815 2503 2321 2779
2815 2303 2815 2740 2325 2782
3071 2303 2815 2945 2349 2770
3327 2303 2815 3144 2378 2758
3583 2303 2815 3353 2402 2769
3839 2303 2815 3625 2391 2776
4095 2303 2815 3938 2357 2782
0 2559 2815 769 2546 2785
256 2559 2815 834 2545 2782
512 2559 2815 945 2543 2775
768 2559 2815 1125 2539 2762
1024 2559 2815 1334 2535 2746
1280 2559 2815 1548 2531 2731
1536 2559 2815 1750 2532 2723
1792 2559 2815 1924 2540 2743
2048 2559 2815 2079 2554 2782
2303 2559 2815 2297 2560 2784
2559 2559 2815 2523 2565 2786
2815 2559 2815 2757 2569 2786
3071 2559 2815 2978 2582 2782
3327 2559 2815 3191 2599 2780
3583 2559 2815 3383 2627 2792
3839 2559 2815 3644 2623 2792
4095 2559 2815 3949 2598 2785
0 2815 2815 851 2794 2788
256 2815 2815 909 2794 2787
512 2815 2815 1012 2791 2783
768 2815 2815 1181 2787 2777
1024 2815 2815 1385 2781 2769
1280 2815 2815 1596 2776 2761
1536 2815 2815 1804 2774 2757
1792 2815 2815 1987 2780 2763
2048 2815 2815 2152 2791 2775
2303 2815 2815 2338 2803 2784
2559 2815 2815 2544 2812 2789
2815 2815 2815 2776 2815 2789
3071 2815 2815 3008 2821 2788
3327 2815 2815 3231 2831 2792
3583 2815 2815 3416 2858 2816
3839 2815 2815 3666 2858 2811
4095 2815 2815 3960 2841 2788
0 3071 2815 932 3043 2792
256 3071 2815 985 3043 2792
512 3071 2815 1081 3040 2791
768 3071 2815 1240 3036 2789
1024 3071 2815 1438 3030 2787
1280 3071 2815 1646 3024 2786
1536 3071 2815 1857 3019 2788
1792 3071 2815 2048 3021 2793
2048 3071 2815 2227 3028 2800
2303 3071 2815 2382 3046 2795
2559 3071 2815 2567 3059 2793
2815 3071 2815 2797 3062 2792
3071 3071 2815 3030 3066 2792
3327 3071 2815 3258 3073 2797
3583 3071 2815 3460 3090 2820
3839 3071 2815 3704 3092 2815
4095 3071 2815 3974 3085 2792
0 3327 2815 1013 3293 2796
256 3327 2815 1062 3292 2797
512 3327 2815 1151 3290 2798
768 3327 2815 1300 3285 2800
1024 3327 2815 1492 3279 2804
1280 3327 2815 1696 3272 2809
1536 3327 2815 1908 3266 2817
1792 3327 2815 2108 3265 2825
2048 3327 2815 2300 3266 2833
2303 3327 2815 2435 3288 2816
2559 3327 2815 2603 3304 2803
2815 3327 2815 2822 3310 2798
3071 3327 2815 3051 3314 2796
3327 3327 2815 3281 3318 2800
3583 3327 2815 3504 3325 2818
3839 3327 2815 3742 3329 2814
4095 3327 2815 3989 3331 2796
0 3583 2815 1094 3542 2801
256 3583 2815 1139 3542 2802
512 3583 2815 1222 3540 2805
768 3583 2815 1362 3535 2810
1024 3583 2815 1547 3529 2818
1280 3583 2815 1746 3522 2828
1536 3583 2815 1958 3515 2841
1792 3583 2815 2163 3511 2854
2048 3583 2815 2363 3509 2868
2303 3583 2815 2522 3522 2861
2559 3583 2815 2685 3538 2843
2815 3583 2815 2856 3555 2808
3071 3583 2815 3074 3562 2801
3327 3583 2815 3303 3565 2802
3583 3583 2815 3533 3570 2809
3839 3583 2815 3768 3574 2808
4095 3583 2815 4005 3578 2802
0 3839 2815 1183 3782 2801
256 3839 2815 1217 3785 2804
512 3839 2815 1284 3787 2807
768 3839 2815 1401 3788 2813
1024 3839 2815 1563 3785 2819
1280 3839 2815 1741 3781 2826
1536 3839 2815 1939 3777 2836
1792 3839 2815 2139 3774 2846
2048 3839 2815 2340 3773 2855
2303 3839 2815 2523 3779 2854
2559 3839 2815 2704 3790 2841
2815 3839 2815 2881 3805 2812
3071 3839 2815 3098 3810 2806
3327 3839 2815 3327 3813 2806
3583 3839 2815 3558 3817 2807
3839 3839 2815 3789 3820 2807
4095 3839 2815 4020 3822 2805
0 4095 2815 1275 4017 2799
256 4095 2815 1296 4025 2803
512 4095 2815 1341 4033 2806
768 4095 2815 1424 4042 2810
1024 4095 2815 1553 4045 2811
1280 4095 2815 1700 4046 2812
1536 4095 2815 1874 4047 2812
1792 4095 2815 2062 4048 2812
2048 4095 2815 2258 4050 2811
2303 4095 2815 2468 4052 2812
2559 4095 2815 2682 4054 2812
2815 4095 2815 2901 4056 2812
3071 4095 2815 3125 4059 2811
3327 4095 2815 3350 4062 2811
3583 4095 2815 3580 4065 2811
3839 4095 2815 3807 4066 2809
4095 4095 2815 4034 4064 2806
0 0 3071 130 552 3009
256 0 3071 268 547 3014
512 0 3071 449 544 3019
768 0 3071 695 543 3023
1024 0 3071 946 549 3024
1280 0 3071 1198 558 3024
1536 0 3071 1446 571 3024
1792 0 3071 1692 585 3024
2048 0 3071 1938 601 3023
2303 0 3071 2183 619 3024
2559 0 3071 2428 639 3024
2815 0 3071 2672 661 3023
3071 0 3071 2917 685 3023
3327 0 3071 3162 709 3023
3583 0 3071 3406 735 3023
3839 0 3071 3648 766 3022
4095 0 3071 3889 799 3019
0 256 3071 49 613 3018
256 256 3071 261 615 3003
512 256 3071 491 621 2985
768 256 3071 745 631 2961
1024 256 3071 981 640 2963
1280 256 3071 1214 649 2971
1536 256 3071 1452 660 2980
1792 256 3071 1692 674 2987
2048 256 3071 1933 688 2994
2303 256 3071 2176 705 3000
2559 256 3071 2419 723 3004
2815 256 3071 2663 742 3008
3071 256 3071 2908 764 3011
3327 256 3071 3152 785 3014
3583 256 3071 3397 809 3016
3839 256 3071 3643 828 3018
4095 256 3071 3891 844 3021
0 512 3071 6 722 3024
256 512 3071 267 728 2998
512 512 3071 528 738 2963
768 512 3071 791 754 2915
1024 512 3071 1019 767 2899
1280 512 3071 1240 780 2897
1536 512 3071 1464 793 2914
1792 512 3071 1693 806 2930
2048 512 3071 1927 820 2947
2303 512 3071 2165 836 2960
2559 512 3071 2406 852 2972
2815 512 3071 2648 870 2982
3071 512 3071 2892 889 2990
3327 512 3071 3136 909 2997
3583 512 3071 3380 930 3002
3839 512 3071 3634 934 3011
4095 512 3071 3895 926 3022
0 768 3071 21 904 3025
256 768 3071 290 907 3001
512 768 3071 560 915 2960
768 768 3071 829 929 2893
1024 768 3071 1062 951 2833
1280 768 3071 1280 973 2790
1536 768 3071 1484 989 2814
1792 768 3071 1698 1004 2841
2048 768 3071 1918 1019 2871
2303 768 3071 2150 1035 2896
2559 768 3071 2384 1051 2919
2815 768 3071 2623 1068 2939
3071 768 3071 2865 1085 2955
3327 768 3071 3108 1102 2969
3583 768 3071 3352 1120 2980
3839 768 3071 3618 1104 2999
4095 768 3071 3898 1065 3024
0 1024 3071 156 1118 3025
256 1024 3071 368 1120 3005
512 1024 3071 599 1125 2967
768 1024 3071 860 1134 2902
1024 1024 3071 1092 1152 2834
1280 1024 3071 1312 1172 2782
1536 1024 3071 1509 1188 2793
1792 1024 3071 1715 1206 2810
2048 1024 3071 1926 1224 2831
2303 1024 3071 2146 1245 2851
2559 1024 3071 2371 1265 2873
2815 1024 3071 2602 1284 2897
3071 1024 3071 2839 1302 2919
3327 1024 3071 3078 1321 2939
3583 1024 3071 3320 1339 2956
3839 1024 3071 3598 1310 2986
4095 1024 3071 3902 1249 3025
0 1280 3071 308 1343 3026
256 1280 3071 455 1344 3009
512 1280 3071 643 1346 2976
768 1280 3071 891 1351 2920
1024 1280 3071 1122 1362 2855
1280 1280 3071 1342 1376 2800
1536 1280 3071 1538 1392 2797
1792 1280 3071 1738 1411 2801
2048 1280 3071 1941 1431 2811
2303 1280 3071 2152 1456 2825
2559 1280 3071 2368 1479 2842
2815 1280 3071 2590 1502 2866
3071 1280 3071 2819 1523 2890
3327 1280 3071 3052 1543 2913
3583 1280 3071 3293 1560 2936
3839 1280 3071 3583 1523 2975
4095 1280 3071 3906 1449 3026
0 1536 3071 407 1579 3028
256 1536 3071 529 1579 3013
512 1536 3071 695 1580 2985
768 1536 3071 929 1582 2938
1024 1536 3071 1157 1589 2881
1280 1536 3071 1378 1598 2831
1536 1536 3071 1573 1611 2823
1792 1536 3071 1771 1626 2826
2048 1536 3071 1972 1642 2836
2303 1536 3071 2182 1661 2851
2559 1536 3071 2393 1683 2863
2815 1536 3071 2606 1709 2873
3071 1536 3071 2823 1735 2888
3327 1536 3071 3048 1759 2907
3583 1536 3071 3294 1769 2937
3839 1536 3071 3587 1733 2978
4095 1536 3071 3912 1668 3027
0 1792 3071 501 1819 3029
256 1792 3071 603 1819 3018
512 1792 3071 752 1819 2995
768 1792 3071 972 1818 2956
1024 1792 3071 1197 1821 2907
1280 1792 3071 1417 1826 2863
1536 1792 3071 1613 1836 2849
1792 1792 3071 1809 1848 2854
2048 1792 3071 2005 1861 2870
2303 1792 3071 2216 1876 2887
2559 1792 3071 2429 1893 2899
2815 1792 3071 2643 1914 2906
3071 1792 3071 2851 1942 2910
3327 1792 3071 3064 1969 2919
3583 1792 3071 3306 1980 2947
3839 1792 3071 3596 1950 2985
4095 1792 3071 3919 1895 3029
0 2048 3071 592 2062 3031
256 2048 3071 677 2061 3022
512 2048 3071 811 2060 3005
768 2048 3071 1017 2058 2974
1024 2048 3071 1238 2058 2934
1280 2048 3071 1458 2060 2896
1536 2048 3071 1657 2067 2876
1792 2048 3071 1851 2076 2884
2048 2048 3071 2040 2086 2909
2303 2048 3071 2253 2096 2929
2559 2048 3071 2470 2106 2945
2815 2048 3071 2694 2116 2955
3071 2048 3071 2894 2146 2949
3327 2048 3071 3094 2177 2944
3583 2048 3071 3325 2192 2964
3839 2048 3071 3608 2172 2994
4095 2048 3071 3927 2127 3031
0 2303 3071 677 2307 3033
256 2303 3071 752 2306 3027
512 2303 3071 875 2304 3014
768 2303 3071 1069 2302 2990
1024 2303 3071 1285 2299 2959
1280 2303 3071 1503 2299 2928
1536 2303 3071 1706 2302 2909
1792 2303 3071 1893 2311 2918
2048 2303 3071 2069 2322 2946
2303 2303 3071 2282 2330 2957
2559 2303 3071 2500 2339 2967
2815 2303 3071 2722 2348 2976
3071 2303 3071 2934 2367 2979
3327 2303 3071 3143 2389 2980
3583 2303 3071 3353 2413 2988
3839 2303 3071 3625 2400 3006
4095 2303 3071 3937 2364 3033
0 2559 3071 762 2553 3035
256 2559 3071 828 2552 3031
512 2559 3071 940 2550 3022
768 2559 3071 1122 2547 3005
1024 2559 3071 1332 2543 2983
1280 2559 3071 1548 2540 2960
1536 2559 3071 1756 2541 2942
1792 2559 3071 1942 2548 2949
2048 2559 3071 2112 2558 2973
2303 2559 3071 2315 2568 2984
2559 2559 3071 2526 2576 2994
2815 2559 3071 2749 2583 3001
3071 2559 3071 2972 2594 3007
3327 2559 3071 3189 2608 3012
3583 2559 3071 3383 2637 3012
3839 2559 3071 3644 2632 3021
4095 2559 3071 3948 2604 3036
0 2815 3071 845 2800 3038
256 2815 3071 904 2800 3036
512 2815 3071 1007 2798 3030
768 2815 3071 1178 2794 3019
1024 2815 3071 1383 2789 3004
1280 2815 3071 1596 2785 2989
1536 2815 3071 1807 2783 2977
1792 2815 3071 1998 2787 2977
2048 2815 3071 2174 2795 2986
2303 2815 3071 2351 2808 3009
2559 2815 3071 2548 2817 3026
2815 2815 3071 2774 2822 3032
3071 2815 3071 3006 2828 3034
3327 2815 3071 3230 2838 3035
3583 2815 3071 3416 2866 3037
3839 2815 3071 3666 2866 3038
4095 2815 3071 3960 2846 3039
0 3071 3071 927 3049 3042
256 3071 3071 981 3048 3041
512 3071 3071 1077 3046 3038
768 3071 3071 1237 3042 3031
1024 3071 3071 1435 3037 3023
1280 3071 3071 1645 3031 3015
1536 3071 3071 1858 3027 3009
1792 3071 3071 2054 3028 3009
2048 3071 3071 2240 3033 3013
2303 3071 3071 2395 3050 3027
2559 3071 3071 2576 3062 3037
2815 3071 3071 2798 3067 3042
3071 3071 3071 3029 3072 3042
3327 3071 3071 3256 3079 3044
3583 3071 3071 3458 3097 3053
3839 3071 3071 3702 3099 3051
4095 3071 3071 3974 3091 3042
0 3327 3071 1008 3298 3046
256 3327 3071 1058 3297 3046
512 3327 3071 1147 3295 3045
768 3327 3071 1297 3291 3043
1024 3327 3071 1489 3285 3041
1280 3327 3071 1694 3279 3039
1536 3327 3071 1908 3273 3039
1792 3327 3071 2111 3271 3041
2048 3327 3071 2306 3272 3045
2303 3327 3071 2447 3291 3046
2559 3327 3071 2615 3306 3047
2815 3327 3071 2823 3314 3046
3071 3327 3071 3050 3318 3046
3327 3327 3071 3279 3323 3049
3583 3327 3071 3500 3332 3062
3839 3327 3071 3738 3335 3059
4095 3327 3071 3988 3336 3046
0 3583 3071 1090 3547 3050
256 3583 3071 1135 3546 3051
512 3583 3071 1219 3544 3051
768 3583 3071 1360 3540 3053
1024 3583 3071 1545 3534 3055
1280 3583 3071 1744 3528 3059
1536 3583 3071 1958 3521 3064
1792 3583 3071 2165 3517 3072
2048 3583 3071 2367 3515 3080
2303 3583 3071 2528 3527 3081
2559 3583 3071 2692 3541 3074
2815 3583 3071 2856 3560 3054
3071 3583 3071 3072 3566 3050
3327 3583 3071 3302 3570 3051
3583 3583 3071 3531 3575 3054
3839 3583 3071 3766 3579 3054
4095 3583 3071 4005 3582 3051
0 3839 3071 1178 3787 3049
256 3839 3071 1214 3789 3051
512 3839 3071 1282 3791 3053
768 3839 3071 1399 3791 3056
1024 3839 3071 1561 3789 3060
1280 3839 3071 1739 3786 3064
1536 3839 3071 1938 3782 3069
1792 3839 3071 2139 3779 3075
2048 3839 3071 2341 3778 3081
2303 3839 3071 2525 3784 3082
2559 3839 3071 2706 3794 3075
2815 3839 3071 2880 3809 3058
3071 3839 3071 3097 3814 3055
3327 3839 3071 3326 3818 3055
3583 3839 3071 3557 3821 3054
3839 3839 3071 3788 3824 3054
4095 3839 3071 4021 3827 3054
0 4095 3071 1271 4023 3046
256 4095 3071 1293 4028 3049
512 4095 3071 1339 4035 3052
768 4095 3071 1422 4043 3056
1024 4095 3071 1550 4047 3059
1280 4095 3071 1697 4050 3060
1536 4095 3071 1872 4051 3060
1792 4095 3071 2060 4052 3060
2048 4095 3071 2256 4054 3060
2303 4095 3071 2466 4056 3060
2559 4095 3071 2680 4058 3060
2815 4095 3071 2899 4060 3060
3071 4095 3071 3123 4063 3060
3327 4095 3071 3349 4066 3060
3583 4095 3071 3579 4069 3060
3839 4095 3071 3808 4071 3058
4095 4095 3071 4036 4071 3056
0 0 3327 140 598 3257
256 0 3327 273 593 3262
512 0 3327 449 589 3268
768 0 3327 689 587 3274
1024 0 3327 941 592 3276
1280 0 3327 1194 601 3276
1536 0 3327 1442 612 3276
1792 0 3327 1690 625 3276
2048 0 3327 1936 639 3276
2303 0 3327 2181 657 3276
2559 0 3327 2426 675 3276
2815 0 3327 2671 696 3276
3071 0 3327 2916 718 3275
3327 0 3327 3160 741 3275
3583 0 3327 3405 766 3275
3839 0 3327 3645 798 3272
4095 0 3327 3883 835 3267
0 256 3327 53 652 3269
256 256 3327 258 654 3255
512 256 3327 484 659 3239
768 256 3327 741 668 3217
1024 256 3327 979 676 3218
1280 256 3327 1214 685 3224
1536 256 3327 1452 695 3232
1792 256 3327 1692 708 3239
2048 256 3327 1934 721 3245
2303 256 3327 2176 737 3250
2559 256 3327 2419 754 3255
2815 256 3327 2663 773 3259
3071 256 3327 2907 793 3262
3327 256 3327 3152 814 3264
3583 256 3327 3396 837 3266
3839 256 3327 3642 856 3268
4095 256 3327 3887 874 3270
0 512 3327 0 754 3276
256 512 3327 257 760 3252
512 512 3327 519 769 3219
768 512 3327 789 784 3174
1024 512 3327 1021 797 3157
1280 512 3327 1244 809 3152
1536 512 3327 1468 821 3165
1792 512 3327 1698 834 3180
2048 512 3327 1931 847 3195
2303 512 3327 2168 863 3207
2559 512 3327 2408 879 3219
2815 512 3327 2650 896 3229
3071 512 3327 2893 914 3237
3327 512 3327 3136 933 3244
3583 512 3327 3381 953 3250
3839 512 3327 3634 958 3260
4095 512 3327 3892 952 3273
0 768 3327 0 928 3277
256 768 3327 275 932 3255
512 768 3327 551 940 3215
768 768 3327 829 954 3151
1024 768 3327 1066 974 3093
1280 768 3327 1289 995 3051
1536 768 3327 1494 1010 3067
1792 768 3327 1708 1025 3089
2048 768 3327 1928 1040 3115
2303 768 3327 2157 1056 3138
2559 768 3327 2391 1072 3160
2815 768 3327 2628 1088 3180
3071 768 3327 2869 1104 3196
3327 768 3327 3111 1121 3211
3583 768 3327 3354 1139 3223
3839 768 3327 3619 1124 3246
4095 768 3327 3897 1086 3276
0 1024 3327 132 1137 3277
256 1024 3327 352 1139 3258
512 1024 3327 591 1145 3221
768 1024 3327 859 1155 3158
1024 1024 3327 1097 1172 3091
1280 1024 3327 1320 1190 3039
1536 1024 3327 1520 1206 3047
1792 1024 3327 1726 1222 3060
2048 1024 3327 1938 1240 3076
2303 1024 3327 2158 1260 3092
2559 1024 3327 2382 1280 3111
2815 1024 3327 2611 1299 3134
3071 1024 3327 2846 1318 3155
3327 1024 3327 3083 1336 3175
3583 1024 3327 3324 1355 3192
3839 1024 3327 3600 1326 3228
4095 1024 3327 3901 1266 3277
0 1280 3327 285 1358 3278
256 1280 3327 441 1359 3261
512 1280 3327 635 1362 3229
768 1280 3327 889 1367 3173
1024 1280 3327 1125 1379 3108
1280 1280 3327 1349 1393 3053
1536 1280 3327 1547 1407 3049
1792 1280 3327 1749 1424 3051
2048 1280 3327 1955 1444 3056
2303 1280 3327 2165 1468 3063
2559 1280 3327 2380 1492 3076
2815 1280 3327 2602 1514 3098
3071 1280 3327 2829 1535 3120
3327 1280 3327 3061 1556 3143
3583 1280 3327 3299 1574 3165
3839 1280 3327 3586 1537 3213
4095 1280 3327 3905 1463 3277
0 1536 3327 392 1592 3279
256 1536 3327 518 1592 3265
512 1536 3327 689 1593 3237
768 1536 3327 927 1596 3189
1024 1536 3327 1159 1603 3130
1280 1536 3327 1383 1612 3078
1536 1536 3327 1581 1625 3065
1792 1536 3327 1781 1639 3063
2048 1536 3327 1983 1656 3069
2303 1536 3327 2190 1676 3076
2559 1536 3327 2401 1698 3085
2815 1536 3327 2615 1722 3098
3071 1536 3327 2833 1747 3113
3327 1536 3327 3057 1770 3132
3583 1536 3327 3298 1782 3162
3839 1536 3327 3588 1747 3213
4095 1536 3327 3911 1680 3279
0 1792 3327 490 1830 3281
256 1792 3327 594 1830 3269
512 1792 3327 745 1830 3245
768 1792 3327 969 1830 3204
1024 1792 3327 1197 1834 3152
1280 1792 3327 1421 1840 3105
1536 1792 3327 1621 1849 3084
1792 1792 3327 1819 1861 3080
2048 1792 3327 2016 1875 3085
2303 1792 3327 2221 1893 3093
2559 1792 3327 2428 1912 3101
2815 1792 3327 2638 1934 3111
3071 1792 3327 2852 1958 3124
3327 1792 3327 3072 1980 3141
3583 1792 3327 3309 1992 3170
3839 1792 3327 3597 1963 3218
4095 1792 3327 3918 1905 3280
0 2048 3327 583 2071 3282
256 2048 3327 669 2071 3273
512 2048 3327 805 2070 3254
768 2048 3327 1014 2069 3220
1024 2048 3327 1238 2069 3175
1280 2048 3327 1461 2072 3132
1536 2048 3327 1664 2078 3105
1792 2048 3327 1861 2088 3098
2048 2048 3327 2053 2100 3104
2303 2048 3327 2255 2115 3113
2559 2048 3327 2459 2131 3122
2815 2048 3327 2668 2149 3133
3071 2048 3327 2881 2169 3147
3327 2048 3327 3099 2188 3163
3583 2048 3327 3327 2204 3184
3839 2048 3327 3609 2183 3226
4095 2048 3327 3926 2135 3282
0 2303 3327 669 2315 3284
256 2303 3327 745 2314 3277
512 2303 3327 869 2313 3262
768 2303 3327 1065 2311 3235
1024 2303 3327 1284 2310 3199
1280 2303 3327 1504 2309 3162
1536 2303 3327 1711 2313 3136
1792 2303 3327 1908 2321 3128
2048 2303 3327 2097 2330 3133
2303 2303 3327 2295 2343 3143
2559 2303 3327 2498 2357 3154
2815 2303 3327 2706 2372 3168
3071 2303 3327 2924 2385 3185
3327 2303 3327 3143 2401 3201
3583 2303 3327 3354 2424 3206
3839 2303 3327 3625 2410 3237
4095 2303 3327 3936 2372 3284
0 2559 3327 755 2560 3286
256 2559 3327 822 2559 3281
512 2559 3327 935 2558 3270
768 2559 3327 1118 2555 3250
1024 2559 3327 1331 2552 3221
1280 2559 3327 1549 2550 3192
1536 2559 3327 1759 2551 3167
1792 2559 3327 1956 2556 3160
2048 2559 3327 2143 2564 3163
2303 2559 3327 2333 2576 3180
2559 2559 3327 2532 2587 3196
2815 2559 3327 2742 2598 3210
3071 2559 3327 2965 2607 3226
3327 2559 3327 3185 2620 3237
3583 2559 3327 3383 2647 3230
3839 2559 3327 3644 2641 3250
4095 2559 3327 3947 2611 3287
0 2815 3327 839 2806 3289
256 2815 3327 898 2806 3285
512 2815 3327 1003 2805 3278
768 2815 3327 1174 2801 3263
1024 2815 3327 1380 2797 3242
1280 2815 3327 1595 2793 3220
1536 2815 3327 1809 2792 3200
1792 2815 3327 2006 2795 3193
2048 2815 3327 2192 2801 3195
2303 2815 3327 2366 2813 3227
2559 2815 3327 2557 2824 3251
2815 2815 3327 2775 2830 3263
3071 2815 3327 3003 2837 3268
3327 2815 3327 3226 2847 3269
3583 2815 3327 3416 2875 3256
3839 2815 3327 3667 2874 3265
4095 2815 3327 3959 2853 3289
0 3071 3327 922 3054 3292
256 3071 3327 976 3054 3290
512 3071 3327 1072 3052 3285
768 3071 3327 1233 3049 3275
1024 3071 3327 1433 3044 3261
1280 3071 3327 1643 3039 3246
1536 3071 3327 1858 3035 3232
1792 3071 3327 2060 3036 3226
2048 3071 3327 2252 3039 3226
2303 3071 3327 2412 3054 3251
2559 3071 3327 2592 3065 3270
2815 3071 3327 2803 3072 3279
3071 3071 3327 3029 3078 3282
3327 3071 3327 3254 3086 3282
3583 3071 3327 3456 3105 3279
3839 3071 3327 3701 3107 3284
4095 3071 3327 3973 3096 3292
0 3327 3327 1004 3303 3296
256 3327 3327 1053 3302 3295
512 3327 3327 1143 3300 3292
768 3327 3327 1294 3297 3286
1024 3327 3327 1487 3291 3278
1280 3327 3327 1692 3286 3270
1536 3327 3327 1908 3280 3262
1792 3327 3327 2113 3279 3258
2048 3327 3327 2313 3279 3257
2303 3327 3327 2466 3294 3272
2559 3327 3327 2636 3307 3282
2815 3327 3327 2830 3317 3287
3071 3327 3327 3052 3323 3289
3327 3327 3327 3278 3329 3291
3583 3327 3327 3497 3338 3298
3839 3327 3327 3736 3342 3299
4095 3327 3327 3987 3341 3296
0 3583 3327 1085 3552 3299
256 3583 3327 1131 3551 3299
512 3583 3327 1215 3549 3298
768 3583 3327 1356 3545 3296
1024 3583 3327 1542 3540 3293
1280 3583 3327 1743 3534 3290
1536 3583 3327 1957 3528 3289
1792 3583 3327 2166 3524 3290
2048 3583 3327 2370 3522 3292
2303 3583 3327 2538 3531 3300
2559 3583 3327 2702 3545 3302
2815 3583 3327 2858 3564 3298
3071 3583 3327 3072 3571 3298
3327 3583 3327 3301 3575 3298
3583 3583 3327 3529 3580 3300
3839 3583 3327 3764 3584 3301
4095 3583 3327 4004 3587 3300
0 3839 3327 1173 3794 3299
256 3839 3327 1209 3795 3299
512 3839 3327 1278 3795 3300
768 3839 3327 1396 3795 3301
1024 3839 3327 1558 3793 3302
1280 3839 3327 1737 3791 3302
1536 3839 3327 1937 3787 3303
1792 3839 3327 2138 3785 3305
2048 3839 3327 2341 3783 3307
2303 3839 3327 2529 3789 3310
2559 3839 3327 2710 3798 3310
2815 3839 3327 2880 3813 3305
3071 3839 3327 3096 3819 3304
3327 3839 3327 3324 3822 3304
3583 3839 3327 3556 3825 3304
3839 3839 3327 3788 3829 3304
4095 3839 3327 4021 3833 3303
0 4095 3327 1263 4032 3296
256 4095 3327 1288 4034 3297
512 4095 3327 1336 4038 3299
768 4095 3327 1420 4044 3303
1024 4095 3327 1548 4049 3306
1280 4095 3327 1694 4054 3308
1536 4095 3327 1869 4055 3308
1792 4095 3327 2058 4056 3308
2048 4095 3327 2255 4058 3308
2303 4095 3327 2464 4060 3308
2559 4095 3327 2679 4062 3308
2815 4095 3327 2898 4064 3308
3071 4095 3327 3122 4067 3308
3327 4095 3327 3349 4070 3308
3583 4095 3327 3578 4073 3309
3839 4095 3327 3808 4076 3308
4095 4095 3327 4039 4079 3306
0 0 3583 151 643 3503
256 0 3583 279 639 3509
512 0 3583 450 635 3517
768 0 3583 683 631 3526
1024 0 3583 935 636 3528
1280 0 3583 1189 643 3528
1536 0 3583 1439 654 3528
1792 0 3583 1687 666 3528
2048 0 3583 1934 679 3528
2303 0 3583 2179 695 3528
2559 0 3583 2424 713 3528
2815 0 3583 2669 732 3528
3071 0 3583 2914 753 3528
3327 0 3583 3159 775 3527
3583 0 3583 3403 798 3527
3839 0 3583 3642 833 3522
4095 0 3583 3875 874 3512
0 256 3583 57 692 3519
256 256 3583 254 694 3507
512 256 3583 476 699 3492
768 256 3583 735 706 3474
1024 256 3583 976 713 3473
1280 256 3583 1213 722 3477
1536 256 3583 1451 732 3484
1792 256 3583 1692 743 3490
2048 256 3583 1933 756 3496
2303 256 3583 2175 771 3501
2559 256 3583 2419 787 3506
2815 256 3583 2663 805 3509
3071 256 3583 2907 824 3512
3327 256 3583 3151 844 3515
3583 256 3583 3396 866 3517
3839 256 3583 3640 887 3518
4095 256 3583 3883 907 3519
0 512 3583 0 788 3528
256 512 3583 247 794 3506
512 512 3583 506 802 3476
768 512 3583 783 816 3434
1024 512 3583 1017 827 3421
1280 512 3583 1242 838 3419
1536 512 3583 1469 849 3429
1792 512 3583 1700 861 3439
2048 512 3583 1934 875 3448
2303 512 3583 2171 891 3458
2559 512 3583 2410 907 3467
2815 512 3583 2651 923 3477
3071 512 3583 2894 941 3485
3327 512 3583 3137 959 3493
3583 512 3583 3381 979 3499
3839 512 3583 3633 984 3510
4095 512 3583 3890 978 3524
0 768 3583 0 955 3529
256 768 3583 266 958 3508
512 768 3583 540 966 3471
768 768 3583 826 980 3409
1024 768 3583 1060 995 3374
1280 768 3583 1280 1010 3352
1536 768 3583 1494 1024 3358
1792 768 3583 1714 1040 3366
2048 768 3583 1937 1057 3375
2303 768 3583 2165 1076 3389
2559 768 3583 2397 1093 3404
2815 768 3583 2633 1109 3423
3071 768 3583 2873 1126 3440
3327 768 3583 3114 1142 3455
3583 768 3583 3357 1160 3467
3839 768 3583 3620 1145 3493
4095 768 3583 3895 1108 3527
0 1024 3583 117 1158 3529
256 1024 3583 339 1161 3511
512 1024 3583 582 1166 3475
768 1024 3583 857 1176 3414
1024 1024 3583 1089 1189 3372
1280 1024 3583 1308 1203 3342
1536 1024 3583 1517 1216 3345
1792 1024 3583 1731 1231 3349
2048 1024 3583 1949 1248 3355
2303 1024 3583 2172 1268 3364
2559 1024 3583 2397 1288 3375
2815 1024 3583 2626 1308 3389
3071 1024 3583 2858 1329 3403
3327 1024 3583 3092 1350 3416
3583 1024 3583 3330 1371 3431
3839 1024 3583 3603 1344 3471
4095 1024 3583 3899 1285 3528
0 1280 3583 258 1375 3530
256 1280 3583 423 1376 3514
512 1280 3583 627 1379 3482
768 1280 3583 886 1385 3427
1024 1280 3583 1117 1395 3382
1280 1280 3583 1336 1405 3348
1536 1280 3583 1541 1417 3347
1792 1280 3583 1752 1430 3349
2048 1280 3583 1966 1446 3351
2303 1280 3583 2183 1466 3354
2559 1280 3583 2404 1487 3359
2815 1280 3583 2626 1510 3367
3071 1280 3583 2850 1536 3375
3327 1280 3583 3076 1563 3385
3583 1280 3583 3308 1587 3400
3839 1280 3583 3589 1552 3452
4095 1280 3583 3904 1478 3529
0 1536 3583 373 1606 3531
256 1536 3583 504 1607 3517
512 1536 3583 680 1608 3489
768 1536 3583 924 1611 3441
1024 1536 3583 1152 1618 3395
1280 1536 3583 1372 1626 3358
1536 1536 3583 1573 1635 3355
1792 1536 3583 1780 1647 3355
2048 1536 3583 1990 1660 3358
2303 1536 3583 2205 1677 3361
2559 1536 3583 2422 1696 3365
2815 1536 3583 2641 1717 3370
3071 1536 3583 2861 1742 3376
3327 1536 3583 3083 1767 3384
3583 1536 3583 3310 1791 3397
3839 1536 3583 3592 1760 3450
4095 1536 3583 3910 1693 3530
0 1792 3583 476 1842 3532
256 1792 3583 583 1842 3520
512 1792 3583 738 1842 3496
768 1792 3583 965 1844 3455
1024 1792 3583 1192 1847 3409
1280 1792 3583 1413 1853 3370
1536 1792 3583 1611 1861 3364
1792 1792 3583 1813 1871 3363
2048 1792 3583 2019 1882 3366
2303 1792 3583 2231 1897 3369
2559 1792 3583 2445 1913 3373
2815 1792 3583 2661 1932 3378
3071 1792 3583 2878 1954 3384
3327 1792 3583 3097 1977 3391
3583 1792 3583 3321 2001 3402
3839 1792 3583 3600 1975 3453
4095 1792 3583 3917 1916 3532
0 2048 3583 571 2081 3534
256 2048 3583 660 2081 3524
512 2048 3583 799 2081 3504
768 2048 3583 1010 2080 3469
1024 2048 3583 1236 2081 3423
1280 2048 3583 1458 2084 3383
1536 2048 3583 1652 2091 3374
1792 2048 3583 1851 2099 3373
2048 2048 3583 2052 2109 3376
2303 2048 3583 2260 2121 3379
2559 2048 3583 2471 2136 3384
2815 2048 3583 2685 2152 3389
3071 2048 3583 2900 2171 3395
3327 2048 3583 3117 2191 3402
3583 2048 3583 3336 2214 3411
3839 2048 3583 3612 2194 3459
4095 2048 3583 3925 2145 3533
0 2303 3583 659 2324 3536
256 2303 3583 737 2323 3528
512 2303 3583 863 2322 3512
768 2303 3583 1061 2321 3483
1024 2303 3583 1281 2320 3443
1280 2303 3583 1502 2321 3406
1536 2303 3583 1701 2325 3391
1792 2303 3583 1898 2332 3387
2048 2303 3583 2094 2341 3390
2303 2303 3583 2298 2352 3394
2559 2303 3583 2505 2364 3399
2815 2303 3583 2716 2379 3405
3071 2303 3583 2931 2395 3413
3327 2303 3583 3145 2413 3421
3583 2303 3583 3358 2435 3426
3839 2303 3583 3628 2421 3468
4095 2303 3583 3935 2381 3535
0 2559 3583 746 2568 3538
256 2559 3583 814 2568 3532
512 2559 3583 929 2566 3519
768 2559 3583 1114 2564 3496
1024 2559 3583 1329 2562 3463
1280 2559 3583 1547 2561 3430
1536 2559 3583 1752 2563 3410
1792 2559 3583 1949 2568 3403
2048 2559 3583 2140 2575 3405
2303 2559 3583 2338 2585 3412
2559 2559 3583 2541 2596 3419
2815 2559 3583 2750 2608 3425
3071 2559 3583 2963 2622 3433
3327 2559 3583 3176 2638 3440
3583 2559 3583 3383 2660 3443
3839 2559 3583 3646 2650 3479
4095 2559 3583 3946 2619 3538
0 2815 3583 832 2813 3539
256 2815 3583 892 2813 3536
512 2815 3583 997 2812 3526
768 2815 3583 1170 2809 3508
1024 2815 3583 1378 2806 3483
1280 2815 3583 1594 2803 3456
1536 2815 3583 1808 2802 3431
1792 2815 3583 2006 2805 3422
2048 2815 3583 2192 2812 3423
2303 2815 3583 2382 2821 3435
2559 2815 3583 2579 2831 3444
2815 2815 3583 2787 2841 3451
3071 2815 3583 2999 2853 3456
3327 2815 3583 3210 2867 3461
3583 2815 3583 3413 2888 3464
3839 2815 3583 3668 2883 3493
4095 2815 3583 3958 2860 3540
0 3071 3583 916 3061 3542
256 3071 3583 970 3060 3540
512 3071 3583 1067 3059 3533
768 3071 3583 1229 3056 3520
1024 3071 3583 1430 3052 3501
1280 3071 3583 1642 3047 3480
1536 3071 3583 1858 3045 3459
1792 3071 3583 2061 3045 3449
2048 3071 3583 2255 3049 3445
2303 3071 3583 2436 3059 3456
2559 3071 3583 2626 3068 3465
2815 3071 3583 2828 3078 3472
3071 3071 3583 3036 3089 3479
3327 3071 3583 3247 3100 3486
3583 3071 3583 3456 3115 3495
3839 3071 3583 3702 3114 3515
4095 3071 3583 3972 3103 3543
0 3327 3583 999 3308 3545
256 3327 3583 1048 3308 3544
512 3327 3583 1138 3306 3539
768 3327 3583 1290 3303 3531
1024 3327 3583 1483 3298 3518
1280 3327 3583 1690 3293 3504
1536 3327 3583 1907 3289 3489
1792 3327 3583 2116 3287 3479
2048 3327 3583 2319 3287 3471
2303 3327 3583 2494 3297 3479
2559 3327 3583 2674 3307 3487
2815 3327 3583 2862 3318 3495
3071 3327 3583 3068 3327 3503
3327 3327 3583 3281 3336 3512
3583 3327 3583 3499 3345 3525
3839 3327 3583 3736 3348 3536
4095 3327 3583 3986 3347 3546
0 3583 3583 1080 3557 3549
256 3583 3583 1126 3557 3548
512 3583 3583 1211 3555 3546
768 3583 3583 1353 3551 3540
1024 3583 3583 1539 3546 3533
1280 3583 3583 1741 3541 3525
1536 3583 3583 1956 3535 3516
1792 3583 3583 2167 3532 3511
2048 3583 3583 2374 3530 3507
2303 3583 3583 2552 3536 3512
2559 3583 3583 2719 3548 3520
2815 3583 3583 2867 3568 3533
3071 3583 3583 3076 3576 3537
3327 3583 3583 3301 3581 3540
3583 3583 3583 3529 3586 3544
3839 3583 3583 3764 3589 3547
4095 3583 3583 4003 3592 3550
0 3839 3583 1165 3803 3551
256 3839 3583 1202 3803 3551
512 3839 3583 1273 3802 3550
768 3839 3583 1392 3801 3548
1024 3839 3583 1555 3799 3545
1280 3839 3583 1734 3797 3542
1536 3839 3583 1935 3793 3539
1792 3839 3583 2138 3791 3536
2048 3839 3583 2342 3790 3535
2303 3839 3583 2534 3794 3537
2559 3839 3583 2715 3803 3543
2815 3839 3583 2879 3818 3552
3071 3839 3583 3095 3824 3554
3327 3839 3583 3323 3827 3553
3583 3839 3583 3554 3830 3553
3839 3839 3583 3787 3834 3553
4095 3839 3583 4021 3838 3553
0 4095 3583 1251 4046 3551
256 4095 3583 1277 4048 3551
512 4095 3583 1327 4049 3553
768 4095 3583 1414 4052 3554
1024 4095 3583 1543 4056 3556
1280 4095 3583 1690 4058 3558
1536 4095 3583 1867 4059 3558
1792 4095 3583 2056 4061 3558
2048 4095 3583 2253 4062 3558
2303 4095 3583 2463 4064 3558
2559 4095 3583 2677 4066 3558
2815 4095 3583 2897 4069 3558
3071 4095 3583 3121 4071 3558
3327 4095 3583 3347 4074 3558
3583 4095 3583 3576 4078 3557
3839 4095 3583 3807 4081 3557
4095 4095 3583 4039 4084 3556
0 0 3839 190 690 3747
256 0 3839 305 687 3754
512 0 3839 466 684 3761
768 0 3839 695 681 3768
1024 0 3839 943 686 3770
1280 0 3839 1194 693 3770
1536 0 3839 1442 703 3770
1792 0 3839 1688 714 3771
2048 0 3839 1933 725 3773
2303 0 3839 2177 741 3773
2559 0 3839 2421 758 3772
2815 0 3839 2665 777 3772
3071 0 3839 2909 798 3771
3327 0 3839 3153 819 3771
3583 0 3839 3397 842 3771
3839 0 3839 3634 875 3765
4095 0 3839 3868 915 3755
0 256 3839 71 736 3762
256 256 3839 246 736 3758
512 256 3839 455 738 3752
768 256 3839 714 742 3744
1024 256 3839 961 749 3743
1280 256 3839 1204 756 3745
1536 256 3839 1447 765 3749
1792 256 3839 1689 776 3753
2048 256 3839 1932 788 3757
2303 256 3839 2175 802 3760
2559 256 3839 2419 817 3763
2815 256 3839 2663 834 3765
3071 256 3839 2907 853 3766
3327 256 3839 3151 873 3768
3583 256 3839 3396 893 3770
3839 256 3839 3637 918 3768
4095 256 3839 3876 944 3763
0 512 3839 20 828 3770
256 512 3839 229 829 3761
512 512 3839 464 834 3746
768 512 3839 739 842 3723
1024 512 3839 984 850 3717
1280 512 3839 1221 858 3716
1536 512 3839 1457 867 3721
1792 512 3839 1695 879 3726
2048 512 3839 1934 891 3730
2303 512 3839 2174 905 3736
2559 512 3839 2416 920 3741
2815 512 3839 2658 935 3747
3071 512 3839 2901 953 3752
3327 512 3839 3145 970 3756
3583 512 3839 3389 989 3760
3839 512 3839 3636 1002 3765
4095 512 3839 3883 1013 3769
0 768 3839 70 986 3771
256 768 3839 273 987 3762
512 768 3839 504 991 3742
768 768 3839 775 1000 3707
1024 768 3839 1015 1009 3691
1280 768 3839 1246 1018 3682
1536 768 3839 1475 1029 3684
1792 768 3839 1707 1042 3685
2048 768 3839 1939 1057 3687
2303 768 3839 2173 1073 3693
2559 768 3839 2410 1088 3701
2815 768 3839 2649 1102 3712
3071 768 3839 2890 1118 3723
3327 768 3839 3132 1133 3732
3583 768 3839 3376 1150 3740
3839 768 3839 3628 1150 3754
4095 768 3839 3887 1138 3771
0 1024 3839 141 1183 3776
256 1024 3839 325 1184 3767
512 1024 3839 541 1187 3746
768 1024 3839 804 1193 3710
1024 1024 3839 1040 1201 3690
1280 1024 3839 1269 1210 3677
1536 1024 3839 1494 1219 3678
1792 1024 3839 1721 1231 3678
2048 1024 3839 1951 1244 3679
2303 1024 3839 2182 1259 3683
2559 1024 3839 2415 1275 3688
2815 1024 3839 2649 1292 3695
3071 1024 3839 2885 1310 3701
3327 1024 3839 3122 1328 3708
3583 1024 3839 3361 1347 3716
3839 1024 3839 3620 1337 3739
4095 1024 3839 3891 1310 3772
0 1280 3839 229 1393 3781
256 1280 3839 388 1394 3771
512 1280 3839 583 1396 3752
768 1280 3839 834 1400 3718
1024 1280 3839 1066 1407 3695
1280 1280 3839 1292 1414 3679
1536 1280 3839 1513 1422 3680
1792 1280 3839 1738 1431 3680
2048 1280 3839 1965 1442 3681
2303 1280 3839 2193 1456 3682
2559 1280 3839 2423 1472 3683
2815 1280 3839 2654 1489 3684
3071 1280 3839 2884 1510 3686
3327 1280 3839 3116 1532 3689
3583 1280 3839 3350 1552 3696
3839 1280 3839 3613 1537 3727
4095 1280 3839 3896 1498 3774
0 1536 3839 367 1621 3779
256 1536 3839 483 1622 3772
512 1536 3839 644 1623 3756
768 1536 3839 874 1625 3727
1024 1536 3839 1100 1630 3701
1280 1536 3839 1324 1636 3682
1536 1536 3839 1540 1642 3682
1792 1536 3839 1760 1650 3683
2048 1536 3839 1984 1660 3684
2303 1536 3839 2210 1672 3685
2559 1536 3839 2438 1685 3686
2815 1536 3839 2667 1700 3687
3071 1536 3839 2896 1719 3689
3327 1536 3839 3125 1738 3691
3583 1536 3839 3355 1759 3695
3839 1536 3839 3619 1746 3727
4095 1536 3839 3905 1709 3778
0 1792 3839 482 1855 3778
256 1792 3839 569 1855 3773
512 1792 3839 707 1855 3760
768 1792 3839 918 1857 3735
1024 1792 3839 1139 1860 3708
1280 1792 3839 1361 1864 3686
1536 1792 3839 1571 1870 3686
1792 1792 3839 1787 1877 3687
2048 1792 3839 2007 1885 3688
2303 1792 3839 2231 1895 3689
2559 1792 3839 2456 1907 3690
2815 1792 3839 2683 1920 3691
3071 1792 3839 2910 1936 3693
3327 1792 3839 3137 1953 3695
3583 1792 3839 3364 1973 3698
3839 1792 3839 3627 1962 3729
4095 1792 3839 3913 1929 3780
0 2048 3839 580 2091 3778
256 2048 3839 651 2092 3775
512 2048 3839 771 2092 3765
768 2048 3839 965 2092 3744
1024 2048 3839 1182 2094 3716
1280 2048 3839 1401 2097 3691
1536 2048 3839 1606 2101 3690
1792 2048 3839 1818 2107 3691
2048 2048 3839 2033 2114 3692
2303 2048 3839 2254 2123 3693
2559 2048 3839 2476 2133 3694
2815 2048 3839 2701 2145 3696
3071 2048 3839 2926 2159 3698
3327 2048 3839 3152 2174 3700
3583 2048 3839 3377 2192 3703
3839 2048 3839 3637 2183 3733
4095 2048 3839 3920 2156 3781
0 2303 3839 666 2332 3779
256 2303 3839 729 2332 3778
512 2303 3839 838 2333 3770
768 2303 3839 1018 2332 3753
1024 2303 3839 1228 2333 3728
1280 2303 3839 1443 2334 3705
1536 2303 3839 1648 2338 3698
1792 2303 3839 1857 2343 3696
2048 2303 3839 2067 2349 3697
2303 2303 3839 2284 2357 3699
2559 2303 3839 2503 2366 3700
2815 2303 3839 2725 2377 3702
3071 2303 3839 2947 2389 3705
3327 2303 3839 3171 2403 3707
3583 2303 3839 3394 2420 3711
3839 2303 3839 3651 2412 3738
4095 2303 3839 3929 2389 3782
0 2559 3839 753 2574 3781
256 2559 3839 807 2575 3780
512 2559 3839 907 2575 3775
768 2559 3839 1073 2575 3762
1024 2559 3839 1275 2574 3740
1280 2559 3839 1486 2574 3719
1536 2559 3839 1694 2577 3707
1792 2559 3839 1900 2581 3703
2048 2559 3839 2105 2586 3704
2303 2559 3839 2318 2593 3706
2559 2559 3839 2533 2601 3708
2815 2559 3839 2751 2611 3710
3071 2559 3839 2971 2622 3713
3327 2559 3839 3192 2635 3716
3583 2559 3839 3414 2649 3720
3839 2559 3839 3667 2644 3746
4095 2559 3839 3941 2626 3785
0 2815 3839 838 2818 3782
256 2815 3839 886 2819 3783
512 2815 3839 977 2820 3779
768 2815 3839 1131 2819 3770
1024 2815 3839 1325 2818 3753
1280 2815 3839 1531 2817 3735
1536 2815 3839 1743 2817 3718
1792 2815 3839 1948 2820 3712
2048 2815 3839 2149 2825 3713
2303 2815 3839 2357 2831 3715
2559 2815 3839 2568 2839 3717
2815 2815 3839 2783 2847 3720
3071 2815 3839 2999 2858 3723
3327 2815 3839 3217 2869 3727
3583 2815 3839 3437 2882 3733
3839 2815 3839 3686 2879 3755
4095 2815 3839 3955 2866 3790
0 3071 3839 921 3063 3785
256 3071 3839 965 3065 3786
512 3071 3839 1049 3066 3784
768 3071 3839 1192 3065 3778
1024 3071 3839 1378 3063 3765
1280 3071 3839 1578 3061 3751
1536 3071 3839 1790 3060 3736
1792 3071 3839 1997 3062 3729
2048 3071 3839 2200 3065 3725
2303 3071 3839 2403 3071 3728
2559 3071 3839 2609 3077 3731
2815 3071 3839 2819 3085 3735
3071 3071 3839 3033 3095 3740
3327 3071 3839 3249 3104 3746
3583 3071 3839 3470 3115 3755
3839 3071 3839 3712 3115 3771
4095 3071 3839 3969 3108 3792
0 3327 3839 1003 3309 3788
256 3327 3839 1043 3311 3790
512 3327 3839 1121 3312 3789
768 3327 3839 1254 3312 3785
1024 3327 3839 1433 3310 3777
1280 3327 3839 1627 3307 3766
1536 3327 3839 1836 3305 3756
1792 3327 3839 2044 3305 3747
2048 3327 3839 2252 3305 3741
2303 3327 3839 2450 3311 3744
2559 3327 3839 2650 3317 3748
2815 3327 3839 2851 3326 3755
3071 3327 3839 3063 3334 3761
3327 3327 3839 3280 3342 3768
3583 3327 3839 3504 3349 3778
3839 3327 3839 3740 3352 3787
4095 3327 3839 3983 3351 3794
0 3583 3839 1084 3557 3791
256 3583 3839 1121 3559 3794
512 3583 3839 1194 3560 3794
768 3583 3839 1319 3560 3793
1024 3583 3839 1490 3557 3787
1280 3583 3839 1678 3554 3781
1536 3583 3839 1883 3551 3774
1792 3583 3839 2091 3550 3768
2048 3583 3839 2299 3549 3764
2303 3583 3839 2495 3554 3767
2559 3583 3839 2683 3562 3774
2815 3583 3839 2858 3575 3786
3071 3583 3839 3073 3581 3790
3327 3583 3839 3299 3586 3792
3583 3583 3839 3530 3591 3795
3839 3583 3839 3764 3594 3797
4095 3583 3839 4001 3597 3799
0 3839 3839 1168 3801 3792
256 3839 3839 1200 3804 3795
512 3839 3839 1262 3806 3797
768 3839 3839 1370 3808 3798
1024 3839 3839 1523 3807 3796
1280 3839 3839 1694 3806 3793
1536 3839 3839 1888 3805 3790
1792 3839 3839 2088 3804 3788
2048 3839 3839 2292 3804 3786
2303 3839 3839 2493 3807 3787
2559 3839 3839 2688 3813 3792
2815 3839 3839 2873 3824 3802
3071 3839 3839 3093 3829 3803
3327 3839 3839 3321 3832 3803
3583 3839 3839 3553 3835 3803
3839 3839 3839 3786 3839 3803
4095 3839 3839 4019 3843 3802
0 4095 3839 1254 4044 3791
256 4095 3839 1279 4047 3793
512 4095 3839 1327 4050 3797
768 4095 3839 1411 4056 3802
1024 4095 3839 1540 4059 3804
1280 4095 3839 1687 4061 3805
1536 4095 3839 1864 4063 3806
1792 4095 3839 2053 4064 3806
2048 4095 3839 2250 4066 3806
2303 4095 3839 2460 4068 3806
2559 4095 3839 2675 4070 3806
2815 4095 3839 2894 4073 3806
3071 4095 3839 3119 4076 3806
3327 4095 3839 3345 4079 3806
3583 4095 3839 3575 4082 3807
3839 4095 3839 3806 4086 3806
4095 4095 3839 4038 4089 3806
0 0 4095 249 738 3989
256 0 4095 344 735 3996
512 0 4095 492 734 4001
768 0 4095 720 735 4006
1024 0 4095 961 741 4006
1280 0 4095 1206 748 4006
1536 0 4095 1449 759 4006
1792 0 4095 1691 768 4009
2048 0 4095 1932 776 4014
2303 0 4095 2175 792 4013
2559 0 4095 2418 810 4012
2815 0 4095 2660 829 4010
3071 0 4095 2902 851 4009
3327 0 4095 3144 872 4008
3583 0 4095 3387 892 4010
3839 0 4095 3625 921 4005
4095 0 4095 3859 956 3997
0 256 4095 93 784 4000
256 256 4095 235 779 4009
512 256 4095 424 777 4017
768 256 4095 684 777 4022
1024 256 4095 939 782 4023
1280 256 4095 1192 789 4023
1536 256 4095 1440 797 4022
1792 256 4095 1686 807 4023
2048 256 4095 1931 817 4024
2303 256 4095 2175 830 4025
2559 256 4095 2420 845 4024
2815 256 4095 2664 862 4024
3071 256 4095 2908 881 4022
3327 256 4095 3151 901 4022
3583 256 4095 3396 920 4023
3839 256 4095 3634 949 4017
4095 256 4095 3867 985 4005
0 512 4095 53 871 4006
256 512 4095 205 867 4017
512 512 4095 403 864 4026
768 512 4095 671 863 4032
1024 512 4095 930 867 4033
1280 512 4095 1187 873 4033
1536 512 4095 1437 880 4033
1792 512 4095 1685 889 4032
2048 512 4095 1933 900 4031
2303 512 4095 2178 911 4032
2559 512 4095 2423 923 4032
2815 512 4095 2668 938 4032
3071 512 4095 2913 954 4031
3327 512 4095 3157 971 4031
3583 512 4095 3403 989 4032
3839 512 4095 3640 1017 4024
4095 512 4095 3872 1052 4010
0 768 4095 187 1021 4007
256 768 4095 291 1018 4016
512 768 4095 450 1016 4024
768 768 4095 692 1015 4032
1024 768 4095 943 1018 4033
1280 768 4095 1196 1023 4033
1536 768 4095 1444 1029 4033
1792 768 4095 1691 1036 4033
2048 768 4095 1937 1044 4033
2303 768 4095 2182 1054 4033
2559 768 4095 2427 1065 4033
2815 768 4095 2672 1076 4033
3071 768 4095 2916 1090 4032
3327 768 4095 3161 1104 4032
3583 768 4095 3405 1120 4032
3839 768 4095 3642 1144 4024
4095 768 4095 3874 1174 4009
0 1024 4095 189 1209 4019
256 1024 4095 312 1208 4025
512 1024 4095 481 1207 4029
768 1024 4095 718 1207 4033
1024 1024 4095 963 1210 4034
1280 1024 4095 1210 1214 4034
1536 1024 4095 1456 1219 4034
1792 1024 4095 1701 1225 4034
2048 1024 4095 1946 1231 4033
2303 1024 4095 2189 1240 4033
2559 1024 4095 2433 1248 4033
2815 1024 4095 2677 1258 4033
3071 1024 4095 2921 1270 4033
3327 1024 4095 3166 1282 4033
3583 1024 4095 3410 1295 4033
3839 1024 4095 3646 1315 4025
4095 1024 4095 3878 1339 4011
0 1280 4095 199 1412 4031
256 1280 4095 339 1412 4033
512 1280 4095 517 1413 4034
768 1280 4095 749 1414 4034
1024 1280 4095 988 1417 4034
1280 1280 4095 1228 1420 4034
1536 1280 4095 1470 1424 4034
1792 1280 4095 1713 1428 4034
2048 1280 4095 1955 1434 4034
2303 1280 4095 2198 1441 4034
2559 1280 4095 2441 1448 4034
2815 1280 4095 2684 1456 4034
3071 1280 4095 2928 1466 4034
3327 1280 4095 3171 1476 4034
3583 1280 4095 3415 1487 4034
3839 1280 4095 3652 1502 4027
4095 1280 4095 3885 1520 4015
0 1536 4095 370 1637 4024
256 1536 4095 455 1637 4029
512 1536 4095 588 1638 4033
768 1536 4095 793 1639 4035
1024 1536 4095 1019 1641 4035
1280 1536 4095 1252 1644 4035
1536 1536 4095 1489 1647 4035
1792 1536 4095 1729 1651 4035
2048 1536 4095 1969 1656 4035
2303 1536 4095 2209 1661 4035
2559 1536 4095 2451 1668 4035
2815 1536 4095 2693 1675 4035
3071 1536 4095 2936 1683 4035
3327 1536 4095 3179 1691 4035
3583 1536 4095 3422 1701 4035
3839 1536 4095 3661 1712 4030
4095 1536 4095 3898 1725 4023
0 1792 4095 500 1868 4020
256 1792 4095 554 1868 4027
512 1792 4095 659 1869 4033
768 1792 4095 841 1870 4036
1024 1792 4095 1055 1872 4037
1280 1792 4095 1279 1874 4037
1536 1792 4095 1512 1877 4036
1792 1792 4095 1748 1880 4036
2048 1792 4095 1985 1884 4036
2303 1792 4095 2224 1889 4036
2559 1792 4095 2464 1895 4036
2815 1792 4095 2705 1901 4036
3071 1792 4095 2946 1907 4036
3327 1792 4095 3188 1915 4036
3583 1792 4095 3430 1923 4036
3839 1792 4095 3669 1932 4033
4095 1792 4095 3907 1942 4027
0 2048 4095 602 2101 4016
256 2048 4095 641 2103 4026
512 2048 4095 730 2104 4033
768 2048 4095 892 2105 4037
1024 2048 4095 1094 2107 4038
1280 2048 4095 1310 2109 4038
1536 2048 4095 1537 2111 4038
1792 2048 4095 1769 2114 4038
2048 2048 4095 2003 2118 4038
2303 2048 4095 2239 2122 4038
2559 2048 4095 2477 2126 4038
2815 2048 4095 2717 2132 4038
3071 2048 4095 2957 2137 4037
3327 2048 4095 3198 2144 4037
3583 2048 4095 3439 2151 4037
3839 2048 4095 3677 2158 4033
4095 2048 4095 3914 2166 4027
0 2303 4095 686 2339 4017
256 2303 4095 721 2341 4027
512 2303 4095 801 2343 4034
768 2303 4095 948 2345 4039
1024 2303 4095 1140 2347 4040
1280 2303 4095 1346 2348 4040
1536 2303 4095 1568 2350 4039
1792 2303 4095 1795 2353 4039
2048 2303 4095 2025 2356 4039
2303 2303 4095 2259 2360 4039
2559 2303 4095 2495 2364 4039
2815 2303 4095 2732 2368 4039
3071 2303 4095 2971 2374 4039
3327 2303 4095 3211 2379 4039
3583 2303 4095 3451 2386 4039
3839 2303 4095 3687 2392 4034
4095 2303 4095 3921 2398 4027
0 2559 4095 769 2579 4019
256 2559 4095 800 2582 4028
512 2559 4095 873 2585 4035
768 2559 4095 1007 2587 4040
1024 2559 4095 1188 2588 4041
1280 2559 4095 1385 2590 4041
1536 2559 4095 1601 2592 4041
1792 2559 4095 1823 2594 4041
2048 2559 4095 2049 2597 4041
2303 2559 4095 2280 2600 4041
2559 2559 4095 2514 2604 4041
2815 2559 4095 2749 2608 4041
3071 2559 4095 2986 2613 4041
3327 2559 4095 3224 2618 4041
3583 2559 4095 3464 2623 4041
3839 2559 4095 3700 2628 4037
4095 2559 4095 3934 2633 4030
0 2815 4095 852 2820 4020
256 2815 4095 881 2824 4028
512 2815 4095 947 2828 4036
768 2815 4095 1068 2831 4042
1024 2815 4095 1239 2832 4043
1280 2815 4095 1428 2834 4043
1536 2815 4095 1637 2835 4043
1792 2815 4095 1853 2838 4043
2048 2815 4095 2075 2840 4043
2303 2815 4095 2304 2843 4043
2559 2815 4095 2535 2846 4043
2815 2815 4095 2768 2850 4043
3071 2815 4095 3004 2854 4043
3327 2815 4095 3240 2859 4043
3583 2815 4095 3478 2864 4043
3839 2815 4095 3715 2868 4041
4095 2815 4095 3952 2873 4039
0 3071 4095 933 3063 4022
256 3071 4095 960 3068 4030
512 3071 4095 1021 3072 4038
768 3071 4095 1133 3076 4044
1024 3071 4095 1294 3078 4046
1280 3071 4095 1474 3079 4046
1536 3071 4095 1676 3081 4046
1792 3071 4095 1888 3083 4046
2048 3071 4095 2105 3085 4046
2303 3071 4095 2330 3087 4046
2559 3071 4095 2558 3090 4046
2815 3071 4095 2789 3094 4045
3071 3071 4095 3023 3098 4045
3327 3071 4095 3258 3102 4045
3583 3071 4095 3494 3106 4045
3839 3071 4095 3730 3110 4043
4095 3071 4095 3965 3114 4041
0 3327 4095 1014 3307 4025
256 3327 4095 1039 3313 4033
512 3327 4095 1095 3318 4040
768 3327 4095 1198 3322 4047
1024 3327 4095 1351 3324 4048
1280 3327 4095 1522 3325 4048
1536 3327 4095 1718 3327 4048
1792 3327 4095 1924 3328 4048
2048 3327 4095 2137 3330 4048
2303 3327 4095 2358 3333 4048
2559 3327 4095 2583 3336 4048
2815 3327 4095 2812 3339 4048
3071 3327 4095 3044 3342 4048
3327 3327 4095 3276 3346 4048
3583 3327 4095 3511 3350 4048
3839 3327 4095 3745 3353 4045
4095 3327 4095 3979 3355 4042
0 3583 4095 1094 3552 4028
256 3583 4095 1117 3559 4036
512 3583 4095 1169 3565 4044
768 3583 4095 1266 3570 4050
1024 3583 4095 1411 3571 4051
1280 3583 4095 1574 3572 4051
1536 3583 4095 1763 3574 4051
1792 3583 4095 1964 3575 4051
2048 3583 4095 2171 3577 4051
2303 3583 4095 2390 3579 4051
2559 3583 4095 2611 3582 4051
2815 3583 4095 2837 3585 4051
3071 3583 4095 3066 3588 4051
3327 3583 4095 3297 3591 4051
3583 3583 4095 3531 3595 4051
3839 3583 4095 3764 3598 4049
4095 3583 4095 3998 3601 4047
0 3839 4095 1179 3793 4026
256 3839 4095 1201 3799 4034
512 3839 4095 1249 3806 4041
768 3839 4095 1337 3814 4050
1024 3839 4095 1473 3817 4052
1280 3839 4095 1629 3818 4052
1536 3839 4095 1811 3820 4053
1792 3839 4095 2006 3822 4053
2048 3839 4095 2208 3823 4052
2303 3839 4095 2422 3825 4053
2559 3839 4095 2641 3828 4053
2815 3839 4095 2864 3831 4053
3071 3839 4095 3091 3834 4053
3327 3839 4095 3319 3837 4053
3583 3839 4095 3551 3841 4053
3839 3839 4095 3784 3844 4053
4095 3839 4095 4017 3848 4052
0 4095 4095 1267 4031 4021
256 4095 4095 1288 4036 4027
512 4095 4095 1332 4045 4035
768 4095 4095 1410 4058 4048
1024 4095 4095 1538 4061 4051
1280 4095 4095 1685 4063 4052
1536 4095 4095 1860 4066 4054
1792 4095 4095 2049 4068 4054
2048 4095 4095 2246 4068 4053
2303 4095 4095 2457 4070 4053
2559 4095 4095 2671 4073 4054
2815 4095 4095 2891 4077 4055
3071 4095 4095 3116 4080 4055
3327 4095 4095 3342 4083 4055
3583 4095 4095 3573 4087 4056
3839 4095 4095 3805 4091 4056
4095 4095 4095 4038 4095 4057
