0 0 0 0 0 0
256 0 0 244 44 20
512 0 0 488 91 47
768 0 0 733 141 86
1024 0 0 976 177 81
1280 0 0 1218 211 65
1536 0 0 1460 248 44
1792 0 0 1703 288 30
2048 0 0 1945 329 20
2303 0 0 2187 372 23
2559 0 0 2429 418 37
2815 0 0 2670 467 65
3071 0 0 2911 510 61
3327 0 0 3151 552 52
3583 0 0 3391 599 56
3839 0 0 3627 649 70
4095 0 0 3861 703 91
0 256 0 85 253 48
256 256 0 281 270 46
512 256 0 495 290 50
768 256 0 735 313 63
1024 256 0 977 333 58
1280 256 0 1219 354 48
1536 256 0 1461 379 32
1792 256 0 1704 407 19
2048 256 0 1946 436 7
2303 256 0 2188 468 9
2559 256 0 2431 501 14
2815 256 0 2673 537 25
3071 256 0 2915 572 23
3327 256 0 3157 607 19
3583 256 0 3399 644 21
3839 256 0 3636 690 26
4095 256 0 3870 742 34
0 512 0 167 506 91
256 512 0 322 506 76
512 512 0 509 509 66
768 512 0 743 515 64
1024 512 0 982 524 59
1280 512 0 1223 536 54
1536 512 0 1464 551 43
1792 512 0 1707 569 33
2048 512 0 1949 588 22
2303 512 0 2191 610 21
2559 512 0 2433 633 19
2815 512 0 2676 658 16
3071 512 0 2919 685 12
3327 512 0 3162 713 7
3583 512 0 3405 742 2
3839 512 0 3641 783 11
4095 512 0 3874 830 30
0 768 0 243 759 126
256 768 0 369 758 111
512 768 0 535 758 101
768 768 0 759 762 99
1024 768 0 994 768 97
1280 768 0 1231 775 93
1536 768 0 1471 784 89
1792 768 0 1712 795 84
2048 768 0 1954 808 78
2303 768 0 2195 823 73
2559 768 0 2437 839 66
2815 768 0 2679 857 57
3071 768 0 2922 876 43
3327 768 0 3164 897 26
3583 768 0 3407 919 7
3839 768 0 3642 952 40
4095 768 0 3870 993 106
0 1024 0 323 1011 158
256 1024 0 426 1009 144
512 1024 0 573 1009 135
768 1024 0 784 1011 134
1024 1024 0 1012 1016 132
1280 1024 0 1245 1021 130
1536 1024 0 1483 1027 127
1792 1024 0 1722 1036 124
2048 1024 0 1962 1045 120
2303 1024 0 2202 1056 115
2559 1024 0 2443 1068 109
2815 1024 0 2685 1081 102
3071 1024 0 2927 1096 91
3327 1024 0 3169 1112 79
3583 1024 0 3411 1130 65
3839 1024 0 3647 1155 87
4095 1024 0 3878 1185 133
0 1280 0 404 1262 190
256 1280 0 487 1260 177
512 1280 0 616 1260 168
768 1280 0 814 1262 168
1024 1280 0 1034 1265 166
1280 1280 0 1262 1269 165
1536 1280 0 1497 1274 163
1792 1280 0 1733 1280 161
2048 1280 0 1971 1286 158
2303 1280 0 2210 1295 155
2559 1280 0 2451 1304 151
2815 1280 0 2692 1314 147
3071 1280 0 2933 1326 142
3327 1280 0 3174 1338 136
3583 1280 0 3416 1352 130
3839 1280 0 3653 1370 137
4095 1280 0 3886 1390 155
0 1536 0 486 1513 222
256 1536 0 554 1512 209
512 1536 0 668 1511 201
768 1536 0 851 1513 201
1024 1536 0 1063 1515 200
1280 1536 0 1284 1518 199
1536 1536 0 1515 1522 197
1792 1536 0 1749 1527 195
2048 1536 0 1984 1533 193
2303 1536 0 2222 1540 191
2559 1536 0 2461 1547 188
2815 1536 0 2700 1556 185
3071 1536 0 2941 1565 181
3327 1536 0 3182 1576 177
3583 1536 0 3423 1587 172
3839 1536 0 3657 1601 180
4095 1536 0 3887 1618 198
0 1792 0 562 1763 249
256 1792 0 621 1763 240
512 1792 0 724 1763 235
768 1792 0 894 1764 234
1024 1792 0 1096 1766 234
1280 1792 0 1310 1768 233
1536 1792 0 1537 1772 231
1792 1792 0 1767 1776 230
2048 1792 0 2000 1781 228
2303 1792 0 2235 1786 226
2559 1792 0 2473 1793 224
2815 1792 0 2711 1800 221
3071 1792 0 2951 1808 218
3327 1792 0 3191 1816 215
3583 1792 0 3431 1826 211
3839 1792 0 3664 1837 220
4095 1792 0 3892 1850 236
0 2048 0 633 2013 272
256 2048 0 688 2013 270
512 2048 0 783 2014 268
768 2048 0 939 2015 267
1024 2048 0 1133 2017 267
1280 2048 0 1339 2019 266
1536 2048 0 1560 2022 265
1792 2048 0 1787 2025 264
2048 2048 0 2017 2029 263
2303 2048 0 2251 2034 261
2559 2048 0 2486 2039 259
2815 2048 0 2723 2045 257
3071 2048 0 2962 2052 255
3327 2048 0 3201 2059 252
3583 2048 0 3440 2068 249
3839 2048 0 3672 2076 256
4095 2048 0 3899 2085 270
0 2303 0 711 2263 305
256 2303 0 760 2264 303
512 2303 0 847 2265 302
768 2303 0 991 2265 301
1024 2303 0 1176 2267 300
1280 2303 0 1374 2269 300
1536 2303 0 1590 2271 299
1792 2303 0 1812 2274 298
2048 2303 0 2039 2278 297
2303 2303 0 2270 2282 295
2559 2303 0 2503 2287 294
2815 2303 0 2738 2292 292
3071 2303 0 2975 2298 290
3327 2303 0 3213 2305 288
3583 2303 0 3452 2312 285
3839 2303 0 3682 2318 293
4095 2303 0 3907 2322 309
0 2559 0 790 2514 339
256 2559 0 833 2515 337
512 2559 0 912 2516 335
768 2559 0 1046 2517 335
1024 2559 0 1221 2518 334
1280 2559 0 1411 2520 334
1536 2559 0 1621 2522 333
1792 2559 0 1839 2525 332
2048 2559 0 2062 2528 331
2303 2559 0 2290 2532 330
2559 2559 0 2521 2536 328
2815 2559 0 2755 2540 327
3071 2559 0 2990 2546 325
3327 2559 0 3227 2551 323
3583 2559 0 3464 2558 321
3839 2559 0 3694 2562 329
4095 2559 0 3918 2564 344
0 2815 0 869 2765 373
256 2815 0 908 2766 371
512 2815 0 980 2767 369
768 2815 0 1103 2768 368
1024 2815 0 1269 2770 368
1280 2815 0 1452 2771 367
1536 2815 0 1656 2773 367
1792 2815 0 1869 2775 366
2048 2815 0 2088 2778 365
2303 2815 0 2313 2781 364
2559 2815 0 2542 2785 363
2815 2815 0 2773 2789 361
3071 2815 0 3007 2794 360
3327 2815 0 3242 2799 358
3583 2815 0 3478 2805 356
3839 2815 0 3709 2808 361
4095 2815 0 3937 2809 372
0 3071 0 948 3016 407
256 3071 0 983 3017 405
512 3071 0 1050 3019 403
768 3071 0 1164 3020 402
1024 3071 0 1322 3021 401
1280 3071 0 1496 3022 401
1536 3071 0 1694 3024 400
1792 3071 0 1902 3026 400
2048 3071 0 2117 3029 399
2303 3071 0 2339 3032 398
2559 3071 0 2565 3035 397
2815 3071 0 2794 3039 395
3071 3071 0 3026 3043 394
3327 3071 0 3259 3048 392
3583 3071 0 3494 3053 391
3839 3071 0 3721 3052 400
4095 3071 0 3941 3047 417
0 3327 0 1027 3267 441
256 3327 0 1059 3268 439
512 3327 0 1120 3270 437
768 3327 0 1226 3271 436
1024 3327 0 1376 3272 435
1280 3327 0 1543 3274 434
1536 3327 0 1735 3275 434
1792 3327 0 1937 3277 433
2048 3327 0 2147 3279 433
2303 3327 0 2367 3282 432
2559 3327 0 2589 3285 431
2815 3327 0 2816 3288 430
3071 3327 0 3046 3292 428
3327 3327 0 3277 3296 427
3583 3327 0 3511 3301 425
3839 3327 0 3732 3295 440
4095 3327 0 3944 3283 466
0 3583 0 1106 3518 475
256 3583 0 1135 3519 473
512 3583 0 1192 3521 471
768 3583 0 1290 3523 469
1024 3583 0 1433 3524 469
1280 3583 0 1592 3525 468
1536 3583 0 1778 3526 468
1792 3583 0 1976 3528 467
2048 3583 0 2181 3530 466
2303 3583 0 2397 3533 466
2559 3583 0 2617 3536 465
2815 3583 0 2841 3539 464
3071 3583 0 3068 3542 462
3327 3583 0 3298 3546 461
3583 3583 0 3530 3550 460
3839 3583 0 3746 3539 478
4095 3583 0 3951 3518 510
0 3839 0 1184 3769 509
256 3839 0 1213 3769 508
512 3839 0 1267 3768 509
768 3839 0 1361 3767 510
1024 3839 0 1496 3767 511
1280 3839 0 1648 3767 511
1536 3839 0 1827 3768 511
1792 3839 0 2018 3770 510
2048 3839 0 2217 3773 509
2303 3839 0 2428 3774 509
2559 3839 0 2643 3776 509
2815 3839 0 2864 3781 506
3071 3839 0 3088 3783 506
3327 3839 0 3314 3786 505
3583 3839 0 3545 3792 502
3839 3839 0 3759 3780 519
4095 3839 0 3963 3755 550
0 4095 0 1263 4019 542
256 4095 0 1291 4018 544
512 4095 0 1344 4014 548
768 4095 0 1436 4007 556
1024 4095 0 1564 4004 559
1280 4095 0 1708 4003 561
1536 4095 0 1879 4004 561
1792 4095 0 2062 4006 560
2048 4095 0 2254 4009 558
2303 4095 0 2460 4008 560
2559 4095 0 2670 4011 559
2815 4095 0 2887 4017 554
3071 4095 0 3107 4019 555
3327 4095 0 3329 4020 555
3583 4095 0 3558 4029 549
3839 4095 0 3773 4018 562
4095 4095 0 3978 3994 588
0 0 256 39 49 248
256 0 256 259 73 255
512 0 256 488 102 265
768 0 256 732 139 279
1024 0 256 974 175 277
1280 0 256 1217 210 271
1536 0 256 1459 248 262
1792 0 256 1702 287 256
2048 0 256 1945 327 252
2303 0 256 2187 368 253
2559 0 256 2430 410 257
2815 0 256 2672 453 267
3071 0 256 2914 494 265
3327 0 256 3157 535 260
3583 0 256 3398 577 261
3839 0 256 3634 631 268
4095 0 256 3866 693 280
0 256 256 101 273 267
256 256 256 287 282 265
512 256 256 492 297 269
768 256 256 722 322 279
1024 256 256 960 348 281
1280 256 256 1200 374 279
1536 256 256 1444 401 273
1792 256 256 1688 429 266
2048 256 256 1933 458 261
2303 256 256 2176 488 259
2559 256 256 2420 520 260
2815 256 256 2664 553 262
3071 256 256 2907 586 260
3327 256 256 3151 619 257
3583 256 256 3394 654 256
3839 256 256 3636 691 255
4095 256 256 3877 729 254
0 512 256 168 508 285
256 512 256 328 507 283
512 512 256 511 512 284
768 512 256 729 526 290
1024 512 256 960 544 294
1280 512 256 1196 563 295
1536 512 256 1438 582 291
1792 512 256 1681 602 286
2048 512 256 1924 623 281
2303 512 256 2166 646 279
2559 512 256 2410 670 276
2815 512 256 2653 696 274
3071 512 256 2897 724 271
3327 512 256 3140 752 267
3583 512 256 3384 781 263
3839 512 256 3632 801 258
4095 512 256 3884 815 252
0 768 256 245 760 303
256 768 256 386 755 311
512 768 256 554 755 316
768 768 256 761 762 319
1024 768 256 984 774 320
1280 768 256 1212 787 321
1536 768 256 1446 803 321
1792 768 256 1683 821 320
2048 768 256 1921 839 319
2303 768 256 2159 860 317
2559 768 256 2399 883 315
2815 768 256 2639 906 311
3071 768 256 2880 932 306
3327 768 256 3122 957 298
3583 768 256 3366 982 289
3839 768 256 3621 986 284
4095 768 256 3884 978 283
0 1024 256 322 1010 319
256 1024 256 445 1006 329
512 1024 256 599 1004 338
768 1024 256 798 1008 342
1024 1024 256 1014 1016 344
1280 1024 256 1237 1025 344
1536 1024 256 1467 1037 344
1792 1024 256 1700 1051 344
2048 1024 256 1934 1065 344
2303 1024 256 2171 1083 342
2559 1024 256 2408 1101 341
2815 1024 256 2647 1121 339
3071 1024 256 2886 1142 335
3327 1024 256 3126 1163 330
3583 1024 256 3367 1185 323
3839 1024 256 3623 1187 312
4095 1024 256 3889 1175 298
0 1280 256 399 1260 335
256 1280 256 505 1257 346
512 1280 256 646 1255 356
768 1280 256 837 1256 365
1024 1280 256 1048 1261 367
1280 1280 256 1265 1267 367
1536 1280 256 1492 1276 367
1792 1280 256 1721 1286 366
2048 1280 256 1953 1297 366
2303 1280 256 2187 1310 365
2559 1280 256 2423 1324 364
2815 1280 256 2660 1339 363
3071 1280 256 2898 1356 362
3327 1280 256 3136 1374 360
3583 1280 256 3375 1394 357
3839 1280 256 3630 1396 340
4095 1280 256 3895 1386 313
0 1536 256 479 1512 355
256 1536 256 570 1509 365
512 1536 256 698 1507 375
768 1536 256 881 1507 388
1024 1536 256 1085 1510 391
1280 1536 256 1296 1515 391
1536 1536 256 1518 1521 390
1792 1536 256 1745 1529 390
2048 1536 256 1975 1537 390
2303 1536 256 2207 1548 389
2559 1536 256 2441 1559 388
2815 1536 256 2677 1572 387
3071 1536 256 2913 1586 386
3327 1536 256 3151 1600 385
3583 1536 256 3389 1617 383
3839 1536 256 3639 1620 365
4095 1536 256 3899 1615 337
0 1792 256 556 1763 374
256 1792 256 636 1760 384
512 1792 256 753 1759 396
768 1792 256 928 1758 411
1024 1792 256 1124 1760 414
1280 1792 256 1328 1764 414
1536 1792 256 1547 1769 413
1792 1792 256 1771 1774 413
2048 1792 256 1998 1781 412
2303 1792 256 2228 1790 412
2559 1792 256 2461 1799 411
2815 1792 256 2695 1809 411
3071 1792 256 2930 1820 410
3327 1792 256 3167 1833 409
3583 1792 256 3404 1846 407
3839 1792 256 3651 1850 389
4095 1792 256 3905 1849 361
0 2048 256 631 2013 392
256 2048 256 703 2012 403
512 2048 256 811 2011 417
768 2048 256 976 2009 433
1024 2048 256 1164 2011 436
1280 2048 256 1362 2014 436
1536 2048 256 1576 2017 436
1792 2048 256 1797 2022 435
2048 2048 256 2021 2027 435
2303 2048 256 2250 2034 434
2559 2048 256 2481 2041 434
2815 2048 256 2714 2049 433
3071 2048 256 2949 2059 432
3327 2048 256 3184 2069 431
3583 2048 256 3421 2080 430
3839 2048 256 3664 2085 413
4095 2048 256 3913 2086 384
0 2303 256 710 2264 417
256 2303 256 773 2263 427
512 2303 256 873 2261 439
768 2303 256 1028 2260 455
1024 2303 256 1208 2261 458
1280 2303 256 1399 2264 458
1536 2303 256 1608 2267 458
1792 2303 256 1825 2271 457
2048 2303 256 2046 2275 457
2303 2303 256 2273 2281 456
2559 2303 256 2503 2287 455
2815 2303 256 2734 2294 455
3071 2303 256 2968 2302 454
3327 2303 256 3202 2310 453
3583 2303 256 3438 2319 452
3839 2303 256 3678 2324 436
4095 2303 256 3921 2326 411
0 2559 256 789 2515 442
256 2559 256 845 2514 451
512 2559 256 937 2513 463
768 2559 256 1082 2512 478
1024 2559 256 1254 2513 481
1280 2559 256 1437 2515 481
1536 2559 256 1642 2518 481
1792 2559 256 1855 2521 480
2048 2559 256 2073 2524 479
2303 2559 256 2298 2529 479
2559 2559 256 2525 2534 478
2815 2559 256 2755 2540 477
3071 2559 256 2987 2547 476
3327 2559 256 3221 2554 475
3583 2559 256 3456 2561 474
3839 2559 256 3693 2566 460
4095 2559 256 3932 2569 437
0 2815 256 867 2766 468
256 2815 256 918 2766 476
512 2815 256 1003 2765 487
768 2815 256 1139 2764 502
1024 2815 256 1302 2765 505
1280 2815 256 1478 2766 505
1536 2815 256 1678 2769 504
1792 2815 256 1886 2771 504
2048 2815 256 2101 2775 503
2303 2815 256 2323 2779 503
2559 2815 256 2548 2783 502
2815 2815 256 2777 2788 501
3071 2815 256 3008 2793 500
3327 2815 256 3240 2800 499
3583 2815 256 3474 2806 498
3839 2815 256 3710 2811 484
4095 2815 256 3947 2815 462
0 3071 256 946 3018 495
256 3071 256 993 3017 503
512 3071 256 1071 3017 513
768 3071 256 1198 3016 527
1024 3071 256 1354 3017 530
1280 3071 256 1523 3018 530
1536 3071 256 1717 3020 529
1792 3071 256 1920 3022 529
2048 3071 256 2131 3025 528
2303 3071 256 2350 3029 528
2559 3071 256 2573 3032 527
2815 3071 256 2800 3037 526
3071 3071 256 3029 3042 525
3327 3071 256 3260 3047 524
3583 3071 256 3493 3053 523
3839 3071 256 3724 3056 512
4095 3071 256 3955 3056 495
0 3327 256 1024 3269 522
256 3327 256 1067 3269 530
512 3327 256 1140 3268 539
768 3327 256 1258 3268 553
1024 3327 256 1407 3268 555
1280 3327 256 1569 3270 555
1536 3327 256 1757 3271 555
1792 3327 256 1956 3273 554
2048 3327 256 2163 3276 554
2303 3327 256 2379 3279 553
2559 3327 256 2599 3282 552
2815 3327 256 2823 3286 551
3071 3327 256 3051 3291 551
3327 3327 256 3280 3295 550
3583 3327 256 3512 3301 549
3839 3327 256 3738 3300 542
4095 3327 256 3961 3296 531
0 3583 256 1103 3521 550
256 3583 256 1142 3520 557
512 3583 256 1210 3520 567
768 3583 256 1321 3519 579
1024 3583 256 1463 3520 581
1280 3583 256 1619 3521 581
1536 3583 256 1801 3523 581
1792 3583 256 1995 3525 581
2048 3583 256 2197 3527 580
2303 3583 256 2410 3530 579
2559 3583 256 2627 3533 579
2815 3583 256 2849 3536 578
3071 3583 256 3075 3540 577
3327 3583 256 3302 3544 576
3583 3583 256 3532 3549 575
3839 3583 256 3751 3542 574
4095 3583 256 3963 3528 573
0 3839 256 1183 3770 580
256 3839 256 1217 3770 584
512 3839 256 1277 3770 591
768 3839 256 1378 3768 600
1024 3839 256 1513 3768 602
1280 3839 256 1663 3769 602
1536 3839 256 1840 3769 602
1792 3839 256 2029 3771 602
2048 3839 256 2227 3774 601
2303 3839 256 2437 3775 601
2559 3839 256 2651 3778 600
2815 3839 256 2871 3784 597
3071 3839 256 3094 3786 597
3327 3839 256 3319 3788 598
3583 3839 256 3549 3793 596
3839 3839 256 3767 3787 598
4095 3839 256 3978 3772 604
0 4095 256 1263 4019 611
256 4095 256 1290 4019 611
512 4095 256 1342 4018 613
768 4095 256 1431 4015 616
1024 4095 256 1559 4014 618
1280 4095 256 1704 4013 619
1536 4095 256 1876 4013 620
1792 4095 256 2061 4015 619
2048 4095 256 2254 4017 618
2303 4095 256 2461 4017 619
2559 4095 256 2673 4021 617
2815 4095 256 2892 4030 611
3071 4095 256 3111 4029 614
3327 4095 256 3333 4027 617
3583 4095 256 3562 4034 612
3839 4095 256 3784 4032 617
4095 4095 256 4003 4023 628
0 0 512 81 104 496
256 0 512 276 108 495
512 0 512 490 122 495
768 0 512 732 150 495
1024 0 512 974 182 494
1280 0 512 1217 216 493
1536 0 512 1459 254 492
1792 0 512 1702 292 492
2048 0 512 1945 330 491
2303 0 512 2188 369 490
2559 0 512 2431 408 489
2815 0 512 2674 447 488
3071 0 512 2917 487 487
3327 0 512 3160 526 485
3583 0 512 3403 566 484
3839 0 512 3639 622 487
4095 0 512 3870 688 493
0 256 512 122 297 497
256 256 512 299 299 490
512 256 512 494 310 489
768 256 512 716 335 498
1024 256 512 950 363 505
1280 256 512 1189 391 510
1536 256 512 1434 418 511
1792 256 512 1679 446 510
2048 256 512 1925 474 509
2303 256 512 2169 503 507
2559 256 512 2414 533 505
2815 256 512 2659 564 503
3071 256 512 2903 596 500
3327 256 512 3147 629 498
3583 256 512 3391 662 496
3839 256 512 3636 693 492
4095 256 512 3882 722 487
0 512 512 176 513 500
256 512 512 337 511 496
512 512 512 516 518 499
768 512 512 723 537 510
1024 512 512 949 559 519
1280 512 512 1182 581 527
1536 512 512 1421 603 530
1792 512 512 1663 625 531
2048 512 512 1906 648 530
2303 512 512 2150 672 529
2559 512 512 2394 696 527
2815 512 512 2638 722 525
3071 512 512 2883 750 523
3327 512 512 3127 777 520
3583 512 512 3372 806 517
3839 512 512 3627 814 504
4095 512 512 3890 807 485
0 768 512 250 762 506
256 768 512 399 756 520
512 768 512 566 756 530
768 768 512 762 765 535
1024 768 512 981 779 538
1280 768 512 1205 795 543
1536 768 512 1428 818 550
1792 768 512 1658 842 555
2048 768 512 1892 866 558
2303 768 512 2130 891 559
2559 768 512 2369 916 560
2815 768 512 2610 943 560
3071 768 512 2852 969 559
3327 768 512 3095 996 557
3583 768 512 3340 1021 554
3839 768 512 3608 1008 528
4095 768 512 3893 969 489
0 1024 512 324 1011 511
256 1024 512 458 1005 531
512 1024 512 615 1003 546
768 1024 512 807 1007 554
1024 1024 512 1018 1016 556
1280 1024 512 1234 1028 558
1536 1024 512 1455 1046 565
1792 1024 512 1680 1065 571
2048 1024 512 1908 1085 576
2303 1024 512 2141 1108 579
2559 1024 512 2375 1131 581
2815 1024 512 2611 1155 583
3071 1024 512 2849 1180 584
3327 1024 512 3089 1205 583
3583 1024 512 3331 1228 580
3839 1024 512 3604 1212 548
4095 1024 512 3896 1170 496
0 1280 512 399 1261 518
256 1280 512 517 1256 540
512 1280 512 665 1253 559
768 1280 512 854 1253 573
1024 1280 512 1057 1259 576
1280 1280 512 1267 1268 576
1536 1280 512 1487 1278 581
1792 1280 512 1709 1292 586
2048 1280 512 1934 1308 591
2303 1280 512 2161 1327 596
2559 1280 512 2391 1347 600
2815 1280 512 2622 1369 603
3071 1280 512 2857 1391 605
3327 1280 512 3093 1413 605
3583 1280 512 3333 1435 603
3839 1280 512 3605 1422 566
4095 1280 512 3900 1384 505
0 1536 512 477 1512 529
256 1536 512 580 1508 549
512 1536 512 718 1505 570
768 1536 512 906 1502 594
1024 1536 512 1103 1506 600
1280 1536 512 1306 1512 603
1536 1536 512 1521 1520 606
1792 1536 512 1740 1531 609
2048 1536 512 1962 1543 612
2303 1536 512 2188 1558 615
2559 1536 512 2416 1574 618
2815 1536 512 2646 1592 621
3071 1536 512 2878 1611 623
3327 1536 512 3111 1630 624
3583 1536 512 3348 1650 622
3839 1536 512 3617 1641 582
4095 1536 512 3906 1614 516
0 1792 512 554 1763 541
256 1792 512 645 1760 560
512 1792 512 773 1756 582
768 1792 512 957 1753 610
1024 1792 512 1149 1755 620
1280 1792 512 1347 1759 625
1536 1792 512 1557 1765 626
1792 1792 512 1773 1773 628
2048 1792 512 1993 1783 630
2303 1792 512 2217 1795 632
2559 1792 512 2443 1807 634
2815 1792 512 2672 1821 637
3071 1792 512 2902 1837 639
3327 1792 512 3134 1854 640
3583 1792 512 3369 1871 640
3839 1792 512 3631 1867 598
4095 1792 512 3913 1848 529
0 2048 512 632 2014 554
256 2048 512 712 2012 572
512 2048 512 831 2008 594
768 2048 512 1007 2005 625
1024 2048 512 1195 2005 637
1280 2048 512 1389 2007 644
1536 2048 512 1595 2012 645
1792 2048 512 1807 2018 646
2048 2048 512 2024 2025 647
2303 2048 512 2247 2035 648
2559 2048 512 2472 2044 649
2815 2048 512 2699 2056 651
3071 2048 512 2929 2068 652
3327 2048 512 3160 2082 654
3583 2048 512 3391 2097 655
3839 2048 512 3648 2097 614
4095 2048 512 3921 2087 544
0 2303 512 710 2265 571
256 2303 512 782 2262 587
512 2303 512 892 2260 609
768 2303 512 1059 2256 638
1024 2303 512 1241 2256 652
1280 2303 512 1430 2257 660
1536 2303 512 1632 2261 660
1792 2303 512 1841 2266 661
2048 2303 512 2056 2272 661
2303 2303 512 2277 2279 662
2559 2303 512 2500 2287 663
2815 2303 512 2727 2296 664
3071 2303 512 2956 2307 665
3327 2303 512 3185 2318 665
3583 2303 512 3417 2330 666
3839 2303 512 3667 2333 627
4095 2303 512 3930 2329 561
0 2559 512 788 2516 588
256 2559 512 853 2514 603
512 2559 512 955 2512 624
768 2559 512 1112 2508 652
1024 2559 512 1289 2507 667
1280 2559 512 1473 2508 676
1536 2559 512 1670 2511 676
1792 2559 512 1876 2515 676
2048 2559 512 2087 2520 677
2303 2559 512 2306 2526 677
2559 2559 512 2529 2532 677
2815 2559 512 2754 2540 678
3071 2559 512 2982 2548 678
3327 2559 512 3211 2558 678
3583 2559 512 3442 2568 679
3839 2559 512 3687 2572 642
4095 2559 512 3941 2573 579
0 2815 512 867 2767 607
256 2815 512 925 2766 621
512 2815 512 1020 2764 640
768 2815 512 1168 2760 668
1024 2815 512 1338 2759 683
1280 2815 512 1517 2759 693
1536 2815 512 1709 2762 693
1792 2815 512 1911 2765 693
2048 2815 512 2119 2769 693
2303 2815 512 2336 2774 693
2559 2815 512 2557 2780 693
2815 2815 512 2780 2786 693
3071 2815 512 3007 2793 693
3327 2815 512 3235 2801 693
3583 2815 512 3466 2809 693
3839 2815 512 3706 2815 658
4095 2815 512 3953 2818 600
0 3071 512 945 3019 627
256 3071 512 999 3018 640
512 3071 512 1087 3016 659
768 3071 512 1226 3012 685
1024 3071 512 1390 3011 701
1280 3071 512 1563 3011 711
1536 3071 512 1750 3013 711
1792 3071 512 1948 3016 711
2048 3071 512 2153 3020 711
2303 3071 512 2367 3024 710
2559 3071 512 2585 3029 710
2815 3071 512 2807 3034 710
3071 3071 512 3033 3040 710
3327 3071 512 3260 3047 710
3583 3071 512 3489 3054 710
3839 3071 512 3725 3059 677
4095 3071 512 3964 3063 623
0 3327 512 1024 3271 648
256 3327 512 1073 3269 661
512 3327 512 1154 3267 678
768 3327 512 1285 3265 703
1024 3327 512 1443 3263 719
1280 3327 512 1611 3263 729
1536 3327 512 1792 3265 729
1792 3327 512 1986 3267 729
2048 3327 512 2187 3270 729
2303 3327 512 2399 3274 729
2559 3327 512 2614 3278 728
2815 3327 512 2834 3282 728
3071 3327 512 3058 3288 728
3327 3327 512 3284 3293 727
3583 3327 512 3513 3300 727
3839 3327 512 3742 3304 698
4095 3327 512 3973 3306 649
0 3583 512 1102 3522 671
256 3583 512 1147 3521 682
512 3583 512 1224 3519 699
768 3583 512 1347 3517 723
1024 3583 512 1498 3515 738
1280 3583 512 1660 3515 749
1536 3583 512 1837 3517 749
1792 3583 512 2026 3519 749
2048 3583 512 2223 3521 748
2303 3583 512 2432 3524 748
2559 3583 512 2645 3528 748
2815 3583 512 2863 3532 747
3071 3583 512 3085 3537 747
3327 3583 512 3309 3542 747
3583 3583 512 3536 3547 746
3839 3583 512 3758 3546 722
4095 3583 512 3976 3540 682
0 3839 512 1183 3771 696
256 3839 512 1220 3771 703
512 3839 512 1285 3770 713
768 3839 512 1393 3768 728
1024 3839 512 1534 3768 737
1280 3839 512 1688 3768 744
1536 3839 512 1862 3769 744
1792 3839 512 2049 3771 744
2048 3839 512 2244 3773 744
2303 3839 512 2451 3775 744
2559 3839 512 2664 3779 743
2815 3839 512 2882 3784 741
3071 3839 512 3103 3787 741
3327 3839 512 3326 3789 742
3583 3839 512 3553 3794 741
3839 3839 512 3775 3793 727
4095 3839 512 3992 3786 705
0 4095 512 1265 4019 723
256 4095 512 1291 4020 722
512 4095 512 1341 4020 722
768 4095 512 1428 4020 722
1024 4095 512 1556 4021 722
1280 4095 512 1701 4022 722
1536 4095 512 1874 4021 724
1792 4095 512 2061 4023 724
2048 4095 512 2255 4025 723
2303 4095 512 2463 4026 723
2559 4095 512 2675 4030 722
2815 4095 512 2895 4038 716
3071 4095 512 3115 4037 718
3327 4095 512 3337 4035 721
3583 4095 512 3566 4041 719
3839 4095 512 3793 4042 719
4095 4095 512 4019 4041 722
0 0 768 127 165 747
256 0 768 296 153 743
512 0 768 494 155 742
768 0 768 735 179 742
1024 0 768 976 205 741
1280 0 768 1218 234 740
1536 0 768 1460 269 740
1792 0 768 1703 304 740
2048 0 768 1946 341 739
2303 0 768 2188 379 739
2559 0 768 2431 417 738
2815 0 768 2674 455 737
3071 0 768 2917 494 737
3327 0 768 3160 533 736
3583 0 768 3403 572 735
3839 0 768 3640 625 737
4095 0 768 3872 689 742
0 256 768 153 328 747
256 256 768 317 324 723
512 256 768 503 330 712
768 256 768 721 353 721
1024 256 768 953 377 731
1280 256 768 1191 402 740
1536 256 768 1435 428 745
1792 256 768 1680 455 748
2048 256 768 1925 482 749
2303 256 768 2169 510 749
2559 256 768 2414 540 748
2815 256 768 2659 570 748
3071 256 768 2903 602 746
3327 256 768 3148 634 745
3583 256 768 3392 667 744
3839 256 768 3637 697 741
4095 256 768 3883 724 737
0 512 768 195 523 747
256 512 768 351 522 720
512 512 768 526 529 707
768 512 768 727 547 718
1024 512 768 954 566 731
1280 512 768 1187 587 744
1536 512 768 1420 611 755
1792 512 768 1659 635 763
2048 512 768 1901 658 767
2303 512 768 2144 682 768
2559 512 768 2390 706 768
2815 512 768 2635 731 767
3071 512 768 2880 757 765
3327 512 768 3126 783 764
3583 512 768 3371 811 762
3839 512 768 3627 817 751
4095 512 768 3891 810 735
0 768 768 259 767 749
256 768 768 405 761 741
512 768 768 570 762 739
768 768 768 764 772 746
1024 768 768 990 781 749
1280 768 768 1217 795 755
1536 768 768 1420 829 774
1792 768 768 1640 859 788
2048 768 768 1870 887 797
2303 768 768 2110 912 800
2559 768 768 2353 935 801
2815 768 768 2598 958 800
3071 768 768 2844 981 798
3327 768 768 3090 1004 796
3583 768 768 3337 1027 793
3839 768 768 3607 1012 772
4095 768 768 3893 972 738
0 1024 768 331 1015 752
256 1024 768 462 1009 756
512 1024 768 618 1007 762
768 1024 768 811 1011 772
1024 1024 768 1024 1018 771
1280 1024 768 1240 1029 771
1536 1024 768 1447 1053 791
1792 1024 768 1663 1078 807
2048 1024 768 1884 1104 820
2303 1024 768 2113 1130 828
2559 1024 768 2345 1156 836
2815 1024 768 2579 1183 841
3071 1024 768 2819 1208 841
3327 1024 768 3061 1231 840
3583 1024 768 3307 1253 835
3839 1024 768 3590 1228 799
4095 1024 768 3896 1173 742
0 1280 768 405 1264 757
256 1280 768 520 1259 768
512 1280 768 667 1255 782
768 1280 768 862 1254 798
1024 1280 768 1062 1261 797
1280 1280 768 1266 1270 796
1536 1280 768 1481 1283 812
1792 1280 768 1697 1300 828
2048 1280 768 1912 1320 843
2303 1280 768 2129 1347 856
2559 1280 768 2350 1375 868
2815 1280 768 2574 1404 879
3071 1280 768 2806 1431 882
3327 1280 768 3042 1457 883
3583 1280 768 3287 1477 876
3839 1280 768 3578 1448 826
4095 1280 768 3901 1386 747
0 1536 768 481 1514 763
256 1536 768 582 1510 776
512 1536 768 723 1506 796
768 1536 768 923 1500 826
1024 1536 768 1118 1504 838
1280 1536 768 1315 1510 845
1536 1536 768 1522 1521 855
1792 1536 768 1732 1535 864
2048 1536 768 1945 1551 874
2303 1536 768 2162 1571 883
2559 1536 768 2382 1593 892
2815 1536 768 2604 1618 900
3071 1536 768 2830 1643 907
3327 1536 768 3060 1667 910
3583 1536 768 3300 1687 903
3839 1536 768 3587 1665 846
4095 1536 768 3906 1615 754
0 1792 768 558 1765 770
256 1792 768 647 1761 784
512 1792 768 780 1757 807
768 1792 768 978 1750 844
1024 1792 768 1172 1750 866
1280 1792 768 1367 1753 881
1536 1792 768 1567 1762 887
1792 1792 768 1773 1773 892
2048 1792 768 1984 1786 898
2303 1792 768 2199 1802 905
2559 1792 768 2418 1819 911
2815 1792 768 2639 1839 917
3071 1792 768 2862 1861 924
3327 1792 768 3088 1882 928
3583 1792 768 3321 1903 926
3839 1792 768 3601 1888 864
4095 1792 768 3913 1850 762
0 2048 768 635 2015 779
256 2048 768 714 2013 792
512 2048 768 838 2009 816
768 2048 768 1029 2002 855
1024 2048 768 1225 1999 885
1280 2048 768 1422 1999 909
1536 2048 768 1616 2006 912
1792 2048 768 1818 2014 915
2048 2048 768 2026 2024 919
2303 2048 768 2240 2036 923
2559 2048 768 2457 2050 927
2815 2048 768 2677 2065 932
3071 2048 768 2899 2083 936
3327 2048 768 3123 2101 941
3583 2048 768 3349 2121 946
3839 2048 768 3619 2114 882
4095 2048 768 3921 2088 772
0 2303 768 712 2266 789
256 2303 768 784 2263 802
512 2303 768 899 2260 825
768 2303 768 1081 2253 863
1024 2303 768 1276 2249 898
1280 2303 768 1473 2247 926
1536 2303 768 1663 2253 928
1792 2303 768 1862 2260 931
2048 2303 768 2067 2267 933
2303 2303 768 2279 2277 936
2559 2303 768 2495 2288 939
2815 2303 768 2714 2301 942
3071 2303 768 2936 2315 945
3327 2303 768 3159 2330 949
3583 2303 768 3385 2347 953
3839 2303 768 3646 2345 890
4095 2303 768 3931 2330 783
0 2559 768 790 2517 801
256 2559 768 854 2515 813
512 2559 768 962 2512 835
768 2559 768 1134 2506 872
1024 2559 768 1327 2500 911
1280 2559 768 1524 2497 943
1536 2559 768 1709 2502 944
1792 2559 768 1905 2507 945
2048 2559 768 2107 2513 947
2303 2559 768 2318 2521 948
2559 2559 768 2532 2530 950
2815 2559 768 2750 2540 952
3071 2559 768 2972 2552 955
3327 2559 768 3194 2564 957
3583 2559 768 3419 2578 960
3839 2559 768 3671 2580 899
4095 2559 768 3941 2574 795
0 2815 768 868 2768 813
256 2815 768 927 2767 825
512 2815 768 1026 2764 846
768 2815 768 1188 2758 882
1024 2815 768 1379 2752 923
1280 2815 768 1574 2749 957
1536 2815 768 1755 2752 958
1792 2815 768 1947 2756 958
2048 2815 768 2146 2761 959
2303 2815 768 2355 2768 961
2559 2815 768 2568 2775 962
2815 2815 768 2785 2783 963
3071 2815 768 3005 2793 965
3327 2815 768 3227 2803 966
3583 2815 768 3452 2814 968
3839 2815 768 3696 2819 909
4095 2815 768 3953 2819 810
0 3071 768 947 3020 828
256 3071 768 1000 3018 838
512 3071 768 1093 3015 859
768 3071 768 1246 3010 893
1024 3071 768 1433 3005 935
1280 3071 768 1624 3000 970
1536 3071 768 1801 3003 971
1792 3071 768 1989 3007 972
2048 3071 768 2185 3011 972
2303 3071 768 2392 3016 973
2559 3071 768 2603 3023 974
2815 3071 768 2818 3029 975
3071 3071 768 3038 3037 975
3327 3071 768 3259 3046 976
3583 3071 768 3483 3056 978
3839 3071 768 3720 3062 922
4095 3071 768 3966 3066 829
0 3327 768 1026 3271 843
256 3327 768 1074 3270 853
512 3327 768 1160 3267 872
768 3327 768 1305 3263 905
1024 3327 768 1487 3257 947
1280 3327 768 1674 3252 983
1536 3327 768 1847 3255 984
1792 3327 768 2031 3258 985
2048 3327 768 2224 3261 985
2303 3327 768 2429 3266 986
2559 3327 768 2637 3271 986
2815 3327 768 2851 3277 987
3071 3327 768 3069 3283 987
3327 3327 768 3290 3291 988
3583 3327 768 3513 3299 988
3839 3327 768 3743 3306 936
4095 3327 768 3979 3311 848
0 3583 768 1104 3522 859
256 3583 768 1148 3522 868
512 3583 768 1230 3519 887
768 3583 768 1366 3515 918
1024 3583 768 1543 3509 961
1280 3583 768 1726 3505 997
1536 3583 768 1894 3507 998
1792 3583 768 2074 3509 999
2048 3583 768 2263 3512 999
2303 3583 768 2465 3516 999
2559 3583 768 2672 3520 999
2815 3583 768 2884 3525 1000
3071 3583 768 3101 3531 1000
3327 3583 768 3319 3538 1000
3583 3583 768 3542 3545 1001
3839 3583 768 3766 3550 948
4095 3583 768 3991 3554 860
0 3839 768 1185 3770 878
256 3839 768 1221 3770 884
512 3839 768 1289 3770 894
768 3839 768 1404 3768 913
1024 3839 768 1561 3766 939
1280 3839 768 1729 3764 962
1536 3839 768 1898 3765 963
1792 3839 768 2080 3767 964
2048 3839 768 2271 3770 964
2303 3839 768 2474 3773 964
2559 3839 768 2683 3776 963
2815 3839 768 2896 3781 963
3071 3839 768 3115 3785 963
3327 3839 768 3336 3790 962
3583 3839 768 3560 3795 962
3839 3839 768 3783 3798 930
4095 3839 768 4004 3798 877
0 4095 768 1268 4016 899
256 4095 768 1294 4018 898
512 4095 768 1343 4019 897
768 4095 768 1428 4022 896
1024 4095 768 1555 4025 895
1280 4095 768 1700 4028 894
1536 4095 768 1874 4029 895
1792 4095 768 2061 4030 896
2048 4095 768 2257 4032 896
2303 4095 768 2465 4034 895
2559 4095 768 2678 4036 894
2815 4095 768 2896 4040 893
3071 4095 768 3118 4042 892
3327 4095 768 3342 4045 891
3583 4095 768 3571 4049 890
3839 4095 768 3796 4047 892
4095 4095 768 4019 4042 897
0 0 1024 159 202 993
256 0 1024 313 192 990
512 0 1024 501 193 989
768 0 1024 738 210 989
1024 0 1024 978 233 988
1280 0 1024 1219 259 987
1536 0 1024 1462 290 987
1792 0 1024 1704 324 987
2048 0 1024 1947 358 987
2303 0 1024 2189 394 986
2559 0 1024 2432 430 986
2815 0 1024 2675 467 985
3071 0 1024 2918 505 985
3327 0 1024 3161 543 984
3583 0 1024 3404 581 984
3839 0 1024 3643 628 985
4095 0 1024 3880 680 987
0 256 1024 175 348 992
256 256 1024 335 347 963
512 256 1024 516 354 946
768 256 1024 730 375 948
1024 256 1024 960 396 960
1280 256 1024 1196 419 973
1536 256 1024 1439 443 981
1792 256 1024 1682 468 986
2048 256 1024 1927 494 990
2303 256 1024 2171 522 991
2559 256 1024 2415 550 992
2815 256 1024 2660 580 992
3071 256 1024 2904 611 992
3327 256 1024 3148 642 991
3583 256 1024 3392 675 991
3839 256 1024 3639 702 988
4095 256 1024 3887 725 985
0 512 1024 209 532 992
256 512 1024 367 534 954
512 512 1024 540 543 934
768 512 1024 738 561 940
1024 512 1024 961 578 955
1280 512 1024 1192 597 970
1536 512 1024 1423 622 982
1792 512 1024 1660 645 992
2048 512 1024 1901 668 999
2303 512 1024 2145 691 1003
2559 512 1024 2390 715 1005
2815 512 1024 2635 739 1006
3071 512 1024 2881 764 1006
3327 512 1024 3126 790 1006
3583 512 1024 3371 817 1005
3839 512 1024 3628 824 997
4095 512 1024 3892 816 984
0 768 1024 270 773 993
256 768 1024 414 770 974
512 768 1024 577 771 967
768 768 1024 769 780 980
1024 768 1024 992 789 983
1280 768 1024 1218 803 984
1536 768 1024 1419 839 994
1792 768 1024 1637 870 1006
2048 768 1024 1867 898 1018
2303 768 1024 2107 922 1024
2559 768 1024 2351 945 1029
2815 768 1024 2596 967 1031
3071 768 1024 2843 988 1032
3327 768 1024 3090 1010 1031
3583 768 1024 3337 1033 1030
3839 768 1024 3607 1018 1013
4095 768 1024 3893 977 986
0 1024 1024 341 1019 996
256 1024 1024 469 1015 989
512 1024 1024 623 1013 989
768 1024 1024 817 1016 999
1024 1024 1024 1027 1024 999
1280 1024 1024 1241 1036 999
1536 1024 1024 1451 1059 1009
1792 1024 1024 1669 1083 1021
2048 1024 1024 1890 1108 1034
2303 1024 1024 2111 1137 1048
2559 1024 1024 2338 1166 1060
2815 1024 1024 2572 1193 1067
3071 1024 1024 2812 1218 1070
3327 1024 1024 3055 1241 1072
3583 1024 1024 3302 1262 1069
3839 1024 1024 3587 1235 1038
4095 1024 1024 3897 1177 989
0 1280 1024 414 1268 999
256 1280 1024 526 1263 1002
512 1280 1024 673 1260 1006
768 1280 1024 870 1258 1015
1024 1280 1024 1066 1266 1015
1280 1280 1024 1267 1275 1016
1536 1280 1024 1491 1284 1025
1792 1280 1024 1710 1299 1036
2048 1280 1024 1927 1318 1049
2303 1280 1024 2132 1351 1068
2559 1280 1024 2344 1383 1085
2815 1280 1024 2566 1414 1099
3071 1280 1024 2796 1443 1108
3327 1280 1024 3030 1469 1112
3583 1280 1024 3277 1489 1108
3839 1280 1024 3572 1457 1063
4095 1280 1024 3901 1390 992
0 1536 1024 487 1517 1003
256 1536 1024 587 1513 1010
512 1536 1024 728 1509 1023
768 1536 1024 930 1503 1044
1024 1536 1024 1115 1510 1046
1280 1536 1024 1303 1518 1045
1536 1536 1024 1520 1526 1050
1792 1536 1024 1740 1537 1056
2048 1536 1024 1961 1549 1062
2303 1536 1024 2181 1568 1071
2559 1536 1024 2399 1590 1084
2815 1536 1024 2612 1617 1104
3071 1536 1024 2825 1649 1125
3327 1536 1024 3044 1680 1141
3583 1536 1024 3288 1698 1134
3839 1536 1024 3581 1673 1081
4095 1536 1024 3907 1618 997
0 1792 1024 562 1767 1009
256 1792 1024 651 1764 1018
512 1792 1024 785 1759 1035
768 1792 1024 984 1752 1064
1024 1792 1024 1171 1754 1076
1280 1792 1024 1360 1760 1083
1536 1792 1024 1564 1767 1083
1792 1792 1024 1776 1776 1087
2048 1792 1024 1993 1786 1093
2303 1792 1024 2213 1799 1099
2559 1792 1024 2431 1816 1110
2815 1792 1024 2644 1838 1128
3071 1792 1024 2855 1867 1148
3327 1792 1024 3070 1895 1163
3583 1792 1024 3307 1914 1159
3839 1792 1024 3594 1895 1099
4095 1792 1024 3914 1852 1003
0 2048 1024 640 2017 1015
256 2048 1024 718 2015 1025
512 2048 1024 842 2010 1044
768 2048 1024 1035 2003 1077
1024 2048 1024 1233 1999 1107
1280 2048 1024 1430 1999 1129
1536 2048 1024 1616 2008 1122
1792 2048 1024 1815 2018 1125
2048 2048 1024 2024 2027 1135
2303 2048 1024 2236 2040 1144
2559 2048 1024 2450 2054 1153
2815 2048 1024 2666 2071 1163
3071 2048 1024 2884 2091 1173
3327 2048 1024 3105 2112 1181
3583 2048 1024 3331 2133 1184
3839 2048 1024 3609 2122 1119
4095 2048 1024 3921 2090 1010
0 2303 1024 717 2267 1023
256 2303 1024 787 2265 1033
512 2303 1024 903 2261 1052
768 2303 1024 1086 2254 1086
1024 2303 1024 1286 2249 1122
1280 2303 1024 1486 2246 1152
1536 2303 1024 1673 2252 1155
1792 2303 1024 1869 2259 1160
2048 2303 1024 2071 2267 1167
2303 2303 1024 2279 2278 1173
2559 2303 1024 2490 2291 1180
2815 2303 1024 2705 2305 1187
3071 2303 1024 2922 2322 1195
3327 2303 1024 3140 2340 1202
3583 2303 1024 3363 2359 1206
3839 2303 1024 3632 2353 1137
4095 2303 1024 3931 2332 1018
0 2559 1024 794 2518 1031
256 2559 1024 857 2517 1041
512 2559 1024 965 2513 1060
768 2559 1024 1139 2506 1094
1024 2559 1024 1339 2500 1135
1280 2559 1024 1541 2495 1172
1536 2559 1024 1729 2498 1183
1792 2559 1024 1921 2503 1190
2048 2559 1024 2118 2510 1194
2303 2559 1024 2323 2520 1199
2559 2559 1024 2532 2530 1204
2815 2559 1024 2744 2542 1209
3071 2559 1024 2960 2556 1214
3327 2559 1024 3177 2571 1220
3583 2559 1024 3397 2588 1225
3839 2559 1024 3656 2587 1152
4095 2559 1024 3942 2575 1027
0 2815 1024 872 2770 1041
256 2815 1024 929 2768 1050
512 2815 1024 1030 2765 1069
768 2815 1024 1194 2759 1102
1024 2815 1024 1391 2752 1146
1280 2815 1024 1593 2746 1186
1536 2815 1024 1782 2746 1204
1792 2815 1024 1974 2750 1213
2048 2815 1024 2166 2756 1216
2303 2815 1024 2368 2764 1219
2559 2815 1024 2574 2773 1222
2815 2815 1024 2785 2783 1226
3071 2815 1024 3000 2794 1230
3327 2815 1024 3216 2807 1234
3583 2815 1024 3436 2821 1238
3839 2815 1024 3685 2824 1164
4095 2815 1024 3953 2820 1038
0 3071 1024 950 3021 1051
256 3071 1024 1002 3020 1060
512 3071 1024 1096 3017 1079
768 3071 1024 1251 3011 1111
1024 3071 1024 1444 3004 1155
1280 3071 1024 1643 2998 1198
1536 3071 1024 1834 2996 1220
1792 3071 1024 2023 2999 1231
2048 3071 1024 2212 3004 1234
2303 3071 1024 2412 3010 1236
2559 3071 1024 2616 3018 1238
2815 3071 1024 2825 3026 1241
3071 3071 1024 3039 3036 1244
3327 3071 1024 3254 3047 1247
3583 3071 1024 3473 3059 1250
3839 3071 1024 3713 3065 1177
4095 3071 1024 3966 3067 1053
0 3327 1024 1028 3272 1063
256 3327 1024 1076 3271 1071
512 3327 1024 1163 3268 1089
768 3327 1024 1309 3263 1120
1024 3327 1024 1497 3256 1165
1280 3327 1024 1694 3250 1209
1536 3327 1024 1884 3247 1234
1792 3327 1024 2072 3249 1246
2048 3327 1024 2258 3253 1250
2303 3327 1024 2456 3258 1251
2559 3327 1024 2658 3264 1253
2815 3327 1024 2865 3271 1255
3071 3327 1024 3077 3280 1257
3327 3327 1024 3292 3289 1259
3583 3327 1024 3509 3299 1261
3839 3327 1024 3740 3307 1190
4095 3327 1024 3980 3314 1070
0 3583 1024 1106 3523 1075
256 3583 1024 1150 3523 1083
512 3583 1024 1232 3520 1100
768 3583 1024 1370 3515 1130
1024 3583 1024 1553 3509 1175
1280 3583 1024 1745 3502 1219
1536 3583 1024 1933 3499 1246
1792 3583 1024 2119 3500 1259
2048 3583 1024 2304 3503 1264
2303 3583 1024 2499 3507 1265
2559 3583 1024 2698 3513 1267
2815 3583 1024 2904 3519 1268
3071 3583 1024 3115 3526 1269
3327 3583 1024 3328 3534 1271
3583 3583 1024 3545 3543 1273
3839 3583 1024 3768 3551 1206
4095 3583 1024 3995 3560 1094
0 3839 1024 1188 3770 1090
256 3839 1024 1224 3770 1095
512 3839 1024 1292 3770 1105
768 3839 1024 1408 3768 1123
1024 3839 1024 1568 3766 1150
1280 3839 1024 1741 3763 1178
1536 3839 1024 1924 3762 1195
1792 3839 1024 2110 3762 1204
2048 3839 1024 2298 3764 1208
2303 3839 1024 2497 3768 1208
2559 3839 1024 2701 3772 1208
2815 3839 1024 2911 3777 1209
3071 3839 1024 3126 3782 1209
3327 3839 1024 3343 3788 1210
3583 3839 1024 3564 3794 1211
3839 3839 1024 3786 3799 1171
4095 3839 1024 4008 3802 1104
0 4095 1024 1274 4013 1108
256 4095 1024 1298 4014 1107
512 4095 1024 1347 4017 1106
768 4095 1024 1430 4022 1104
1024 4095 1024 1556 4026 1103
1280 4095 1024 1701 4030 1102
1536 4095 1024 1875 4031 1103
1792 4095 1024 2062 4032 1103
2048 4095 1024 2258 4034 1103
2303 4095 1024 2466 4036 1103
2559 4095 1024 2678 4038 1102
2815 4095 1024 2897 4041 1102
3071 4095 1024 3119 4044 1101
3327 4095 1024 3344 4047 1100
3583 4095 1024 3573 4051 1100
3839 4095 1024 3797 4048 1102
4095 4095 1024 4018 4042 1104
0 0 1280 190 235 1239
256 0 1280 331 230 1237
512 0 1280 508 232 1235
768 0 1280 742 244 1235
1024 0 1280 981 264 1234
1280 0 1280 1222 287 1234
1536 0 1280 1464 315 1234
1792 0 1280 1706 346 1234
2048 0 1280 1948 377 1234
2303 0 1280 2190 411 1234
2559 0 1280 2433 446 1233
2815 0 1280 2676 482 1233
3071 0 1280 2919 518 1233
3327 0 1280 3161 555 1232
3583 0 1280 3404 592 1232
3839 0 1280 3646 634 1232
4095 0 1280 3886 678 1232
0 256 1280 196 368 1237
256 256 1280 352 371 1206
512 256 1280 531 380 1185
768 256 1280 742 398 1179
1024 256 1280 969 418 1192
1280 256 1280 1202 438 1208
1536 256 1280 1443 460 1218
1792 256 1280 1685 484 1226
2048 256 1280 1929 508 1231
2303 256 1280 2172 535 1233
2559 256 1280 2417 563 1235
2815 256 1280 2661 591 1236
3071 256 1280 2905 622 1237
3327 256 1280 3149 652 1237
3583 256 1280 3393 684 1237
3839 256 1280 3640 709 1235
4095 256 1280 3889 729 1232
0 512 1280 223 543 1237
256 512 1280 382 548 1194
512 512 1280 556 559 1167
768 512 1280 752 576 1164
1024 512 1280 971 593 1180
1280 512 1280 1197 611 1198
1536 512 1280 1427 634 1210
1792 512 1280 1663 657 1221
2048 512 1280 1904 678 1231
2303 512 1280 2147 701 1237
2559 512 1280 2391 724 1241
2815 512 1280 2636 748 1245
3071 512 1280 2881 773 1246
3327 512 1280 3127 798 1247
3583 512 1280 3372 825 1248
3839 512 1280 3628 831 1242
4095 512 1280 3892 824 1232
0 768 1280 283 780 1238
256 768 1280 425 779 1210
512 768 1280 587 782 1198
768 768 1280 778 790 1210
1024 768 1280 996 800 1213
1280 768 1280 1216 816 1213
1536 768 1280 1420 851 1212
1792 768 1280 1639 881 1220
2048 768 1280 1870 907 1235
2303 768 1280 2110 929 1245
2559 768 1280 2352 952 1254
2815 768 1280 2598 973 1260
3071 768 1280 2844 995 1263
3327 768 1280 3090 1017 1266
3583 768 1280 3337 1039 1267
3839 768 1280 3608 1023 1254
4095 768 1280 3894 983 1233
0 1024 1280 352 1025 1241
256 1024 1280 478 1022 1225
512 1024 1280 631 1021 1217
768 1024 1280 826 1023 1221
1024 1024 1280 1031 1032 1225
1280 1024 1280 1241 1044 1228
1536 1024 1280 1458 1065 1226
1792 1024 1280 1678 1087 1232
2048 1024 1280 1900 1110 1244
2303 1024 1280 2115 1143 1262
2559 1024 1280 2338 1173 1276
2815 1024 1280 2572 1199 1286
3071 1024 1280 2812 1223 1292
3327 1024 1280 3055 1246 1296
3583 1024 1280 3302 1267 1297
3839 1024 1280 3587 1240 1274
4095 1024 1280 3897 1181 1236
0 1280 1280 422 1272 1243
256 1280 1280 533 1268 1238
512 1280 1280 680 1265 1233
768 1280 1280 879 1263 1229
1024 1280 1280 1070 1271 1235
1280 1280 1280 1268 1281 1241
1536 1280 1280 1501 1286 1241
1792 1280 1280 1726 1298 1245
2048 1280 1280 1945 1315 1251
2303 1280 1280 2141 1353 1272
2559 1280 1280 2347 1388 1292
2815 1280 1280 2567 1419 1308
3071 1280 1280 2795 1448 1320
3327 1280 1280 3029 1475 1329
3583 1280 1280 3276 1494 1328
3839 1280 1280 3572 1461 1294
4095 1280 1280 3902 1393 1238
0 1536 1280 493 1520 1246
256 1536 1280 593 1517 1247
512 1536 1280 733 1513 1250
768 1536 1280 935 1508 1258
1024 1536 1280 1111 1517 1252
1280 1536 1280 1292 1528 1245
1536 1536 1280 1520 1532 1245
1792 1536 1280 1749 1539 1246
2048 1536 1280 1979 1547 1247
2303 1536 1280 2204 1563 1253
2559 1536 1280 2422 1584 1269
2815 1536 1280 2628 1613 1298
3071 1536 1280 2829 1652 1332
3327 1536 1280 3039 1687 1358
3583 1536 1280 3286 1703 1351
3839 1536 1280 3581 1676 1309
4095 1536 1280 3907 1622 1242
0 1792 1280 568 1770 1250
256 1792 1280 656 1767 1255
512 1792 1280 789 1762 1264
768 1792 1280 988 1756 1280
1024 1792 1280 1168 1760 1282
1280 1792 1280 1350 1767 1280
1536 1792 1280 1558 1775 1274
1792 1792 1280 1777 1781 1274
2048 1792 1280 2004 1787 1279
2303 1792 1280 2232 1795 1283
2559 1792 1280 2452 1810 1296
2815 1792 1280 2659 1834 1323
3071 1792 1280 2857 1869 1356
3327 1792 1280 3062 1902 1382
3583 1792 1280 3302 1919 1377
3839 1792 1280 3592 1899 1327
4095 1792 1280 3914 1855 1246
0 2048 1280 645 2020 1255
256 2048 1280 722 2017 1262
512 2048 1280 846 2013 1275
768 2048 1280 1038 2006 1298
1024 2048 1280 1236 2002 1322
1280 2048 1280 1431 2002 1337
1536 2048 1280 1609 2014 1320
1792 2048 1280 1808 2024 1321
2048 2048 1280 2022 2031 1333
2303 2048 1280 2236 2043 1346
2559 2048 1280 2452 2057 1358
2815 2048 1280 2669 2073 1370
3071 2048 1280 2881 2096 1389
3327 2048 1280 3095 2119 1405
3583 2048 1280 3322 2140 1406
3839 2048 1280 3604 2127 1348
4095 2048 1280 3922 2092 1251
0 2303 1280 721 2270 1261
256 2303 1280 791 2267 1268
512 2303 1280 906 2263 1283
768 2303 1280 1089 2257 1308
1024 2303 1280 1290 2251 1340
1280 2303 1280 1491 2248 1366
1536 2303 1280 1675 2254 1369
1792 2303 1280 1868 2262 1373
2048 2303 1280 2069 2270 1377
2303 2303 1280 2278 2281 1387
2559 2303 1280 2489 2294 1397
2815 2303 1280 2702 2308 1408
3071 2303 1280 2915 2327 1422
3327 2303 1280 3129 2346 1434
3583 2303 1280 3348 2367 1443
3839 2303 1280 3622 2360 1376
4095 2303 1280 3932 2334 1257
0 2559 1280 798 2520 1267
256 2559 1280 861 2519 1275
512 2559 1280 968 2515 1290
768 2559 1280 1141 2508 1318
1024 2559 1280 1343 2501 1355
1280 2559 1280 1548 2495 1390
1536 2559 1280 1739 2497 1410
1792 2559 1280 1930 2503 1418
2048 2559 1280 2120 2511 1419
2303 2559 1280 2324 2521 1426
2559 2559 1280 2530 2532 1435
2815 2559 1280 2740 2545 1444
3071 2559 1280 2953 2560 1453
3327 2559 1280 3166 2577 1463
3583 2559 1280 3380 2596 1474
3839 2559 1280 3644 2594 1398
4095 2559 1280 3942 2577 1264
0 2815 1280 876 2771 1274
256 2815 1280 932 2770 1282
512 2815 1280 1032 2766 1298
768 2815 1280 1196 2760 1325
1024 2815 1280 1395 2753 1365
1280 2815 1280 1601 2746 1406
1536 2815 1280 1801 2743 1440
1792 2815 1280 1992 2746 1454
2048 2815 1280 2177 2754 1456
2303 2815 1280 2376 2762 1462
2559 2815 1280 2578 2772 1468
2815 2815 1280 2784 2783 1474
3071 2815 1280 2995 2796 1481
3327 2815 1280 3206 2811 1488
3583 2815 1280 3421 2827 1496
3839 2815 1280 3674 2829 1414
4095 2815 1280 3954 2822 1272
0 3071 1280 953 3022 1282
256 3071 1280 1005 3021 1290
512 3071 1280 1098 3018 1306
768 3071 1280 1253 3013 1333
1024 3071 1280 1447 3005 1373
1280 3071 1280 1651 2997 1417
1536 3071 1280 1857 2992 1460
1792 3071 1280 2049 2993 1479
2048 3071 1280 2233 2999 1484
2303 3071 1280 2427 3006 1488
2559 3071 1280 2626 3015 1493
2815 3071 1280 2830 3024 1498
3071 3071 1280 3039 3036 1503
3327 3071 1280 3249 3048 1508
3583 3071 1280 3463 3062 1514
3839 3071 1280 3705 3068 1429
4095 3071 1280 3967 3069 1283
0 3327 1280 1031 3273 1291
256 3327 1280 1078 3272 1298
512 3327 1280 1165 3270 1314
768 3327 1280 1311 3265 1340
1024 3327 1280 1500 3257 1381
1280 3327 1280 1701 3249 1426
1536 3327 1280 1911 3242 1475
1792 3327 1280 2105 3242 1500
2048 3327 1280 2288 3245 1508
2303 3327 1280 2479 3252 1511
2559 3327 1280 2675 3259 1514
2815 3327 1280 2876 3267 1518
3071 3327 1280 3083 3277 1522
3327 3327 1280 3292 3288 1526
3583 3327 1280 3505 3300 1530
3839 3327 1280 3737 3309 1445
4095 3327 1280 3981 3315 1301
0 3583 1280 1108 3525 1301
256 3583 1280 1153 3524 1308
512 3583 1280 1234 3521 1323
768 3583 1280 1372 3517 1349
1024 3583 1280 1555 3510 1389
1280 3583 1280 1752 3502 1434
1536 3583 1280 1962 3494 1486
1792 3583 1280 2156 3492 1514
2048 3583 1280 2340 3494 1527
2303 3583 1280 2529 3500 1529
2559 3583 1280 2722 3506 1532
2815 3583 1280 2921 3513 1534
3071 3583 1280 3127 3522 1537
3327 3583 1280 3334 3531 1540
3583 3583 1280 3546 3541 1544
3839 3583 1280 3768 3552 1468
4095 3583 1280 3997 3563 1340
0 3839 1280 1192 3769 1313
256 3839 1280 1228 3769 1317
512 3839 1280 1295 3769 1326
768 3839 1280 1410 3769 1341
1024 3839 1280 1570 3767 1366
1280 3839 1280 1746 3763 1394
1536 3839 1280 1942 3759 1427
1792 3839 1280 2134 3758 1446
2048 3839 1280 2323 3759 1455
2303 3839 1280 2518 3763 1456
2559 3839 1280 2718 3768 1457
2815 3839 1280 2924 3773 1459
3071 3839 1280 3135 3779 1461
3327 3839 1280 3349 3786 1462
3583 3839 1280 3567 3793 1464
3839 3839 1280 3787 3799 1419
4095 3839 1280 4008 3804 1344
0 4095 1280 1279 4009 1327
256 4095 1280 1303 4011 1327
512 4095 1280 1351 4015 1325
768 4095 1280 1433 4022 1324
1024 4095 1280 1559 4027 1323
1280 4095 1280 1703 4031 1322
1536 4095 1280 1876 4032 1322
1792 4095 1280 2063 4033 1322
2048 4095 1280 2258 4035 1323
2303 4095 1280 2466 4037 1322
2559 4095 1280 2679 4040 1322
2815 4095 1280 2898 4042 1322
3071 4095 1280 3120 4045 1322
3327 4095 1280 3345 4048 1321
3583 4095 1280 3574 4052 1322
3839 4095 1280 3797 4049 1323
4095 4095 1280 4017 4041 1323
0 0 1536 232 275 1484
256 0 1536 352 270 1483
512 0 1536 516 271 1482
768 0 1536 747 282 1481
1024 0 1536 985 300 1481
1280 0 1536 1225 320 1481
1536 0 1536 1466 345 1481
1792 0 1536 1708 373 1481
2048 0 1536 1950 402 1481
2303 0 1536 2192 434 1481
2559 0 1536 2434 466 1481
2815 0 1536 2677 500 1480
3071 0 1536 2920 535 1480
3327 0 1536 3162 571 1480
3583 0 1536 3405 607 1479
3839 0 1536 3642 655 1480
4095 0 1536 3876 712 1481
0 256 1536 227 396 1483
256 256 1536 373 399 1454
512 256 1536 545 408 1431
768 256 1536 756 426 1418
1024 256 1536 980 443 1429
1280 256 1536 1210 461 1446
1536 256 1536 1448 482 1458
1792 256 1536 1690 504 1466
2048 256 1536 1932 527 1472
2303 256 1536 2175 552 1476
2559 256 1536 2418 579 1479
2815 256 1536 2662 606 1480
3071 256 1536 2906 636 1481
3327 256 1536 3150 666 1482
3583 256 1536 3394 697 1482
3839 256 1536 3639 724 1481
4095 256 1536 3886 749 1480
0 512 1536 245 560 1483
256 512 1536 400 566 1442
512 512 1536 573 578 1408
768 512 1536 773 596 1384
1024 512 1536 986 612 1400
1280 512 1536 1205 629 1424
1536 512 1536 1434 650 1437
1792 512 1536 1669 671 1451
2048 512 1536 1908 692 1463
2303 512 1536 2150 714 1471
2559 512 1536 2394 736 1478
2815 512 1536 2638 759 1483
3071 512 1536 2883 784 1486
3327 512 1536 3128 809 1488
3583 512 1536 3373 835 1489
3839 512 1536 3629 842 1486
4095 512 1536 3893 834 1479
0 768 1536 299 791 1484
256 768 1536 439 791 1454
512 768 1536 602 796 1425
768 768 1536 802 807 1397
1024 768 1536 1008 820 1405
1280 768 1536 1216 836 1420
1536 768 1536 1425 867 1423
1792 768 1536 1646 893 1435
2048 768 1536 1875 918 1453
2303 768 1536 2114 940 1467
2559 768 1536 2356 961 1479
2815 768 1536 2600 982 1488
3071 768 1536 2846 1003 1494
3327 768 1536 3092 1025 1499
3583 768 1536 3339 1047 1502
3839 768 1536 3609 1031 1495
4095 768 1536 3895 992 1481
0 1024 1536 364 1033 1486
256 1024 1536 488 1031 1466
512 1024 1536 643 1031 1444
768 1024 1536 845 1036 1418
1024 1024 1536 1042 1045 1433
1280 1024 1536 1242 1058 1453
1536 1024 1536 1461 1076 1453
1792 1024 1536 1680 1099 1458
2048 1024 1536 1897 1124 1465
2303 1024 1536 2115 1154 1480
2559 1024 1536 2340 1182 1493
2815 1024 1536 2574 1208 1505
3071 1024 1536 2814 1231 1514
3327 1024 1536 3057 1253 1521
3583 1024 1536 3304 1273 1524
3839 1024 1536 3588 1246 1510
4095 1024 1536 3898 1188 1482
0 1280 1536 432 1278 1488
256 1280 1536 541 1275 1477
512 1280 1536 689 1273 1463
768 1280 1536 892 1272 1442
1024 1280 1536 1080 1278 1463
1280 1280 1536 1272 1286 1487
1536 1280 1536 1504 1291 1487
1792 1280 1536 1723 1307 1484
2048 1280 1536 1934 1330 1480
2303 1280 1536 2137 1364 1493
2559 1280 1536 2347 1397 1506
2815 1280 1536 2567 1428 1522
3071 1280 1536 2795 1456 1535
3327 1280 1536 3030 1482 1545
3583 1280 1536 3277 1500 1548
3839 1280 1536 3574 1466 1525
4095 1280 1536 3902 1399 1484
0 1536 1536 503 1525 1491
256 1536 1536 601 1522 1486
512 1536 1536 741 1519 1481
768 1536 1536 943 1515 1474
1024 1536 1536 1121 1522 1480
1280 1536 1536 1303 1530 1487
1536 1536 1536 1525 1536 1489
1792 1536 1536 1750 1545 1489
2048 1536 1536 1977 1555 1488
2303 1536 1536 2204 1569 1491
2559 1536 1536 2421 1591 1503
2815 1536 1536 2621 1624 1526
3071 1536 1536 2824 1661 1551
3327 1536 1536 3037 1695 1571
3583 1536 1536 3286 1709 1569
3839 1536 1536 3582 1681 1538
4095 1536 1536 3908 1626 1487
0 1792 1536 577 1774 1494
256 1792 1536 663 1771 1494
512 1792 1536 795 1767 1496
768 1792 1536 993 1761 1499
1024 1792 1536 1176 1764 1505
1280 1792 1536 1359 1771 1508
1536 1792 1536 1557 1780 1502
1792 1792 1536 1775 1787 1500
2048 1792 1536 2005 1792 1502
2303 1792 1536 2238 1799 1503
2559 1792 1536 2461 1812 1511
2815 1792 1536 2668 1837 1529
3071 1792 1536 2862 1873 1562
3327 1792 1536 3062 1908 1592
3583 1792 1536 3302 1924 1592
3839 1792 1536 3592 1904 1554
4095 1792 1536 3915 1859 1491
0 2048 1536 652 2023 1498
256 2048 1536 728 2021 1501
512 2048 1536 851 2017 1508
768 2048 1536 1042 2010 1521
1024 2048 1536 1240 2007 1535
1280 2048 1536 1433 2008 1543
1536 2048 1536 1597 2024 1523
1792 2048 1536 1798 2033 1516
2048 2048 1536 2022 2038 1520
2303 2048 1536 2250 2045 1523
2559 2048 1536 2480 2053 1526
2815 2048 1536 2711 2061 1530
3071 2048 1536 2905 2090 1569
3327 2048 1536 3098 2122 1609
3583 2048 1536 3323 2143 1616
3839 2048 1536 3604 2131 1572
4095 2048 1536 3923 2096 1495
0 2303 1536 727 2273 1503
256 2303 1536 796 2271 1507
512 2303 1536 911 2267 1517
768 2303 1536 1093 2260 1534
1024 2303 1536 1293 2254 1556
1280 2303 1536 1492 2252 1574
1536 2303 1536 1667 2261 1570
1792 2303 1536 1855 2272 1556
2048 2303 1536 2051 2283 1535
2303 2303 1536 2276 2289 1543
2559 2303 1536 2501 2296 1553
2815 2303 1536 2725 2305 1565
3071 2303 1536 2935 2324 1589
3327 2303 1536 3141 2346 1617
3583 2303 1536 3351 2370 1644
3839 2303 1536 3621 2363 1597
4095 2303 1536 3932 2337 1500
0 2559 1536 803 2523 1508
256 2559 1536 865 2521 1514
512 2559 1536 972 2518 1525
768 2559 1536 1145 2511 1545
1024 2559 1536 1346 2504 1574
1280 2559 1536 1549 2499 1601
1536 2559 1536 1735 2502 1613
1792 2559 1536 1917 2511 1600
2048 2559 1536 2095 2525 1572
2303 2559 1536 2313 2531 1582
2559 2559 1536 2530 2538 1595
2815 2559 1536 2748 2548 1610
3071 2559 1536 2964 2560 1625
3327 2559 1536 3178 2576 1642
3583 2559 1536 3381 2599 1675
3839 2559 1536 3643 2598 1620
4095 2559 1536 3943 2580 1506
0 2815 1536 880 2773 1514
256 2815 1536 937 2772 1520
512 2815 1536 1036 2769 1532
768 2815 1536 1199 2763 1554
1024 2815 1536 1397 2755 1587
1280 2815 1536 1602 2748 1620
1536 2815 1536 1801 2746 1648
1792 2815 1536 1986 2751 1652
2048 2815 1536 2163 2761 1640
2303 2815 1536 2367 2768 1649
2559 2815 1536 2574 2777 1660
2815 2815 1536 2783 2787 1671
3071 2815 1536 2993 2800 1682
3327 2815 1536 3205 2814 1694
3583 2815 1536 3416 2831 1709
3839 2815 1536 3671 2833 1639
4095 2815 1536 3955 2824 1512
0 3071 1536 957 3024 1521
256 3071 1536 1009 3023 1527
512 3071 1536 1102 3020 1540
768 3071 1536 1256 3015 1562
1024 3071 1536 1449 3007 1596
1280 3071 1536 1653 3000 1633
1536 3071 1536 1858 2995 1670
1792 3071 1536 2049 2996 1687
2048 3071 1536 2231 3002 1690
2303 3071 1536 2427 3009 1698
2559 3071 1536 2626 3017 1706
2815 3071 1536 2829 3027 1714
3071 3071 1536 3036 3038 1723
3327 3071 1536 3245 3051 1732
3583 3071 1536 3456 3066 1741
3839 3071 1536 3701 3072 1661
4095 3071 1536 3968 3071 1521
0 3327 1536 1034 3275 1528
256 3327 1536 1082 3274 1534
512 3327 1536 1168 3272 1547
768 3327 1536 1314 3267 1570
1024 3327 1536 1502 3259 1605
1280 3327 1536 1703 3251 1644
1536 3327 1536 1912 3244 1687
1792 3327 1536 2109 3243 1715
2048 3327 1536 2298 3244 1733
2303 3327 1536 2487 3251 1738
2559 3327 1536 2681 3259 1744
2815 3327 1536 2880 3267 1750
3071 3327 1536 3083 3278 1757
3327 3327 1536 3289 3289 1764
3583 3327 1536 3499 3302 1771
3839 3327 1536 3732 3311 1685
4095 3327 1536 3982 3317 1538
0 3583 1536 1111 3527 1535
256 3583 1536 1156 3526 1542
512 3583 1536 1237 3523 1555
768 3583 1536 1374 3518 1577
1024 3583 1536 1556 3511 1613
1280 3583 1536 1753 3504 1653
1536 3583 1536 1963 3496 1698
1792 3583 1536 2164 3492 1733
2048 3583 1536 2359 3491 1761
2303 3583 1536 2545 3496 1767
2559 3583 1536 2736 3503 1773
2815 3583 1536 2931 3511 1778
3071 3583 1536 3133 3520 1783
3327 3583 1536 3336 3530 1788
3583 3583 1536 3544 3542 1794
3839 3583 1536 3765 3553 1716
4095 3583 1536 3996 3565 1583
0 3839 1536 1196 3769 1545
256 3839 1536 1232 3769 1549
512 3839 1536 1299 3770 1557
768 3839 1536 1412 3771 1571
1024 3839 1536 1572 3769 1592
1280 3839 1536 1748 3765 1618
1536 3839 1536 1944 3760 1647
1792 3839 1536 2140 3758 1670
2048 3839 1536 2337 3757 1690
2303 3839 1536 2531 3761 1694
2559 3839 1536 2729 3766 1698
2815 3839 1536 2932 3771 1701
3071 3839 1536 3141 3778 1703
3327 3839 1536 3352 3785 1706
3583 3839 1536 3567 3793 1709
3839 3839 1536 3785 3800 1663
4095 3839 1536 4006 3805 1583
0 4095 1536 1286 4005 1557
256 4095 1536 1309 4008 1556
512 4095 1536 1355 4014 1555
768 4095 1536 1434 4024 1554
1024 4095 1536 1561 4029 1554
1280 4095 1536 1705 4032 1554
1536 4095 1536 1878 4033 1553
1792 4095 1536 2064 4035 1553
2048 4095 1536 2259 4037 1553
2303 4095 1536 2467 4039 1553
2559 4095 1536 2680 4041 1553
2815 4095 1536 2899 4044 1554
3071 4095 1536 3121 4047 1553
3327 4095 1536 3346 4050 1552
3583 4095 1536 3574 4054 1553
3839 4095 1536 3797 4049 1553
4095 4095 1536 4015 4040 1553
0 0 1792 272 318 1730
256 0 1792 375 312 1729
512 0 1792 527 312 1728
768 0 1792 754 322 1728
1024 0 1792 990 337 1728
1280 0 1792 1229 355 1728
1536 0 1792 1469 378 1728
1792 0 1792 1710 403 1728
2048 0 1792 1952 429 1728
2303 0 1792 2193 459 1728
2559 0 1792 2436 490 1728
2815 0 1792 2678 522 1728
3071 0 1792 2921 555 1727
3327 0 1792 3164 589 1727
3583 0 1792 3406 624 1727
3839 0 1792 3643 672 1727
4095 0 1792 3875 729 1727
0 256 1792 257 426 1729
256 256 1792 394 429 1703
512 256 1792 560 438 1679
768 256 1792 771 455 1660
1024 256 1792 992 471 1670
1280 256 1792 1219 487 1686
1536 256 1792 1455 506 1698
1792 256 1792 1695 526 1707
2048 256 1792 1936 548 1715
2303 256 1792 2178 572 1719
2559 256 1792 2421 597 1722
2815 256 1792 2664 624 1725
3071 256 1792 2908 652 1726
3327 256 1792 3151 681 1727
3583 256 1792 3395 712 1728
3839 256 1792 3640 739 1728
4095 256 1792 3885 765 1727
0 512 1792 268 580 1730
256 512 1792 419 587 1691
512 512 1792 590 599 1653
768 512 1792 793 617 1616
1024 512 1792 1002 633 1628
1280 512 1792 1216 649 1651
1536 512 1792 1443 668 1667
1792 512 1792 1676 688 1682
2048 512 1792 1914 708 1697
2303 512 1792 2155 729 1707
2559 512 1792 2397 751 1715
2815 512 1792 2641 773 1721
3071 512 1792 2886 797 1726
3327 512 1792 3130 822 1729
3583 512 1792 3375 848 1731
3839 512 1792 3630 854 1730
4095 512 1792 3892 848 1727
0 768 1792 318 804 1730
256 768 1792 454 805 1700
512 768 1792 618 811 1662
768 768 1792 824 824 1610
1024 768 1792 1024 839 1612
1280 768 1792 1224 857 1626
1536 768 1792 1434 883 1635
1792 768 1792 1655 908 1652
2048 768 1792 1883 930 1673
2303 768 1792 2121 951 1691
2559 768 1792 2361 972 1706
2815 768 1792 2604 993 1717
3071 768 1792 2849 1013 1726
3327 768 1792 3095 1034 1733
3583 768 1792 3341 1056 1738
3839 768 1792 3610 1041 1735
4095 768 1792 3895 1002 1728
0 1024 1792 379 1042 1732
256 1024 1792 500 1041 1710
512 1024 1792 656 1043 1679
768 1024 1792 863 1049 1633
1024 1024 1792 1056 1060 1642
1280 1024 1792 1251 1073 1662
1536 1024 1792 1469 1088 1676
1792 1024 1792 1684 1111 1682
2048 1024 1792 1898 1138 1683
2303 1024 1792 2118 1166 1696
2559 1024 1792 2344 1193 1710
2815 1024 1792 2578 1217 1725
3071 1024 1792 2817 1240 1736
3327 1024 1792 3059 1262 1746
3583 1024 1792 3306 1282 1752
3839 1024 1792 3590 1254 1745
4095 1024 1792 3899 1196 1729
0 1280 1792 445 1285 1734
256 1280 1792 552 1283 1719
512 1280 1792 698 1281 1698
768 1280 1792 905 1281 1664
1024 1280 1792 1093 1288 1679
1280 1280 1792 1284 1295 1704
1536 1280 1792 1509 1299 1725
1792 1280 1792 1723 1317 1721
2048 1280 1792 1929 1345 1701
2303 1280 1792 2136 1376 1709
2559 1280 1792 2348 1407 1720
2815 1280 1792 2568 1437 1735
3071 1280 1792 2797 1465 1749
3327 1280 1792 3032 1489 1762
3583 1280 1792 3279 1507 1769
3839 1280 1792 3575 1473 1756
4095 1280 1792 3903 1405 1731
0 1536 1792 514 1531 1736
256 1536 1792 610 1529 1728
512 1536 1792 748 1526 1715
768 1536 1792 952 1523 1695
1024 1536 1792 1136 1528 1698
1280 1536 1792 1322 1535 1709
1536 1536 1792 1532 1542 1728
1792 1536 1792 1752 1551 1732
2048 1536 1792 1977 1563 1726
2303 1536 1792 2205 1576 1728
2559 1536 1792 2420 1599 1735
2815 1536 1792 2615 1635 1750
3071 1536 1792 2821 1671 1768
3327 1536 1792 3037 1703 1784
3583 1536 1792 3287 1716 1787
3839 1536 1792 3583 1687 1767
4095 1536 1792 3909 1631 1733
0 1792 1792 586 1779 1739
256 1792 1792 671 1777 1735
512 1792 1792 802 1773 1730
768 1792 1792 999 1768 1722
1024 1792 1792 1188 1770 1722
1280 1792 1792 1375 1775 1726
1536 1792 1792 1561 1786 1735
1792 1792 1792 1775 1793 1738
2048 1792 1792 2007 1797 1738
2303 1792 1792 2242 1803 1738
2559 1792 1792 2465 1817 1741
2815 1792 1792 2670 1844 1750
3071 1792 1792 2861 1881 1777
3327 1792 1792 3061 1916 1803
3583 1792 1792 3303 1930 1807
3839 1792 1792 3593 1909 1781
4095 1792 1792 3916 1863 1736
0 2048 1792 660 2027 1742
256 2048 1792 735 2025 1742
512 2048 1792 857 2022 1743
768 2048 1792 1047 2015 1745
1024 2048 1792 1246 2012 1750
1280 2048 1792 1438 2014 1753
1536 2048 1792 1595 2031 1745
1792 2048 1792 1795 2040 1741
2048 2048 1792 2024 2043 1741
2303 2048 1792 2257 2048 1741
2559 2048 1792 2492 2054 1741
2815 2048 1792 2728 2059 1741
3071 2048 1792 2914 2092 1780
3327 2048 1792 3098 2128 1821
3583 2048 1792 3323 2149 1829
3839 2048 1792 3605 2135 1797
4095 2048 1792 3924 2100 1740
0 2303 1792 734 2276 1746
256 2303 1792 803 2274 1748
512 2303 1792 916 2271 1753
768 2303 1792 1098 2264 1761
1024 2303 1792 1298 2259 1773
1280 2303 1792 1496 2257 1784
1536 2303 1792 1666 2267 1783
1792 2303 1792 1851 2278 1769
2048 2303 1792 2046 2290 1745
2303 2303 1792 2276 2294 1750
2559 2303 1792 2507 2299 1755
2815 2303 1792 2738 2306 1763
3071 2303 1792 2947 2325 1787
3327 2303 1792 3150 2348 1817
3583 2303 1792 3353 2374 1851
3839 2303 1792 3622 2368 1820
4095 2303 1792 3933 2340 1744
0 2559 1792 809 2526 1750
256 2559 1792 871 2524 1754
512 2559 1792 977 2521 1761
768 2559 1792 1149 2515 1774
1024 2559 1792 1350 2508 1794
1280 2559 1792 1552 2503 1812
1536 2559 1792 1736 2507 1821
1792 2559 1792 1912 2518 1805
2048 2559 1792 2084 2534 1772
2303 2559 1792 2306 2539 1777
2559 2559 1792 2530 2544 1784
2815 2559 1792 2755 2551 1795
3071 2559 1792 2976 2561 1808
3327 2559 1792 3192 2576 1829
3583 2559 1792 3384 2603 1878
3839 2559 1792 3642 2602 1841
4095 2559 1792 3944 2583 1748
0 2815 1792 886 2776 1755
256 2815 1792 942 2775 1760
512 2815 1792 1040 2772 1769
768 2815 1792 1203 2766 1785
1024 2815 1792 1400 2759 1809
1280 2815 1792 1605 2752 1835
1536 2815 1792 1803 2750 1857
1792 2815 1792 1981 2757 1853
2048 2815 1792 2148 2770 1833
2303 2815 1792 2353 2778 1832
2559 2815 1792 2563 2786 1834
2815 2815 1792 2781 2794 1842
3071 2815 1792 3000 2803 1851
3327 2815 1792 3215 2816 1866
3583 2815 1792 3416 2835 1910
3839 2815 1792 3668 2837 1862
4095 2815 1792 3956 2827 1754
0 3071 1792 962 3027 1761
256 3071 1792 1014 3026 1766
512 3071 1792 1106 3023 1776
768 3071 1792 1259 3017 1794
1024 3071 1792 1452 3010 1821
1280 3071 1792 1655 3003 1850
1536 3071 1792 1860 2998 1881
1792 3071 1792 2048 3000 1893
2048 3071 1792 2224 3008 1892
2303 3071 1792 2413 3018 1883
2559 3071 1792 2612 3027 1881
2815 3071 1792 2823 3034 1891
3071 3071 1792 3036 3043 1900
3327 3071 1792 3249 3055 1913
3583 3071 1792 3456 3070 1940
3839 3071 1792 3700 3075 1879
4095 3071 1792 3969 3073 1760
0 3327 1792 1039 3278 1767
256 3327 1792 1086 3277 1772
512 3327 1792 1172 3274 1783
768 3327 1792 1317 3269 1802
1024 3327 1792 1505 3262 1831
1280 3327 1792 1705 3254 1864
1536 3327 1792 1914 3247 1900
1792 3327 1792 2112 3245 1926
2048 3327 1792 2302 3246 1945
2303 3327 1792 2478 3257 1932
2559 3327 1792 2666 3267 1929
2815 3327 1792 2871 3274 1939
3071 3327 1792 3078 3283 1949
3327 3327 1792 3287 3294 1960
3583 3327 1792 3498 3306 1971
3839 3327 1792 3732 3314 1900
4095 3327 1792 3983 3320 1773
0 3583 1792 1116 3529 1773
256 3583 1792 1160 3528 1779
512 3583 1792 1241 3525 1790
768 3583 1792 1378 3521 1809
1024 3583 1792 1559 3513 1839
1280 3583 1792 1755 3506 1873
1536 3583 1792 1965 3498 1913
1792 3583 1792 2168 3494 1948
2048 3583 1792 2367 3491 1979
2303 3583 1792 2546 3499 1977
2559 3583 1792 2732 3507 1979
2815 3583 1792 2929 3514 1986
3071 3583 1792 3131 3523 1993
3327 3583 1792 3335 3533 2002
3583 3583 1792 3542 3544 2011
3839 3583 1792 3765 3556 1936
4095 3583 1792 3998 3567 1805
0 3839 1792 1200 3771 1781
256 3839 1792 1234 3773 1785
512 3839 1792 1301 3774 1791
768 3839 1792 1415 3774 1803
1024 3839 1792 1574 3771 1822
1280 3839 1792 1750 3767 1844
1536 3839 1792 1946 3762 1870
1792 3839 1792 2144 3759 1894
2048 3839 1792 2343 3758 1916
2303 3839 1792 2534 3762 1918
2559 3839 1792 2730 3768 1920
2815 3839 1792 2933 3773 1924
3071 3839 1792 3141 3780 1928
3327 3839 1792 3351 3787 1932
3583 3839 1792 3566 3796 1937
3839 3839 1792 3785 3802 1889
4095 3839 1792 4008 3807 1807
0 4095 1792 1288 4007 1790
256 4095 1792 1309 4014 1790
512 4095 1792 1354 4021 1789
768 4095 1792 1436 4029 1789
1024 4095 1792 1563 4032 1789
1280 4095 1792 1708 4034 1789
1536 4095 1792 1880 4035 1789
1792 4095 1792 2066 4037 1788
2048 4095 1792 2261 4038 1788
2303 4095 1792 2469 4041 1788
2559 4095 1792 2682 4043 1789
2815 4095 1792 2900 4045 1789
3071 4095 1792 3123 4048 1788
3327 4095 1792 3347 4052 1788
3583 4095 1792 3575 4055 1788
3839 4095 1792 3798 4051 1788
4095 4095 1792 4017 4043 1787
0 0 2048 309 362 1975
256 0 2048 397 355 1975
512 0 2048 540 354 1975
768 0 2048 762 363 1975
1024 0 2048 996 376 1975
1280 0 2048 1233 392 1975
1536 0 2048 1473 412 1975
1792 0 2048 1713 434 1975
2048 0 2048 1954 458 1975
2303 0 2048 2195 486 1975
2559 0 2048 2438 515 1975
2815 0 2048 2680 545 1975
3071 0 2048 2922 577 1974
3327 0 2048 3165 609 1974
3583 0 2048 3408 643 1974
3839 0 2048 3646 686 1973
4095 0 2048 3881 735 1973
0 256 2048 288 458 1975
256 256 2048 415 461 1952
512 256 2048 575 469 1928
768 256 2048 786 485 1904
1024 256 2048 1005 500 1913
1280 256 2048 1228 514 1928
1536 256 2048 1462 531 1940
1792 256 2048 1700 550 1949
2048 256 2048 1940 570 1957
2303 256 2048 2181 593 1962
2559 256 2048 2424 618 1966
2815 256 2048 2667 643 1969
3071 256 2048 2910 670 1971
3327 256 2048 3153 698 1972
3583 256 2048 3396 728 1973
3839 256 2048 3641 754 1973
4095 256 2048 3887 779 1973
0 512 2048 293 602 1976
256 512 2048 438 609 1940
512 512 2048 607 621 1901
768 512 2048 813 640 1856
1024 512 2048 1019 655 1862
1280 512 2048 1229 670 1880
1536 512 2048 1454 688 1898
1792 512 2048 1685 706 1916
2048 512 2048 1920 725 1932
2303 512 2048 2160 746 1943
2559 512 2048 2401 767 1953
2815 512 2048 2644 789 1960
3071 512 2048 2888 812 1965
3327 512 2048 3132 836 1970
3583 512 2048 3377 861 1973
3839 512 2048 3631 869 1974
4095 512 2048 3892 864 1974
0 768 2048 338 818 1977
256 768 2048 470 820 1947
512 768 2048 633 827 1904
768 768 2048 845 841 1841
1024 768 2048 1041 859 1828
1280 768 2048 1238 878 1831
1536 768 2048 1447 901 1848
1792 768 2048 1666 923 1870
2048 768 2048 1892 944 1895
2303 768 2048 2128 964 1915
2559 768 2048 2367 984 1933
2815 768 2048 2609 1004 1947
3071 768 2048 2853 1025 1958
3327 768 2048 3098 1045 1967
3583 768 2048 3343 1066 1973
3839 768 2048 3612 1051 1975
4095 768 2048 3896 1013 1975
0 1024 2048 397 1052 1978
256 1024 2048 514 1053 1955
512 1024 2048 669 1056 1919
768 1024 2048 880 1063 1861
1024 1024 2048 1072 1076 1852
1280 1024 2048 1266 1090 1861
1536 1024 2048 1478 1102 1897
1792 1024 2048 1690 1124 1907
2048 1024 2048 1901 1153 1898
2303 1024 2048 2122 1179 1912
2559 1024 2048 2349 1204 1928
2815 1024 2048 2582 1228 1944
3071 1024 2048 2821 1250 1958
3327 1024 2048 3063 1271 1970
3583 1024 2048 3308 1291 1980
3839 1024 2048 3591 1264 1981
4095 1024 2048 3900 1205 1976
0 1280 2048 459 1293 1979
256 1280 2048 563 1291 1963
512 1280 2048 709 1291 1935
768 1280 2048 917 1292 1891
1024 1280 2048 1108 1299 1887
1280 1280 2048 1301 1307 1903
1536 1280 2048 1516 1308 1958
1792 1280 2048 1724 1328 1956
2048 1280 2048 1926 1360 1917
2303 1280 2048 2137 1389 1924
2559 1280 2048 2351 1418 1933
2815 1280 2048 2571 1448 1948
3071 1280 2048 2800 1474 1964
3327 1280 2048 3035 1498 1978
3583 1280 2048 3281 1516 1989
3839 1280 2048 3576 1482 1988
4095 1280 2048 3904 1412 1977
0 1536 2048 525 1537 1982
256 1536 2048 619 1536 1970
512 1536 2048 757 1534 1951
768 1536 2048 960 1532 1921
1024 1536 2048 1153 1536 1910
1280 1536 2048 1345 1542 1916
1536 1536 2048 1541 1548 1963
1792 1536 2048 1754 1559 1975
2048 1536 2048 1978 1571 1963
2303 1536 2048 2207 1584 1965
2559 1536 2048 2421 1607 1968
2815 1536 2048 2611 1647 1971
3071 1536 2048 2818 1682 1983
3327 1536 2048 3037 1712 1996
3583 1536 2048 3288 1724 2005
3839 1536 2048 3584 1694 1997
4095 1536 2048 3910 1637 1980
0 1792 2048 595 1784 1984
256 1792 2048 679 1782 1977
512 1792 2048 809 1780 1966
768 1792 2048 1006 1776 1947
1024 1792 2048 1202 1776 1937
1280 1792 2048 1394 1780 1937
1536 1792 2048 1569 1791 1971
1792 1792 2048 1778 1798 1984
2048 1792 2048 2009 1803 1984
2303 1792 2048 2244 1809 1983
2559 1792 2048 2465 1824 1983
2815 1792 2048 2666 1853 1982
3071 1792 2048 2858 1891 1998
3327 1792 2048 3059 1924 2016
3583 1792 2048 3303 1938 2023
3839 1792 2048 3594 1915 2010
4095 1792 2048 3917 1869 1982
0 2048 2048 670 2032 1986
256 2048 2048 743 2030 1984
512 2048 2048 863 2027 1979
768 2048 2048 1053 2022 1971
1024 2048 2048 1253 2019 1966
1280 2048 2048 1446 2020 1965
1536 2048 2048 1600 2036 1980
1792 2048 2048 1798 2044 1986
2048 2048 2048 2026 2048 1986
2303 2048 2048 2259 2053 1986
2559 2048 2048 2494 2058 1986
2815 2048 2048 2730 2064 1986
3071 2048 2048 2912 2099 2011
3327 2048 2048 3094 2137 2037
3583 2048 2048 3323 2155 2044
3839 2048 2048 3606 2141 2024
4095 2048 2048 3925 2104 1985
0 2303 2048 742 2280 1990
256 2303 2048 810 2278 1990
512 2303 2048 923 2275 1989
768 2303 2048 1103 2270 1989
1024 2303 2048 1304 2265 1991
1280 2303 2048 1502 2263 1996
1536 2303 2048 1671 2272 2005
1792 2303 2048 1854 2283 2001
2048 2303 2048 2048 2294 1990
2303 2303 2048 2278 2299 1989
2559 2303 2048 2510 2303 1989
2815 2303 2048 2745 2309 1989
3071 2303 2048 2955 2327 2005
3327 2303 2048 3157 2351 2027
3583 2303 2048 3356 2379 2062
3839 2303 2048 3622 2373 2043
4095 2303 2048 3934 2344 1988
0 2559 2048 816 2530 1994
256 2559 2048 878 2528 1995
512 2559 2048 983 2525 1998
768 2559 2048 1155 2519 2004
1024 2559 2048 1354 2513 2014
1280 2559 2048 1557 2508 2025
1536 2559 2048 1740 2512 2033
1792 2559 2048 1914 2523 2024
2048 2559 2048 2081 2539 2003
2303 2559 2048 2302 2545 1997
2559 2559 2048 2529 2550 1993
2815 2559 2048 2761 2555 1993
3071 2559 2048 2989 2563 2000
3327 2559 2048 3207 2576 2020
3583 2559 2048 3388 2606 2082
3839 2559 2048 3642 2606 2064
4095 2559 2048 3945 2586 1992
0 2815 2048 892 2779 1998
256 2815 2048 948 2778 2001
512 2815 2048 1046 2775 2006
768 2815 2048 1208 2770 2016
1024 2815 2048 1404 2762 2032
1280 2815 2048 1608 2756 2050
1536 2815 2048 1806 2754 2067
1792 2815 2048 1977 2763 2058
2048 2815 2048 2131 2780 2033
2303 2815 2048 2334 2790 2011
2559 2815 2048 2549 2798 1997
2815 2815 2048 2779 2802 1997
3071 2815 2048 3012 2807 1998
3327 2815 2048 3234 2816 2017
3583 2815 2048 3419 2840 2104
3839 2815 2048 3667 2842 2086
4095 2815 2048 3957 2830 1996
0 3071 2048 968 3030 2002
256 3071 2048 1019 3029 2006
512 3071 2048 1111 3026 2013
768 3071 2048 1264 3020 2026
1024 3071 2048 1456 3013 2046
1280 3071 2048 1658 3006 2068
1536 3071 2048 1863 3001 2092
1792 3071 2048 2046 3005 2098
2048 3071 2048 2214 3015 2090
2303 3071 2048 2391 3030 2052
2559 3071 2048 2587 3041 2033
2815 3071 2048 2812 3045 2041
3071 3071 2048 3038 3050 2049
3327 3071 2048 3258 3058 2066
3583 3071 2048 3458 3075 2121
3839 3071 2048 3700 3079 2090
4095 3071 2048 3970 3076 2001
0 3327 2048 1044 3280 2008
256 3327 2048 1091 3279 2012
512 3327 2048 1177 3277 2020
768 3327 2048 1321 3272 2035
1024 3327 2048 1508 3264 2058
1280 3327 2048 1708 3257 2084
1536 3327 2048 1917 3250 2114
1792 3327 2048 2113 3248 2135
2048 3327 2048 2300 3250 2149
2303 3327 2048 2457 3268 2104
2559 3327 2048 2638 3281 2083
2815 3327 2048 2854 3285 2098
3071 3327 2048 3070 3292 2114
3327 3327 2048 3285 3300 2129
3583 3327 2048 3500 3310 2145
3839 3327 2048 3735 3317 2097
4095 3327 2048 3985 3322 2007
0 3583 2048 1121 3531 2013
256 3583 2048 1164 3530 2018
512 3583 2048 1245 3528 2027
768 3583 2048 1381 3523 2042
1024 3583 2048 1562 3516 2067
1280 3583 2048 1758 3508 2096
1536 3583 2048 1967 3501 2130
1792 3583 2048 2169 3496 2159
2048 3583 2048 2366 3495 2185
2303 3583 2048 2536 3506 2168
2559 3583 2048 2718 3515 2162
2815 3583 2048 2919 3521 2170
3071 3583 2048 3124 3529 2181
3327 3583 2048 3331 3538 2193
3583 3583 2048 3540 3548 2205
3839 3583 2048 3765 3559 2137
4095 3583 2048 4001 3569 2014
0 3839 2048 1203 3775 2019
256 3839 2048 1235 3779 2022
512 3839 2048 1302 3780 2028
768 3839 2048 1418 3778 2038
1024 3839 2048 1577 3773 2054
1280 3839 2048 1753 3769 2073
1536 3839 2048 1949 3764 2095
1792 3839 2048 2146 3762 2115
2048 3839 2048 2344 3760 2134
2303 3839 2048 2531 3766 2131
2559 3839 2048 2725 3772 2131
2815 3839 2048 2928 3778 2134
3071 3839 2048 3138 3784 2140
3327 3839 2048 3349 3791 2146
3583 3839 2048 3564 3799 2153
3839 3839 2048 3786 3805 2105
4095 3839 2048 4013 3811 2019
0 4095 2048 1288 4015 2025
256 4095 2048 1305 4027 2025
512 4095 2048 1351 4034 2026
768 4095 2048 1438 4034 2026
1024 4095 2048 1566 4035 2027
1280 4095 2048 1711 4036 2027
1536 4095 2048 1883 4037 2027
1792 4095 2048 2069 4039 2027
2048 4095 2048 2264 4040 2027
2303 4095 2048 2471 4042 2027
2559 4095 2048 2684 4045 2027
2815 4095 2048 2901 4047 2026
3071 4095 2048 3124 4050 2026
3327 4095 2048 3349 4054 2026
3583 4095 2048 3576 4057 2026
3839 4095 2048 3800 4055 2024
4095 4095 2048 4021 4049 2023
0 0 2303 347 407 2218
256 0 2303 424 400 2220
512 0 2303 556 398 2221
768 0 2303 772 404 2221
1024 0 2303 1003 416 2221
1280 0 2303 1238 430 2221
1536 0 2303 1477 448 2221
1792 0 2303 1717 468 2221
2048 0 2303 1957 491 2221
2303 0 2303 2198 517 2221
2559 0 2303 2440 543 2221
2815 0 2303 2682 572 2221
3071 0 2303 2924 602 2221
3327 0 2303 3167 633 2220
3583 0 2303 3409 666 2220
3839 0 2303 3649 703 2220
4095 0 2303 3888 743 2219
0 256 2303 319 493 2220
256 256 2303 438 495 2199
512 256 2303 592 503 2177
768 256 2303 801 518 2151
1024 256 2303 1017 531 2158
1280 256 2303 1238 544 2172
1536 256 2303 1471 560 2183
1792 256 2303 1707 577 2192
2048 256 2303 1945 597 2200
2303 256 2303 2185 618 2205
2559 256 2303 2427 641 2209
2815 256 2303 2670 666 2212
3071 256 2303 2912 692 2215
3327 256 2303 3155 719 2216
3583 256 2303 3398 748 2218
3839 256 2303 3644 771 2219
4095 256 2303 3892 790 2219
0 512 2303 319 627 2222
256 512 2303 457 634 2189
512 512 2303 624 646 2150
768 512 2303 832 664 2103
1024 512 2303 1036 680 2101
1280 512 2303 1244 694 2114
1536 512 2303 1466 711 2133
1792 512 2303 1695 728 2151
2048 512 2303 1928 746 2168
2303 512 2303 2166 765 2180
2559 512 2303 2407 786 2190
2815 512 2303 2649 807 2199
3071 512 2303 2892 829 2205
3327 512 2303 3135 853 2210
3583 512 2303 3379 877 2214
3839 512 2303 3633 884 2217
4095 512 2303 3895 878 2220
0 768 2303 360 835 2223
256 768 2303 487 838 2195
512 768 2303 649 846 2151
768 768 2303 863 860 2085
1024 768 2303 1062 880 2055
1280 768 2303 1258 900 2044
1536 768 2303 1464 921 2067
1792 768 2303 1680 941 2093
2048 768 2303 1904 960 2120
2303 768 2303 2138 980 2142
2559 768 2303 2375 999 2161
2815 768 2303 2615 1018 2178
3071 768 2303 2858 1038 2190
3327 768 2303 3102 1058 2200
3583 768 2303 3347 1079 2208
3839 768 2303 3615 1064 2215
4095 768 2303 3898 1026 2221
0 1024 2303 415 1065 2224
256 1024 2303 529 1066 2201
512 1024 2303 683 1070 2163
768 1024 2303 896 1078 2102
1024 1024 2303 1092 1093 2071
1280 1024 2303 1287 1109 2060
1536 1024 2303 1491 1122 2099
1792 1024 2303 1699 1143 2113
2048 1024 2303 1910 1169 2111
2303 1024 2303 2131 1194 2128
2559 1024 2303 2357 1218 2146
2815 1024 2303 2590 1240 2165
3071 1024 2303 2827 1262 2181
3327 1024 2303 3068 1283 2195
3583 1024 2303 3312 1302 2207
3839 1024 2303 3594 1275 2215
4095 1024 2303 3901 1216 2222
0 1280 2303 475 1302 2225
256 1280 2303 576 1302 2208
512 1280 2303 721 1302 2178
768 1280 2303 930 1305 2128
1024 1280 2303 1127 1314 2100
1280 1280 2303 1322 1323 2094
1536 1280 2303 1523 1328 2150
1792 1280 2303 1726 1348 2155
2048 1280 2303 1931 1377 2127
2303 1280 2303 2142 1404 2134
2559 1280 2303 2357 1432 2145
2815 1280 2303 2577 1460 2161
3071 1280 2303 2806 1485 2178
3327 1280 2303 3040 1508 2195
3583 1280 2303 3284 1527 2209
3839 1280 2303 3578 1492 2218
4095 1280 2303 3906 1421 2223
0 1536 2303 540 1546 2226
256 1536 2303 631 1545 2214
512 1536 2303 767 1544 2192
768 1536 2303 970 1543 2155
1024 1536 2303 1169 1548 2128
1280 1536 2303 1363 1554 2121
1536 1536 2303 1548 1560 2186
1792 1536 2303 1757 1569 2207
2048 1536 2303 1982 1581 2199
2303 1536 2303 2204 1597 2194
2559 1536 2303 2416 1623 2190
2815 1536 2303 2610 1661 2185
3071 1536 2303 2820 1694 2194
3327 1536 2303 3041 1722 2208
3583 1536 2303 3290 1734 2222
3839 1536 2303 3586 1703 2227
4095 1536 2303 3911 1645 2225
0 1792 2303 609 1791 2228
256 1792 2303 690 1790 2220
512 1792 2303 818 1788 2205
768 1792 2303 1014 1785 2179
1024 1792 2303 1214 1786 2157
1280 1792 2303 1410 1789 2149
1536 1792 2303 1582 1798 2198
1792 1792 2303 1787 1804 2222
2048 1792 2303 2012 1810 2229
2303 1792 2303 2241 1819 2223
2559 1792 2303 2461 1836 2216
2815 1792 2303 2664 1865 2208
3071 1792 2303 2858 1901 2215
3327 1792 2303 3061 1935 2227
3583 1792 2303 3305 1947 2239
3839 1792 2303 3596 1923 2237
4095 1792 2303 3918 1875 2227
0 2048 2303 680 2038 2231
256 2048 2303 753 2036 2226
512 2048 2303 871 2034 2217
768 2048 2303 1059 2029 2202
1024 2048 2303 1262 2027 2186
1280 2048 2303 1459 2028 2178
1536 2048 2303 1623 2040 2195
1792 2048 2303 1817 2048 2213
2048 2048 2303 2029 2054 2231
2303 2048 2303 2261 2059 2231
2559 2048 2303 2496 2064 2231
2815 2048 2303 2732 2070 2230
3071 2048 2303 2913 2107 2239
3327 2048 2303 3094 2146 2249
3583 2048 2303 3324 2163 2258
3839 2048 2303 3608 2148 2250
4095 2048 2303 3926 2110 2230
0 2303 2303 752 2285 2234
256 2303 2303 818 2284 2232
512 2303 2303 930 2281 2227
768 2303 2303 1109 2276 2219
1024 2303 2303 1311 2272 2213
1280 2303 2303 1511 2270 2209
1536 2303 2303 1688 2277 2217
1792 2303 2303 1868 2287 2225
2048 2303 2303 2051 2300 2234
2303 2303 2303 2280 2304 2234
2559 2303 2303 2513 2308 2234
2815 2303 2303 2747 2314 2233
3071 2303 2303 2952 2335 2242
3327 2303 2303 3151 2361 2255
3583 2303 2303 3355 2386 2279
3839 2303 2303 3624 2379 2267
4095 2303 2303 3936 2349 2233
0 2559 2303 825 2534 2237
256 2559 2303 886 2533 2237
512 2559 2303 990 2530 2236
768 2559 2303 1160 2525 2235
1024 2559 2303 1360 2519 2236
1280 2559 2303 1563 2515 2238
1536 2559 2303 1751 2517 2243
1792 2559 2303 1923 2528 2245
2048 2559 2303 2084 2544 2243
2303 2559 2303 2305 2549 2239
2559 2559 2303 2531 2555 2237
2815 2559 2303 2763 2559 2237
3071 2559 2303 2986 2570 2243
3327 2559 2303 3199 2585 2258
3583 2559 2303 3386 2614 2300
3839 2559 2303 3643 2612 2286
4095 2559 2303 3946 2590 2236
0 2815 2303 900 2783 2241
256 2815 2303 955 2782 2242
512 2815 2303 1052 2779 2245
768 2815 2303 1213 2774 2249
1024 2815 2303 1410 2768 2256
1280 2815 2303 1614 2762 2265
1536 2815 2303 1813 2760 2276
1792 2815 2303 1984 2768 2274
2048 2815 2303 2136 2784 2263
2303 2815 2303 2338 2794 2249
2559 2815 2303 2551 2802 2240
2815 2815 2303 2781 2806 2240
3071 2815 2303 3012 2812 2241
3327 2815 2303 3234 2821 2255
3583 2815 2303 3418 2846 2321
3839 2815 2303 3667 2847 2307
4095 2815 2303 3958 2834 2240
0 3071 2303 975 3033 2245
256 3071 2303 1026 3032 2247
512 3071 2303 1117 3030 2252
768 3071 2303 1269 3025 2259
1024 3071 2303 1461 3018 2272
1280 3071 2303 1663 3011 2286
1536 3071 2303 1868 3006 2303
1792 3071 2303 2050 3010 2309
2048 3071 2303 2218 3019 2308
2303 3071 2303 2387 3036 2275
2559 3071 2303 2580 3048 2256
2815 3071 2303 2807 3052 2259
3071 3071 2303 3036 3057 2262
3327 3071 2303 3260 3064 2272
3583 3071 2303 3465 3079 2311
3839 3071 2303 3706 3083 2295
4095 3071 2303 3971 3079 2244
0 3327 2303 1051 3283 2249
256 3327 2303 1097 3282 2252
512 3327 2303 1182 3280 2259
768 3327 2303 1326 3275 2269
1024 3327 2303 1513 3268 2285
1280 3327 2303 1712 3261 2305
1536 3327 2303 1920 3254 2327
1792 3327 2303 2116 3253 2344
2048 3327 2303 2302 3255 2356
2303 3327 2303 2447 3276 2312
2559 3327 2303 2621 3291 2285
2815 3327 2303 2837 3297 2285
3071 3327 2303 3060 3302 2289
3327 3327 2303 3285 3308 2295
3583 3327 2303 3511 3314 2302
3839 3327 2303 3746 3320 2284
4095 3327 2303 3986 3325 2250
0 3583 2303 1127 3534 2254
256 3583 2303 1170 3533 2258
512 3583 2303 1250 3531 2265
768 3583 2303 1386 3526 2277
1024 3583 2303 1566 3519 2296
1280 3583 2303 1761 3512 2318
1536 3583 2303 1971 3504 2346
1792 3583 2303 2172 3500 2370
2048 3583 2303 2369 3499 2391
2303 3583 2303 2532 3511 2374
2559 3583 2303 2702 3525 2351
2815 3583 2303 2882 3539 2320
3071 3583 2303 3095 3546 2317
3327 3583 2303 3315 3552 2323
3583 3583 2303 3538 3558 2336
3839 3583 2303 3768 3565 2310
4095 3583 2303 4002 3572 2258
0 3839 2303 1208 3778 2259
256 3839 2303 1242 3780 2261
512 3839 2303 1308 3780 2266
768 3839 2303 1423 3779 2274
1024 3839 2303 1581 3776 2287
1280 3839 2303 1756 3772 2302
1536 3839 2303 1951 3768 2321
1792 3839 2303 2149 3765 2337
2048 3839 2303 2347 3764 2353
2303 3839 2303 2531 3770 2349
2559 3839 2303 2716 3779 2336
2815 3839 2303 2901 3791 2309
3071 3839 2303 3115 3797 2305
3327 3839 2303 3336 3802 2309
3583 3839 2303 3560 3807 2318
3839 3839 2303 3787 3812 2299
4095 3839 2303 4015 3816 2262
0 4095 2303 1292 4018 2262
256 4095 2303 1314 4024 2263
512 4095 2303 1360 4029 2264
768 4095 2303 1444 4032 2265
1024 4095 2303 1570 4036 2266
1280 4095 2303 1714 4038 2266
1536 4095 2303 1886 4040 2266
1792 4095 2303 2072 4041 2266
2048 4095 2303 2266 4043 2266
2303 4095 2303 2473 4045 2266
2559 4095 2303 2685 4047 2266
2815 4095 2303 2903 4050 2266
3071 4095 2303 3125 4053 2266
3327 4095 2303 3350 4056 2266
3583 4095 2303 3578 4060 2266
3839 4095 2303 3804 4060 2265
4095 4095 2303 4028 4057 2262
0 0 2559 385 452 2462
256 0 2559 453 444 2465
512 0 2559 576 442 2467
768 0 2559 783 446 2468
1024 0 2559 1010 456 2468
1280 0 2559 1244 469 2468
1536 0 2559 1481 485 2468
1792 0 2559 1721 504 2468
2048 0 2559 1961 524 2468
2303 0 2559 2201 548 2468
2559 0 2559 2442 573 2468
2815 0 2559 2684 600 2468
3071 0 2559 2926 629 2468
3327 0 2559 3168 658 2467
3583 0 2559 3411 689 2467
3839 0 2559 3652 723 2467
4095 0 2559 3894 758 2466
0 256 2559 351 528 2466
256 256 2559 462 531 2448
512 256 2559 611 538 2426
768 256 2559 817 551 2400
1024 256 2559 1030 563 2405
1280 256 2559 1248 575 2417
1536 256 2559 1479 589 2427
1792 256 2559 1713 606 2436
2048 256 2559 1951 624 2444
2303 256 2559 2190 645 2449
2559 256 2559 2431 666 2453
2815 256 2559 2673 690 2457
3071 256 2559 2915 715 2459
3327 256 2559 3158 741 2462
3583 256 2559 3401 768 2463
3839 256 2559 3647 789 2465
4095 256 2559 3895 806 2467
0 512 2559 346 654 2469
256 512 2559 478 661 2439
512 512 2559 641 672 2401
768 512 2559 850 690 2351
1024 512 2559 1054 705 2344
1280 512 2559 1260 720 2351
1536 512 2559 1479 735 2371
1792 512 2559 1705 751 2389
2048 512 2559 1937 768 2406
2303 512 2559 2173 786 2418
2559 512 2559 2412 806 2430
2815 512 2559 2653 826 2439
3071 512 2559 2896 848 2446
3327 512 2559 3139 871 2452
3583 512 2559 3382 895 2456
3839 512 2559 3636 900 2461
4095 512 2559 3897 893 2467
0 768 2559 383 854 2470
256 768 2559 505 857 2443
512 768 2559 665 865 2400
768 768 2559 881 880 2332
1024 768 2559 1082 901 2288
1280 768 2559 1280 923 2264
1536 768 2559 1482 941 2291
1792 768 2559 1695 959 2319
2048 768 2559 1917 978 2348
2303 768 2559 2148 996 2371
2559 768 2559 2383 1015 2392
2815 768 2559 2623 1033 2410
3071 768 2559 2864 1053 2423
3327 768 2559 3107 1072 2435
3583 768 2559 3351 1093 2444
3839 768 2559 3618 1078 2455
4095 768 2559 3899 1040 2468
0 1024 2559 435 1079 2470
256 1024 2559 546 1081 2448
512 1024 2559 698 1085 2410
768 1024 2559 911 1094 2346
1024 1024 2559 1112 1111 2297
1280 1024 2559 1310 1129 2267
1536 1024 2559 1506 1144 2301
1792 1024 2559 1710 1163 2319
2048 1024 2559 1921 1187 2327
2303 1024 2559 2141 1210 2346
2559 1024 2559 2366 1232 2366
2815 1024 2559 2598 1253 2387
3071 1024 2559 2834 1274 2405
3327 1024 2559 3073 1295 2422
3583 1024 2559 3316 1314 2435
3839 1024 2559 3597 1287 2451
4095 1024 2559 3903 1228 2469
0 1280 2559 492 1313 2471
256 1280 2559 591 1313 2454
512 1280 2559 734 1314 2422
768 1280 2559 943 1318 2369
1024 1280 2559 1145 1328 2322
1280 1280 2559 1343 1340 2295
1536 1280 2559 1534 1350 2337
1792 1280 2559 1733 1369 2346
2048 1280 2559 1938 1394 2332
2303 1280 2559 2149 1420 2344
2559 1280 2559 2364 1446 2357
2815 1280 2559 2584 1473 2375
3071 1280 2559 2813 1497 2394
3327 1280 2559 3046 1520 2413
3583 1280 2559 3289 1538 2431
3839 1280 2559 3581 1502 2450
4095 1280 2559 3907 1431 2470
0 1536 2559 556 1555 2473
256 1536 2559 644 1554 2459
512 1536 2559 778 1554 2434
768 1536 2559 981 1554 2392
1024 1536 2559 1184 1560 2352
1280 1536 2559 1382 1567 2331
1536 1536 2559 1562 1574 2386
1792 1536 2559 1765 1585 2408
2048 1536 2559 1983 1598 2407
2303 1536 2559 2201 1616 2406
2559 1536 2559 2411 1641 2403
2815 1536 2559 2610 1676 2397
3071 1536 2559 2823 1707 2406
3327 1536 2559 3045 1734 2421
3583 1536 2559 3293 1745 2440
3839 1536 2559 3588 1713 2457
4095 1536 2559 3913 1653 2471
0 1792 2559 622 1799 2474
256 1792 2559 702 1798 2465
512 1792 2559 828 1796 2446
768 1792 2559 1022 1794 2414
1024 1792 2559 1226 1796 2381
1280 1792 2559 1425 1799 2363
1536 1792 2559 1601 1807 2405
1792 1792 2559 1800 1815 2431
2048 1792 2559 2014 1822 2446
2303 1792 2559 2237 1833 2445
2559 1792 2559 2455 1851 2441
2815 1792 2559 2663 1877 2432
3071 1792 2559 2860 1913 2432
3327 1792 2559 3063 1945 2438
3583 1792 2559 3307 1957 2455
3839 1792 2559 3598 1932 2466
4095 1792 2559 3920 1882 2473
0 2048 2559 691 2044 2476
256 2048 2559 763 2043 2470
512 2048 2559 880 2041 2457
768 2048 2559 1067 2037 2435
1024 2048 2559 1270 2036 2411
1280 2048 2559 1472 2037 2393
1536 2048 2559 1647 2045 2404
1792 2048 2559 1836 2054 2429
2048 2048 2559 2035 2061 2462
2303 2048 2559 2265 2066 2469
2559 2048 2559 2497 2071 2474
2815 2048 2559 2734 2076 2476
3071 2048 2559 2915 2114 2467
3327 2048 2559 3096 2155 2461
3583 2048 2559 3326 2172 2473
3839 2048 2559 3609 2155 2477
4095 2048 2559 3927 2116 2475
0 2303 2559 763 2291 2479
256 2303 2559 828 2290 2475
512 2303 2559 938 2287 2467
768 2303 2559 1116 2283 2453
1024 2303 2559 1318 2280 2437
1280 2303 2559 1521 2278 2424
1536 2303 2559 1705 2283 2428
1792 2303 2559 1882 2293 2446
2048 2303 2559 2055 2305 2474
2303 2303 2559 2283 2310 2476
2559 2303 2559 2515 2314 2478
2815 2303 2559 2749 2319 2479
3071 2303 2559 2951 2343 2478
3327 2303 2559 3148 2370 2481
3583 2303 2559 3356 2395 2495
3839 2303 2559 3626 2386 2493
4095 2303 2559 3937 2354 2478
0 2559 2559 835 2539 2482
256 2559 2559 894 2538 2480
512 2559 2559 997 2535 2476
768 2559 2559 1166 2531 2469
1024 2559 2559 1366 2525 2461
1280 2559 2559 1570 2522 2455
1536 2559 2559 1763 2523 2455
1792 2559 2559 1934 2533 2466
2048 2559 2559 2090 2548 2484
2303 2559 2559 2308 2554 2483
2559 2559 2559 2533 2560 2482
2815 2559 2559 2765 2564 2482
3071 2559 2559 2985 2576 2485
3327 2559 2559 3196 2593 2493
3583 2559 2559 3386 2621 2517
3839 2559 2559 3644 2618 2510
4095 2559 2559 3948 2595 2481
0 2815 2559 908 2787 2485
256 2815 2559 962 2787 2485
512 2815 2559 1059 2784 2484
768 2815 2559 1219 2779 2483
1024 2815 2559 1415 2773 2482
1280 2815 2559 1619 2768 2483
1536 2815 2559 1820 2766 2487
1792 2815 2559 1993 2773 2490
2048 2815 2559 2148 2788 2491
2303 2815 2559 2344 2798 2488
2559 2815 2559 2553 2806 2485
2815 2815 2559 2784 2810 2485
3071 2815 2559 3014 2816 2485
3327 2815 2559 3235 2826 2495
3583 2815 2559 3419 2852 2539
3839 2815 2559 3667 2853 2530
4095 2815 2559 3959 2838 2484
0 3071 2559 983 3037 2489
256 3071 2559 1033 3036 2490
512 3071 2559 1123 3034 2492
768 3071 2559 1275 3029 2494
1024 3071 2559 1466 3023 2499
1280 3071 2559 1668 3016 2506
1536 3071 2559 1873 3012 2516
1792 3071 2559 2057 3015 2521
2048 3071 2559 2227 3023 2525
2303 3071 2559 2388 3042 2502
2559 3071 2559 2576 3054 2489
2815 3071 2559 2804 3058 2489
3071 3071 2559 3035 3062 2489
3327 3071 2559 3262 3069 2494
3583 3071 2559 3468 3084 2521
3839 3071 2559 3709 3088 2515
4095 3071 2559 3973 3083 2489
0 3327 2559 1057 3287 2493
256 3327 2559 1104 3286 2495
512 3327 2559 1189 3284 2498
768 3327 2559 1332 3279 2504
1024 3327 2559 1517 3272 2515
1280 3327 2559 1716 3266 2527
1536 3327 2559 1925 3259 2542
1792 3327 2559 2120 3258 2554
2048 3327 2559 2307 3260 2564
2303 3327 2559 2443 3283 2528
2559 3327 2559 2612 3299 2502
2815 3327 2559 2828 3305 2494
3071 3327 2559 3055 3310 2492
3327 3327 2559 3285 3314 2494
3583 3327 2559 3515 3319 2500
3839 3327 2559 3750 3324 2499
4095 3327 2559 3987 3329 2494
0 3583 2559 1133 3537 2497
256 3583 2559 1176 3536 2500
512 3583 2559 1256 3534 2505
768 3583 2559 1391 3530 2513
1024 3583 2559 1571 3523 2527
1280 3583 2559 1765 3516 2542
1536 3583 2559 1974 3509 2563
1792 3583 2559 2176 3505 2581
2048 3583 2559 2372 3503 2599
2303 3583 2559 2531 3517 2584
2559 3583 2559 2693 3533 2556
2815 3583 2559 2862 3551 2507
3071 3583 2559 3078 3558 2497
3327 3583 2559 3306 3562 2499
3583 3583 2559 3537 3566 2510
3839 3583 2559 3769 3570 2510
4095 3583 2559 4003 3576 2501
0 3839 2559 1214 3780 2500
256 3839 2559 1249 3781 2502
512 3839 2559 1315 3782 2506
768 3839 2559 1428 3781 2512
1024 3839 2559 1586 3779 2522
1280 3839 2559 1760 3776 2533
1536 3839 2559 1955 3771 2547
1792 3839 2559 2152 3769 2561
2048 3839 2559 2350 3767 2573
2303 3839 2559 2532 3774 2570
2559 3839 2559 2712 3785 2551
2815 3839 2559 2886 3801 2510
3071 3839 2559 3102 3807 2502
3327 3839 2559 3328 3810 2504
3583 3839 2559 3558 3814 2512
3839 3839 2559 3788 3817 2511
4095 3839 2559 4018 3820 2504
0 4095 2559 1299 4019 2501
256 4095 2559 1322 4022 2502
512 4095 2559 1368 4027 2504
768 4095 2559 1449 4034 2506
1024 4095 2559 1574 4038 2507
1280 4095 2559 1717 4041 2508
1536 4095 2559 1889 4042 2508
1792 4095 2559 2075 4044 2508
2048 4095 2559 2269 4046 2508
2303 4095 2559 2476 4048 2508
2559 4095 2559 2688 4050 2508
2815 4095 2559 2905 4053 2508
3071 4095 2559 3127 4056 2508
3327 4095 2559 3352 4059 2508
3583 4095 2559 3580 4063 2508
3839 4095 2559 3806 4064 2506
4095 4095 2559 4032 4063 2503
0 0 2815 423 496 2705
256 0 2815 485 490 2709
512 0 2815 600 487 2713
768 0 2815 796 489 2714
1024 0 2815 1019 497 2715
1280 0 2815 1250 509 2715
1536 0 2815 1487 523 2715
1792 0 2815 1725 541 2715
2048 0 2815 1964 560 2715
2303 0 2815 2204 582 2715
2559 0 2815 2445 605 2715
2815 0 2815 2687 630 2715
3071 0 2815 2928 657 2715
3327 0 2815 3170 685 2714
3583 0 2815 3413 715 2714
3839 0 2815 3654 747 2714
4095 0 2815 3895 780 2713
0 256 2815 384 565 2712
256 256 2815 488 567 2695
512 256 2815 631 574 2675
768 256 2815 832 586 2650
1024 256 2815 1043 597 2653
1280 256 2815 1259 607 2663
1536 256 2815 1488 621 2673
1792 256 2815 1721 636 2681
2048 256 2815 1956 653 2688
2303 256 2815 2195 673 2693
2559 256 2815 2435 693 2698
2815 256 2815 2676 716 2702
3071 256 2815 2918 740 2704
3327 256 2815 3160 765 2707
3583 256 2815 3403 791 2708
3839 256 2815 3649 811 2711
4095 256 2815 3897 827 2714
0 512 2815 374 682 2716
256 512 2815 500 689 2688
512 512 2815 659 700 2651
768 512 2815 867 718 2602
1024 512 2815 1071 732 2590
1280 512 2815 1276 746 2592
1536 512 2815 1492 760 2611
1792 512 2815 1716 775 2629
2048 512 2815 1946 791 2645
2303 512 2815 2181 809 2658
2559 512 2815 2419 828 2670
2815 512 2815 2659 848 2679
3071 512 2815 2900 869 2687
3327 512 2815 3142 891 2693
3583 512 2815 3385 914 2698
3839 512 2815 3638 920 2705
4095 512 2815 3899 913 2714
0 768 2815 409 874 2716
256 768 2815 525 878 2691
512 768 2815 682 886 2650
768 768 2815 899 901 2582
1024 768 2815 1103 924 2527
1280 768 2815 1303 946 2492
1536 768 2815 1502 963 2520
1792 768 2815 1712 979 2549
2048 768 2815 1930 996 2578
2303 768 2815 2160 1014 2603
2559 768 2815 2393 1032 2625
2815 768 2815 2630 1050 2643
3071 768 2815 2871 1069 2658
3327 768 2815 3112 1088 2671
3583 768 2815 3355 1108 2681
3839 768 2815 3621 1093 2696
4095 768 2815 3901 1056 2715
0 1024 2815 457 1095 2717
256 1024 2815 564 1097 2696
512 1024 2815 713 1102 2657
768 1024 2815 927 1111 2593
1024 1024 2815 1132 1130 2532
1280 1024 2815 1333 1149 2488
1536 1024 2815 1525 1166 2505
1792 1024 2815 1726 1185 2524
2048 1024 2815 1934 1205 2544
2303 1024 2815 2153 1226 2566
2559 1024 2815 2377 1247 2589
2815 1024 2815 2607 1268 2611
3071 1024 2815 2842 1288 2631
3327 1024 2815 3080 1308 2649
3583 1024 2815 3322 1328 2665
3839 1024 2815 3601 1300 2688
4095 1024 2815 3904 1241 2716
0 1280 2815 510 1325 2718
256 1280 2815 607 1326 2700
512 1280 2815 748 1328 2668
768 1280 2815 956 1332 2613
1024 1280 2815 1162 1343 2555
1280 1280 2815 1364 1357 2510
1536 1280 2815 1553 1373 2515
1792 1280 2815 1748 1393 2523
2048 1280 2815 1948 1415 2532
2303 1280 2815 2158 1439 2549
2559 1280 2815 2372 1463 2569
2815 1280 2815 2593 1487 2590
3071 1280 2815 2821 1510 2611
3327 1280 2815 3054 1532 2632
3583 1280 2815 3294 1550 2653
3839 1280 2815 3585 1514 2682
4095 1280 2815 3909 1442 2717
0 1536 2815 570 1564 2719
256 1536 2815 658 1564 2705
512 1536 2815 791 1565 2679
768 1536 2815 992 1566 2633
1024 1536 2815 1198 1572 2583
1280 1536 2815 1401 1581 2544
1536 1536 2815 1587 1593 2551
1792 1536 2815 1782 1608 2562
2048 1536 2815 1983 1623 2574
2303 1536 2815 2195 1641 2591
2559 1536 2815 2406 1663 2602
2815 1536 2815 2613 1693 2605
3071 1536 2815 2828 1721 2617
3327 1536 2815 3050 1746 2633
3583 1536 2815 3297 1757 2658
3839 1536 2815 3590 1724 2687
4095 1536 2815 3914 1662 2718
0 1792 2815 635 1807 2721
256 1792 2815 714 1806 2710
512 1792 2815 839 1805 2689
768 1792 2815 1032 1804 2653
1024 1792 2815 1238 1807 2611
1280 1792 2815 1442 1811 2577
1536 1792 2815 1627 1821 2580
1792 1792 2815 1819 1832 2596
2048 1792 2815 2015 1844 2620
2303 1792 2815 2232 1854 2640
2559 1792 2815 2449 1869 2653
2815 1792 2815 2664 1890 2652
3071 1792 2815 2864 1925 2648
3327 1792 2815 3068 1957 2648
3583 1792 2815 3310 1968 2671
3839 1792 2815 3600 1942 2695
4095 1792 2815 3921 1890 2720
0 2048 2815 703 2051 2722
256 2048 2815 774 2050 2714
512 2048 2815 890 2049 2699
768 2048 2815 1075 2046 2673
1024 2048 2815 1280 2045 2639
1280 2048 2815 1485 2047 2610
1536 2048 2815 1671 2054 2605
1792 2048 2815 1857 2062 2628
2048 2048 2815 2045 2071 2670
2303 2048 2815 2269 2075 2695
2559 2048 2815 2498 2079 2714
2815 2048 2815 2736 2083 2721
3071 2048 2815 2919 2123 2696
3327 2048 2815 3100 2165 2673
3583 2048 2815 3329 2182 2688
3839 2048 2815 3612 2164 2705
4095 2048 2815 3929 2122 2722
0 2303 2815 774 2297 2724
256 2303 2815 838 2296 2719
512 2303 2815 947 2294 2708
768 2303 2815 1123 2291 2689
1024 2303 2815 1325 2288 2665
1280 2303 2815 1531 2287 2643
1536 2303 2815 1723 2291 2635
1792 2303 2815 1897 2300 2659
2048 2303 2815 2060 2313 2705
2303 2303 2815 2287 2317 2715
2559 2303 2815 2517 2321 2722
2815 2303 2815 2751 2325 2724
3071 2303 2815 2954 2350 2712
3327 2303 2815 3150 2379 2701
3583 2303 2815 3358 2403 2711
3839 2303 2815 3628 2393 2718
4095 2303 2815 3939 2360 2724
0 2559 2815 845 2544 2727
256 2559 2815 903 2543 2724
512 2559 2815 1005 2541 2717
768 2559 2815 1173 2537 2705
1024 2559 2815 1372 2533 2689
1280 2559 2815 1577 2530 2674
1536 2559 2815 1775 2531 2666
1792 2559 2815 1946 2539 2686
2048 2559 2815 2098 2553 2724
2303 2559 2815 2313 2559 2726
2559 2559 2815 2536 2565 2727
2815 2559 2815 2768 2569 2727
3071 2559 2815 2986 2582 2724
3327 2559 2815 3197 2600 2722
3583 2559 2815 3388 2629 2734
3839 2559 2815 3646 2625 2734
4095 2559 2815 3949 2600 2727
0 2815 2815 918 2792 2730
256 2815 2815 971 2792 2728
512 2815 2815 1066 2790 2725
768 2815 2815 1226 2785 2718
1024 2815 2815 1421 2780 2710
1280 2815 2815 1625 2775 2703
1536 2815 2815 1828 2773 2699
1792 2815 2815 2007 2779 2705
2048 2815 2815 2170 2790 2717
2303 2815 2815 2353 2802 2725
2559 2815 2815 2556 2811 2730
2815 2815 2815 2786 2815 2730
3071 2815 2815 3016 2821 2729
3327 2815 2815 3237 2832 2733
3583 2815 2815 3420 2859 2756
3839 2815 2815 3669 2860 2752
4095 2815 2815 3961 2843 2730
0 3071 2815 991 3042 2733
256 3071 2815 1040 3041 2733
512 3071 2815 1130 3039 2732
768 3071 2815 1281 3034 2730
1024 3071 2815 1472 3028 2728
1280 3071 2815 1673 3022 2727
1536 3071 2815 1879 3018 2729
1792 3071 2815 2067 3020 2734
2048 3071 2815 2243 3027 2741
2303 3071 2815 2396 3046 2736
2559 3071 2815 2579 3059 2734
2815 3071 2815 2807 3062 2733
3071 3071 2815 3037 3067 2733
3327 3071 2815 3263 3074 2738
3583 3071 2815 3464 3091 2760
3839 3071 2815 3706 3094 2756
4095 3071 2815 3975 3088 2733
0 3327 2815 1064 3291 2737
256 3327 2815 1111 3290 2738
512 3327 2815 1196 3288 2739
768 3327 2815 1338 3284 2741
1024 3327 2815 1523 3277 2745
1280 3327 2815 1721 3271 2750
1536 3327 2815 1930 3265 2757
1792 3327 2815 2126 3263 2765
2048 3327 2815 2315 3265 2773
2303 3327 2815 2448 3288 2756
2559 3327 2815 2614 3304 2744
2815 3327 2815 2830 3309 2738
3071 3327 2815 3057 3314 2737
3327 3327 2815 3286 3318 2740
3583 3327 2815 3508 3326 2758
3839 3327 2815 3744 3330 2755
4095 3327 2815 3989 3333 2737
0 3583 2815 1140 3540 2741
256 3583 2815 1183 3540 2742
512 3583 2815 1262 3538 2745
768 3583 2815 1397 3534 2750
1024 3583 2815 1576 3527 2758
1280 3583 2815 1770 3521 2767
1536 3583 2815 1979 3514 2780
1792 3583 2815 2181 3510 2793
2048 3583 2815 2378 3508 2806
2303 3583 2815 2534 3522 2800
2559 3583 2815 2696 3537 2782
2815 3583 2815 2864 3555 2748
3071 3583 2815 3080 3562 2741
3327 3583 2815 3308 3566 2742
3583 3583 2815 3536 3571 2748
3839 3583 2815 3769 3575 2748
4095 3583 2815 4005 3579 2742
0 3839 2815 1223 3781 2741
256 3839 2815 1256 3784 2743
512 3839 2815 1320 3786 2747
768 3839 2815 1433 3786 2752
1024 3839 2815 1590 3783 2758
1280 3839 2815 1764 3779 2765
1536 3839 2815 1959 3775 2775
1792 3839 2815 2156 3773 2784
2048 3839 2815 2354 3772 2794
2303 3839 2815 2535 3779 2792
2559 3839 2815 2714 3789 2780
2815 3839 2815 2889 3804 2751
3071 3839 2815 3104 3810 2745
3327 3839 2815 3330 3814 2745
3583 3839 2815 3560 3818 2747
3839 3839 2815 3789 3821 2746
4095 3839 2815 4019 3823 2745
0 4095 2815 1310 4015 2739
256 4095 2815 1330 4023 2742
512 4095 2815 1373 4031 2746
768 4095 2815 1454 4040 2749
1024 4095 2815 1579 4043 2750
1280 4095 2815 1722 4044 2751
1536 4095 2815 1893 4046 2751
1792 4095 2815 2078 4047 2750
2048 4095 2815 2271 4049 2750
2303 4095 2815 2479 4051 2750
2559 4095 2815 2690 4053 2750
2815 4095 2815 2908 4056 2751
3071 4095 2815 3129 4059 2750
3327 4095 2815 3353 4062 2750
3583 4095 2815 3581 4066 2750
3839 4095 2815 3807 4066 2748
4095 4095 2815 4032 4065 2745
0 0 3071 461 541 2948
256 0 3071 518 535 2953
512 0 3071 626 532 2957
768 0 3071 809 532 2961
1024 0 3071 1028 539 2962
1280 0 3071 1257 549 2962
1536 0 3071 1493 563 2962
1792 0 3071 1730 579 2962
2048 0 3071 1968 596 2962
2303 0 3071 2208 617 2962
2559 0 3071 2448 639 2962
2815 0 3071 2689 662 2962
3071 0 3071 2931 688 2962
3327 0 3071 3173 715 2962
3583 0 3071 3415 743 2961
3839 0 3071 3655 776 2960
4095 0 3071 3893 811 2957
0 256 3071 417 602 2957
256 256 3071 515 605 2942
512 256 3071 652 611 2924
768 256 3071 848 622 2900
1024 256 3071 1056 631 2902
1280 256 3071 1270 641 2910
1536 256 3071 1497 654 2919
1792 256 3071 1728 668 2926
2048 256 3071 1963 684 2933
2303 256 3071 2200 703 2939
2559 256 3071 2440 722 2943
2815 256 3071 2680 744 2947
3071 256 3071 2922 767 2950
3327 256 3071 3163 790 2952
3583 256 3071 3406 816 2954
3839 256 3071 3650 837 2956
4095 256 3071 3896 855 2959
0 512 3071 403 713 2963
256 512 3071 522 719 2937
512 512 3071 677 730 2903
768 512 3071 883 747 2855
1024 512 3071 1086 761 2840
1280 512 3071 1291 774 2838
1536 512 3071 1506 788 2854
1792 512 3071 1728 802 2870
2048 512 3071 1955 817 2887
2303 512 3071 2189 834 2900
2559 512 3071 2426 852 2911
2815 512 3071 2665 871 2921
3071 512 3071 2905 892 2929
3327 512 3071 3147 913 2936
3583 512 3071 3389 936 2941
3839 512 3071 3641 941 2950
4095 512 3071 3899 936 2960
0 768 3071 435 897 2963
256 768 3071 546 901 2940
512 768 3071 700 909 2900
768 768 3071 915 924 2834
1024 768 3071 1122 946 2775
1280 768 3071 1325 969 2733
1536 768 3071 1521 985 2757
1792 768 3071 1729 1001 2783
2048 768 3071 1945 1017 2813
2303 768 3071 2172 1034 2837
2559 768 3071 2404 1051 2859
2815 768 3071 2639 1068 2879
3071 768 3071 2878 1087 2894
3327 768 3071 3119 1105 2908
3583 768 3071 3361 1125 2919
3839 768 3071 3625 1111 2938
4095 768 3071 3903 1074 2962
0 1024 3071 480 1113 2964
256 1024 3071 582 1115 2943
512 1024 3071 729 1120 2906
768 1024 3071 942 1130 2843
1024 1024 3071 1151 1149 2776
1280 1024 3071 1355 1169 2725
1536 1024 3071 1545 1186 2736
1792 1024 3071 1745 1204 2753
2048 1024 3071 1951 1222 2773
2303 1024 3071 2168 1243 2793
2559 1024 3071 2390 1264 2814
2815 1024 3071 2618 1284 2838
3071 1024 3071 2852 1304 2859
3327 1024 3071 3088 1323 2879
3583 1024 3071 3328 1342 2895
3839 1024 3071 3605 1315 2924
4095 1024 3071 3906 1256 2963
0 1280 3071 530 1339 2964
256 1280 3071 624 1339 2947
512 1280 3071 763 1342 2915
768 1280 3071 970 1347 2860
1024 1280 3071 1179 1359 2796
1280 1280 3071 1384 1374 2743
1536 1280 3071 1572 1390 2740
1792 1280 3071 1767 1409 2744
2048 1280 3071 1965 1430 2753
2303 1280 3071 2173 1455 2767
2559 1280 3071 2385 1479 2784
2815 1280 3071 2605 1502 2807
3071 1280 3071 2832 1524 2830
3327 1280 3071 3063 1545 2853
3583 1280 3071 3302 1563 2876
3839 1280 3071 3590 1527 2914
4095 1280 3071 3910 1455 2963
0 1536 3071 588 1576 2966
256 1536 3071 673 1576 2951
512 1536 3071 805 1577 2924
768 1536 3071 1005 1579 2878
1024 1536 3071 1213 1586 2822
1280 1536 3071 1419 1595 2773
1536 1536 3071 1607 1609 2765
1792 1536 3071 1800 1624 2768
2048 1536 3071 1996 1641 2778
2303 1536 3071 2202 1661 2792
2559 1536 3071 2411 1683 2805
2815 1536 3071 2620 1709 2814
3071 1536 3071 2836 1736 2828
3327 1536 3071 3058 1760 2847
3583 1536 3071 3302 1771 2877
3839 1536 3071 3594 1737 2917
4095 1536 3071 3916 1673 2965
0 1792 3071 651 1816 2967
256 1792 3071 728 1816 2956
512 1792 3071 851 1816 2934
768 1792 3071 1043 1816 2895
1024 1792 3071 1250 1819 2847
1280 1792 3071 1457 1824 2804
1536 1792 3071 1646 1834 2791
1792 1792 3071 1837 1847 2795
2048 1792 3071 2029 1860 2811
2303 1792 3071 2236 1875 2827
2559 1792 3071 2446 1892 2840
2815 1792 3071 2658 1914 2846
3071 1792 3071 2863 1943 2850
3327 1792 3071 3074 1970 2859
3583 1792 3071 3314 1981 2887
3839 1792 3071 3602 1953 2923
4095 1792 3071 3923 1899 2966
0 2048 3071 717 2059 2968
256 2048 3071 786 2059 2960
512 2048 3071 901 2058 2943
768 2048 3071 1084 2056 2913
1024 2048 3071 1290 2056 2873
1280 2048 3071 1497 2058 2836
1536 2048 3071 1689 2065 2817
1792 2048 3071 1878 2074 2824
2048 2048 3071 2064 2085 2849
2303 2048 3071 2273 2095 2868
2559 2048 3071 2488 2105 2884
2815 2048 3071 2709 2116 2894
3071 2048 3071 2906 2147 2888
3327 2048 3071 3104 2178 2883
3583 2048 3071 3333 2194 2903
3839 2048 3071 3614 2174 2932
4095 2048 3071 3931 2130 2968
0 2303 3071 786 2304 2970
256 2303 3071 849 2303 2964
512 2303 3071 957 2302 2951
768 2303 3071 1132 2299 2928
1024 2303 3071 1334 2297 2898
1280 2303 3071 1541 2297 2868
1536 2303 3071 1738 2301 2848
1792 2303 3071 1920 2309 2857
2048 2303 3071 2093 2321 2885
2303 2303 3071 2302 2329 2896
2559 2303 3071 2517 2338 2906
2815 2303 3071 2736 2348 2915
3071 2303 3071 2946 2367 2917
3327 2303 3071 3153 2390 2919
3583 2303 3071 3361 2414 2926
3839 2303 3071 3630 2402 2944
4095 2303 3071 3941 2367 2970
0 2559 3071 856 2550 2972
256 2559 3071 914 2550 2968
512 2559 3071 1015 2548 2959
768 2559 3071 1181 2545 2943
1024 2559 3071 1380 2541 2921
1280 2559 3071 1585 2539 2898
1536 2559 3071 1787 2539 2881
1792 2559 3071 1967 2546 2888
2048 2559 3071 2135 2557 2911
2303 2559 3071 2334 2567 2922
2559 2559 3071 2543 2575 2931
2815 2559 3071 2763 2583 2939
3071 2559 3071 2983 2594 2945
3327 2559 3071 3198 2609 2949
3583 2559 3071 3391 2638 2949
3839 2559 3071 3649 2633 2958
4095 2559 3071 3951 2607 2972
0 2815 3071 928 2798 2975
256 2815 3071 980 2797 2973
512 2815 3071 1075 2796 2967
768 2815 3071 1233 2792 2956
1024 2815 3071 1427 2787 2942
1280 2815 3071 1631 2783 2927
1536 2815 3071 1836 2781 2915
1792 2815 3071 2022 2785 2915
2048 2815 3071 2196 2794 2923
2303 2815 3071 2370 2807 2946
2559 2815 3071 2565 2817 2962
2815 2815 3071 2788 2822 2969
3071 2815 3071 3017 2828 2971
3327 2815 3071 3239 2838 2972
3583 2815 3071 3423 2867 2974
3839 2815 3071 3672 2867 2975
4095 2815 3071 3963 2849 2975
0 3071 3071 1000 3047 2978
256 3071 3071 1049 3046 2977
512 3071 3071 1139 3044 2974
768 3071 3071 1288 3040 2968
1024 3071 3071 1478 3035 2960
1280 3071 3071 1679 3030 2952
1536 3071 3071 1886 3026 2946
1792 3071 3071 2078 3027 2946
2048 3071 3071 2261 3032 2950
2303 3071 3071 2413 3049 2963
2559 3071 3071 2592 3062 2973
2815 3071 3071 2811 3067 2978
3071 3071 3071 3040 3072 2979
3327 3071 3071 3265 3079 2980
3583 3071 3071 3465 3098 2989
3839 3071 3071 3707 3101 2987
4095 3071 3071 3977 3093 2978
0 3327 3071 1073 3296 2982
256 3327 3071 1119 3295 2981
512 3327 3071 1203 3293 2981
768 3327 3071 1345 3289 2979
1024 3327 3071 1529 3283 2976
1280 3327 3071 1727 3277 2975
1536 3327 3071 1935 3272 2975
1792 3327 3071 2134 3270 2977
2048 3327 3071 2326 3271 2981
2303 3327 3071 2465 3290 2982
2559 3327 3071 2630 3305 2983
2815 3327 3071 2835 3313 2982
3071 3327 3071 3060 3318 2982
3327 3327 3071 3287 3323 2984
3583 3327 3071 3506 3332 2997
3839 3327 3071 3743 3336 2994
4095 3327 3071 3991 3337 2981
0 3583 3071 1148 3545 2985
256 3583 3071 1190 3544 2986
512 3583 3071 1269 3542 2987
768 3583 3071 1403 3538 2988
1024 3583 3071 1582 3533 2990
1280 3583 3071 1775 3526 2994
1536 3583 3071 1984 3520 2999
1792 3583 3071 2187 3516 3006
2048 3583 3071 2385 3514 3014
2303 3583 3071 2545 3526 3016
2559 3583 3071 2706 3541 3009
2815 3583 3071 2868 3559 2989
3071 3583 3071 3082 3566 2985
3327 3583 3071 3310 3570 2986
3583 3583 3071 3537 3575 2989
3839 3583 3071 3770 3580 2989
4095 3583 3071 4007 3583 2986
0 3839 3071 1229 3786 2984
256 3839 3071 1263 3787 2986
512 3839 3071 1328 3789 2988
768 3839 3071 1440 3789 2991
1024 3839 3071 1596 3787 2995
1280 3839 3071 1769 3784 2999
1536 3839 3071 1964 3780 3003
1792 3839 3071 2161 3778 3009
2048 3839 3071 2359 3777 3015
2303 3839 3071 2541 3783 3016
2559 3839 3071 2720 3793 3010
2815 3839 3071 2892 3808 2993
3071 3839 3071 3106 3814 2989
3327 3839 3071 3332 3818 2989
3583 3839 3071 3562 3821 2989
3839 3839 3071 3792 3825 2989
4095 3839 3071 4022 3828 2989
0 4095 3071 1315 4021 2981
256 4095 3071 1337 4026 2983
512 4095 3071 1381 4033 2987
768 4095 3071 1461 4041 2991
1024 4095 3071 1585 4045 2993
1280 4095 3071 1727 4048 2994
1536 4095 3071 1898 4049 2994
1792 4095 3071 2082 4051 2994
2048 4095 3071 2275 4052 2994
2303 4095 3071 2482 4055 2994
2559 4095 3071 2693 4057 2994
2815 4095 3071 2910 4059 2994
3071 4095 3071 3132 4062 2994
3327 4095 3071 3356 4066 2994
3583 4095 3071 3583 4069 2994
3839 4095 3071 3811 4071 2992
4095 4095 3071 4038 4072 2990
0 0 3327 498 585 3190
256 0 3327 551 581 3196
512 0 3327 652 577 3201
768 0 3327 824 574 3208
1024 0 3327 1038 581 3209
1280 0 3327 1265 590 3209
1536 0 3327 1499 602 3209
1792 0 3327 1735 617 3209
2048 0 3327 1973 633 3209
2303 0 3327 2212 652 3209
2559 0 3327 2452 673 3209
2815 0 3327 2693 695 3209
3071 0 3327 2934 720 3209
3327 0 3327 3175 745 3209
3583 0 3327 3417 772 3208
3839 0 3327 3655 806 3205
4095 0 3327 3890 845 3200
0 256 3327 450 640 3202
256 256 3327 542 643 3189
512 256 3327 673 648 3173
768 256 3327 863 658 3152
1024 256 3327 1068 666 3152
1280 256 3327 1281 676 3158
1536 256 3327 1506 688 3166
1792 256 3327 1736 701 3173
2048 256 3327 1969 716 3179
2303 256 3327 2206 734 3184
2559 256 3327 2445 752 3189
2815 256 3327 2684 772 3192
3071 256 3327 2925 794 3195
3327 256 3327 3167 817 3198
3583 256 3327 3408 842 3200
3839 256 3327 3651 864 3202
4095 256 3327 3895 884 3204
0 512 3327 432 744 3210
256 512 3327 545 750 3186
512 512 3327 695 760 3154
768 512 3327 899 776 3109
1024 512 3327 1101 790 3093
1280 512 3327 1305 803 3088
1536 512 3327 1519 815 3101
1792 512 3327 1739 829 3115
2048 512 3327 1965 843 3130
2303 512 3327 2198 860 3142
2559 512 3327 2433 877 3153
2815 512 3327 2671 895 3163
3071 512 3327 2910 915 3171
3327 512 3327 3151 936 3178
3583 512 3327 3393 958 3184
3839 512 3327 3643 964 3194
4095 512 3327 3900 960 3206
0 768 3327 461 920 3210
256 768 3327 568 924 3188
512 768 3327 717 933 3150
768 768 3327 932 947 3086
1024 768 3327 1139 969 3029
1280 768 3327 1343 990 2988
1536 768 3327 1539 1006 3004
1792 768 3327 1746 1021 3026
2048 768 3327 1960 1037 3052
2303 768 3327 2185 1053 3074
2559 768 3327 2414 1070 3096
2815 768 3327 2648 1087 3115
3071 768 3327 2886 1105 3131
3327 768 3327 3125 1124 3145
3583 768 3327 3366 1143 3157
3839 768 3327 3628 1129 3179
4095 768 3327 3904 1093 3209
0 1024 3327 503 1131 3211
256 1024 3327 602 1133 3191
512 1024 3327 746 1139 3155
768 1024 3327 958 1149 3093
1024 1024 3327 1167 1167 3028
1280 1024 3327 1372 1186 2977
1536 1024 3327 1563 1202 2984
1792 1024 3327 1763 1219 2997
2048 1024 3327 1969 1237 3013
2303 1024 3327 2184 1259 3029
2559 1024 3327 2404 1279 3047
2815 1024 3327 2631 1299 3070
3071 1024 3327 2863 1318 3090
3327 1024 3327 3097 1338 3110
3583 1024 3327 3336 1357 3126
3839 1024 3327 3610 1330 3162
4095 1024 3327 3908 1272 3209
0 1280 3327 551 1353 3211
256 1280 3327 641 1354 3194
512 1280 3327 778 1357 3163
768 1280 3327 984 1363 3108
1024 1280 3327 1194 1375 3044
1280 1280 3327 1400 1389 2990
1536 1280 3327 1589 1404 2987
1792 1280 3327 1785 1422 2988
2048 1280 3327 1985 1442 2993
2303 1280 3327 2191 1467 3000
2559 1280 3327 2402 1491 3013
2815 1280 3327 2620 1513 3034
3071 1280 3327 2845 1536 3056
3327 1280 3327 3074 1557 3078
3583 1280 3327 3310 1576 3100
3839 1280 3327 3595 1540 3147
4095 1280 3327 3912 1468 3210
0 1536 3327 607 1588 3212
256 1536 3327 690 1588 3198
512 1536 3327 819 1589 3170
768 1536 3327 1017 1592 3123
1024 1536 3327 1226 1600 3066
1280 1536 3327 1433 1610 3015
1536 1536 3327 1622 1622 3002
1792 1536 3327 1816 1637 3001
2048 1536 3327 2012 1654 3006
2303 1536 3327 2216 1675 3013
2559 1536 3327 2422 1697 3022
2815 1536 3327 2633 1721 3034
3071 1536 3327 2849 1747 3049
3327 1536 3327 3070 1771 3068
3583 1536 3327 3310 1784 3097
3839 1536 3327 3598 1750 3147
4095 1536 3327 3918 1684 3211
0 1792 3327 668 1826 3213
256 1792 3327 743 1826 3202
512 1792 3327 865 1827 3179
768 1792 3327 1054 1827 3139
1024 1792 3327 1262 1831 3088
1280 1792 3327 1469 1837 3041
1536 1792 3327 1661 1847 3021
1792 1792 3327 1853 1860 3016
2048 1792 3327 2045 1874 3022
2303 1792 3327 2246 1892 3029
2559 1792 3327 2449 1911 3037
2815 1792 3327 2656 1934 3047
3071 1792 3327 2868 1958 3060
3327 1792 3327 3085 1981 3076
3583 1792 3327 3320 1994 3104
3839 1792 3327 3606 1965 3152
4095 1792 3327 3925 1909 3213
0 2048 3327 732 2068 3215
256 2048 3327 799 2067 3206
512 2048 3327 913 2067 3187
768 2048 3327 1095 2066 3154
1024 2048 3327 1300 2067 3110
1280 2048 3327 1508 2069 3067
1536 2048 3327 1703 2076 3041
1792 2048 3327 1894 2086 3034
2048 2048 3327 2081 2098 3040
2303 2048 3327 2279 2114 3048
2559 2048 3327 2480 2130 3058
2815 2048 3327 2686 2149 3068
3071 2048 3327 2897 2169 3082
3327 2048 3327 3112 2189 3098
3583 2048 3327 3338 2206 3118
3839 2048 3327 3618 2185 3159
4095 2048 3327 3933 2138 3214
0 2303 3327 799 2312 3216
256 2303 3327 861 2311 3209
512 2303 3327 968 2310 3195
768 2303 3327 1141 2308 3168
1024 2303 3327 1343 2307 3133
1280 2303 3327 1550 2307 3097
1536 2303 3327 1749 2311 3071
1792 2303 3327 1939 2319 3064
2048 2303 3327 2125 2329 3068
2303 2303 3327 2319 2342 3078
2559 2303 3327 2518 2356 3089
2815 2303 3327 2724 2371 3102
3071 2303 3327 2939 2385 3119
3327 2303 3327 3155 2401 3135
3583 2303 3327 3365 2425 3140
3839 2303 3327 3634 2412 3170
4095 2303 3327 3942 2374 3216
0 2559 3327 868 2557 3218
256 2559 3327 925 2557 3213
512 2559 3327 1025 2555 3202
768 2559 3327 1189 2553 3182
1024 2559 3327 1387 2550 3154
1280 2559 3327 1593 2548 3126
1536 2559 3327 1796 2549 3102
1792 2559 3327 1987 2555 3094
2048 2559 3327 2170 2563 3098
2303 2559 3327 2356 2575 3114
2559 2559 3327 2552 2586 3129
2815 2559 3327 2760 2598 3143
3071 2559 3327 2980 2607 3159
3327 2559 3327 3198 2620 3170
3583 2559 3327 3394 2648 3163
3839 2559 3327 3652 2642 3182
4095 2559 3327 3953 2613 3218
0 2815 3327 939 2804 3220
256 2815 3327 991 2804 3217
512 2815 3327 1084 2802 3209
768 2815 3327 1240 2799 3195
1024 2815 3327 1434 2795 3175
1280 2815 3327 1638 2791 3153
1536 2815 3327 1845 2790 3133
1792 2815 3327 2036 2793 3127
2048 2815 3327 2218 2800 3129
2303 2815 3327 2389 2812 3160
2559 2815 3327 2578 2823 3183
2815 2815 3327 2793 2830 3195
3071 2815 3327 3018 2836 3200
3327 2815 3327 3238 2847 3200
3583 2815 3327 3426 2876 3188
3839 2815 3327 3675 2875 3197
4095 2815 3327 3965 2854 3221
0 3071 3327 1010 3052 3223
256 3071 3327 1059 3052 3221
512 3071 3327 1147 3050 3216
768 3071 3327 1295 3046 3206
1024 3071 3327 1484 3042 3193
1280 3071 3327 1685 3037 3178
1536 3071 3327 1893 3034 3164
1792 3071 3327 2089 3035 3159
2048 3071 3327 2277 3038 3159
2303 3071 3327 2434 3052 3183
2559 3071 3327 2612 3064 3202
2815 3071 3327 2821 3072 3211
3071 3071 3327 3044 3078 3213
3327 3071 3327 3266 3086 3214
3583 3071 3327 3466 3106 3211
3839 3071 3327 3709 3108 3215
4095 3071 3327 3978 3098 3223
0 3327 3327 1083 3300 3226
256 3327 3327 1128 3300 3225
512 3327 3327 1211 3298 3223
768 3327 3327 1351 3294 3217
1024 3327 3327 1535 3289 3209
1280 3327 3327 1732 3284 3201
1536 3327 3327 1941 3279 3194
1792 3327 3327 2142 3277 3190
2048 3327 3327 2337 3278 3189
2303 3327 3327 2487 3293 3203
2559 3327 3327 2655 3306 3213
2815 3327 3327 2847 3317 3218
3071 3327 3327 3066 3323 3220
3327 3327 3327 3290 3329 3222
3583 3327 3327 3507 3339 3229
3839 3327 3327 3743 3342 3230
4095 3327 3327 3993 3342 3227
0 3583 3327 1156 3549 3230
256 3583 3327 1198 3549 3230
512 3583 3327 1277 3547 3229
768 3583 3327 1410 3543 3226
1024 3583 3327 1588 3538 3224
1280 3583 3327 1781 3532 3221
1536 3583 3327 1989 3526 3220
1792 3583 3327 2193 3522 3220
2048 3583 3327 2393 3520 3223
2303 3583 3327 2559 3530 3230
2559 3583 3327 2720 3544 3233
2815 3583 3327 2874 3563 3229
3071 3583 3327 3086 3570 3228
3327 3583 3327 3312 3575 3229
3583 3583 3327 3538 3580 3230
3839 3583 3327 3771 3585 3231
4095 3583 3327 4009 3588 3230
0 3839 3327 1236 3792 3229
256 3839 3327 1270 3792 3230
512 3839 3327 1335 3793 3230
768 3839 3327 1446 3793 3231
1024 3839 3327 1602 3791 3232
1280 3839 3327 1775 3789 3232
1536 3839 3327 1969 3785 3233
1792 3839 3327 2166 3783 3235
2048 3839 3327 2365 3782 3237
2303 3839 3327 2549 3788 3240
2559 3839 3327 2727 3797 3240
2815 3839 3327 2895 3812 3235
3071 3839 3327 3109 3818 3234
3327 3839 3327 3335 3822 3234
3583 3839 3327 3564 3826 3234
3839 3839 3327 3794 3830 3234
4095 3839 3327 4026 3834 3233
0 4095 3327 1319 4030 3225
256 4095 3327 1342 4032 3227
512 4095 3327 1388 4036 3229
768 4095 3327 1468 4042 3233
1024 4095 3327 1591 4047 3236
1280 4095 3327 1732 4052 3238
1536 4095 3327 1902 4053 3238
1792 4095 3327 2086 4055 3238
2048 4095 3327 2279 4056 3238
2303 4095 3327 2485 4058 3238
2559 4095 3327 2696 4061 3238
2815 4095 3327 2913 4063 3238
3071 4095 3327 3134 4066 3238
3327 4095 3327 3358 4069 3238
3583 4095 3327 3586 4073 3238
3839 4095 3327 3814 4076 3237
4095 4095 3327 4044 4080 3236
0 0 3583 536 630 3432
256 0 3583 585 626 3438
512 0 3583 679 622 3445
768 0 3583 840 617 3454
1024 0 3583 1049 623 3456
1280 0 3583 1273 631 3456
1536 0 3583 1506 643 3456
1792 0 3583 1741 657 3456
2048 0 3583 1978 672 3456
2303 0 3583 2216 689 3456
2559 0 3583 2456 709 3456
2815 0 3583 2696 730 3456
3071 0 3583 2937 753 3456
3327 0 3583 3178 777 3456
3583 0 3583 3420 802 3455
3839 0 3583 3655 839 3450
4095 0 3583 3886 882 3441
0 256 3583 483 679 3447
256 256 3583 570 682 3435
512 256 3583 695 687 3421
768 256 3583 878 694 3404
1024 256 3583 1081 703 3402
1280 256 3583 1292 712 3406
1536 256 3583 1516 723 3413
1792 256 3583 1744 736 3419
2048 256 3583 1976 749 3425
2303 256 3583 2212 766 3430
2559 256 3583 2450 784 3434
2815 256 3583 2689 803 3438
3071 256 3583 2929 824 3441
3327 256 3583 3170 846 3443
3583 256 3583 3412 870 3445
3839 256 3583 3653 892 3447
4095 256 3583 3894 915 3447
0 512 3583 462 777 3456
256 512 3583 569 783 3434
512 512 3583 714 792 3405
768 512 3583 914 807 3364
1024 512 3583 1114 819 3352
1280 512 3583 1316 830 3350
1536 512 3583 1530 842 3359
1792 512 3583 1750 855 3369
2048 512 3583 1976 870 3378
2303 512 3583 2207 886 3387
2559 512 3583 2441 904 3397
2815 512 3583 2677 922 3406
3071 512 3583 2916 941 3414
3327 512 3583 3156 961 3421
3583 512 3583 3397 982 3427
3839 512 3583 3646 989 3438
4095 512 3583 3901 985 3452
0 768 3583 488 946 3457
256 768 3583 590 950 3437
512 768 3583 736 958 3400
768 768 3583 948 972 3340
1024 768 3583 1149 988 3305
1280 768 3583 1348 1004 3283
1536 768 3583 1551 1018 3289
1792 768 3583 1761 1035 3297
2048 768 3583 1976 1053 3307
2303 768 3583 2199 1073 3320
2559 768 3583 2426 1091 3335
2815 768 3583 2658 1108 3353
3071 768 3583 2895 1126 3369
3327 768 3583 3132 1143 3384
3583 768 3583 3373 1162 3396
3839 768 3583 3633 1149 3421
4095 768 3583 3906 1114 3455
0 1024 3583 528 1151 3457
256 1024 3583 623 1154 3439
512 1024 3583 764 1159 3404
768 1024 3583 973 1170 3345
1024 1024 3583 1175 1184 3303
1280 1024 3583 1374 1198 3274
1536 1024 3583 1572 1211 3276
1792 1024 3583 1777 1227 3281
2048 1024 3583 1987 1245 3287
2303 1024 3583 2205 1266 3295
2559 1024 3583 2425 1286 3306
2815 1024 3583 2651 1307 3320
3071 1024 3583 2879 1329 3333
3327 1024 3583 3110 1351 3346
3583 1024 3583 3345 1373 3360
3839 1024 3583 3616 1347 3400
4095 1024 3583 3910 1290 3456
0 1280 3583 573 1369 3458
256 1280 3583 661 1370 3442
512 1280 3583 795 1374 3411
768 1280 3583 998 1380 3357
1024 1280 3583 1200 1390 3313
1280 1280 3583 1400 1401 3279
1536 1280 3583 1595 1413 3279
1792 1280 3583 1797 1427 3280
2048 1280 3583 2003 1443 3282
2303 1280 3583 2216 1464 3286
2559 1280 3583 2431 1486 3290
2815 1280 3583 2650 1510 3298
3071 1280 3583 2871 1536 3306
3327 1280 3583 3094 1563 3316
3583 1280 3583 3322 1588 3330
3839 1280 3583 3602 1555 3382
4095 1280 3583 3914 1482 3457
0 1536 3583 627 1601 3459
256 1536 3583 708 1602 3445
512 1536 3583 834 1603 3418
768 1536 3583 1030 1607 3370
1024 1536 3583 1232 1614 3325
1280 1536 3583 1433 1622 3289
1536 1536 3583 1625 1632 3286
1792 1536 3583 1823 1644 3286
2048 1536 3583 2027 1658 3289
2303 1536 3583 2237 1676 3292
2559 1536 3583 2449 1695 3296
2815 1536 3583 2664 1717 3301
3071 1536 3583 2881 1742 3307
3327 1536 3583 3100 1767 3315
3583 1536 3583 3325 1792 3328
3839 1536 3583 3604 1763 3380
4095 1536 3583 3920 1697 3458
0 1792 3583 686 1838 3460
256 1792 3583 759 1838 3448
512 1792 3583 879 1838 3425
768 1792 3583 1067 1840 3384
1024 1792 3583 1269 1844 3339
1280 1792 3583 1472 1850 3301
1536 1792 3583 1661 1858 3295
1792 1792 3583 1856 1868 3294
2048 1792 3583 2055 1880 3297
2303 1792 3583 2262 1895 3300
2559 1792 3583 2472 1912 3304
2815 1792 3583 2684 1931 3308
3071 1792 3583 2898 1954 3314
3327 1792 3583 3114 1978 3321
3583 1792 3583 3335 2002 3332
3839 1792 3583 3612 1977 3382
4095 1792 3583 3927 1919 3459
0 2048 3583 747 2077 3461
256 2048 3583 814 2077 3452
512 2048 3583 926 2077 3432
768 2048 3583 1106 2077 3398
1024 2048 3583 1310 2078 3353
1280 2048 3583 1515 2081 3313
1536 2048 3583 1701 2088 3305
1792 2048 3583 1892 2097 3303
2048 2048 3583 2087 2107 3306
2303 2048 3583 2291 2120 3310
2559 2048 3583 2497 2134 3314
2815 2048 3583 2707 2151 3319
3071 2048 3583 2920 2171 3325
3327 2048 3583 3133 2192 3332
3583 2048 3583 3350 2214 3341
3839 2048 3583 3624 2195 3388
4095 2048 3583 3935 2148 3461
0 2303 3583 813 2320 3463
256 2303 3583 875 2320 3455
512 2303 3583 980 2319 3439
768 2303 3583 1151 2318 3411
1024 2303 3583 1352 2317 3372
1280 2303 3583 1557 2318 3336
1536 2303 3583 1747 2323 3322
1792 2303 3583 1937 2330 3317
2048 2303 3583 2128 2339 3320
2303 2303 3583 2328 2351 3324
2559 2303 3583 2531 2363 3329
2815 2303 3583 2738 2378 3335
3071 2303 3583 2950 2395 3342
3327 2303 3583 3162 2413 3350
3583 2303 3583 3372 2436 3355
3839 2303 3583 3639 2422 3397
4095 2303 3583 3945 2383 3462
0 2559 3583 881 2565 3465
256 2559 3583 937 2564 3459
512 2559 3583 1036 2563 3446
768 2559 3583 1198 2561 3424
1024 2559 3583 1396 2559 3391
1280 2559 3583 1601 2558 3360
1536 2559 3583 1797 2560 3340
1792 2559 3583 1987 2566 3333
2048 2559 3583 2173 2573 3335
2303 2559 3583 2367 2584 3341
2559 2559 3583 2566 2595 3348
2815 2559 3583 2771 2608 3354
3071 2559 3583 2982 2622 3362
3327 2559 3583 3192 2638 3369
3583 2559 3583 3397 2660 3372
3839 2559 3583 3658 2651 3407
4095 2559 3583 3955 2620 3464
0 2815 3583 951 2811 3466
256 2815 3583 1002 2810 3462
512 2815 3583 1094 2809 3453
768 2815 3583 1249 2806 3436
1024 2815 3583 1442 2803 3411
1280 2815 3583 1645 2800 3384
1536 2815 3583 1851 2800 3360
1792 2815 3583 2042 2803 3351
2048 2815 3583 2224 2810 3352
2303 2815 3583 2410 2820 3363
2559 2815 3583 2604 2830 3373
2815 2815 3583 2808 2840 3379
3071 2815 3583 3017 2853 3385
3327 2815 3583 3226 2867 3389
3583 2815 3583 3427 2888 3392
3839 2815 3583 3680 2883 3420
4095 2815 3583 3967 2861 3467
0 3071 3583 1022 3058 3469
256 3071 3583 1069 3058 3466
512 3071 3583 1156 3056 3459
768 3071 3583 1303 3053 3446
1024 3071 3583 1491 3049 3428
1280 3071 3583 1691 3045 3408
1536 3071 3583 1900 3043 3387
1792 3071 3583 2096 3044 3377
2048 3071 3583 2285 3047 3374
2303 3071 3583 2463 3057 3384
2559 3071 3583 2650 3067 3393
2815 3071 3583 2848 3077 3399
3071 3071 3583 3054 3088 3406
3327 3071 3583 3262 3100 3413
3583 3071 3583 3469 3116 3422
3839 3071 3583 3713 3115 3442
4095 3071 3583 3981 3104 3469
0 3327 3583 1093 3306 3471
256 3327 3583 1137 3305 3470
512 3327 3583 1220 3304 3465
768 3327 3583 1359 3301 3457
1024 3327 3583 1542 3296 3444
1280 3327 3583 1738 3291 3431
1536 3327 3583 1947 3287 3416
1792 3327 3583 2150 3285 3406
2048 3327 3583 2347 3286 3399
2303 3327 3583 2519 3295 3406
2559 3327 3583 2697 3306 3414
2815 3327 3583 2882 3317 3422
3071 3327 3583 3086 3327 3430
3327 3327 3583 3296 3336 3438
3583 3327 3583 3512 3346 3451
3839 3327 3583 3747 3349 3462
4095 3327 3583 3995 3348 3472
0 3583 3583 1166 3555 3475
256 3583 3583 1207 3554 3474
512 3583 3583 1285 3553 3471
768 3583 3583 1417 3549 3466
1024 3583 3583 1594 3544 3459
1280 3583 3583 1786 3539 3451
1536 3583 3583 1995 3533 3442
1792 3583 3583 2199 3530 3437
2048 3583 3583 2402 3528 3433
2303 3583 3583 2577 3535 3438
2559 3583 3583 2741 3547 3447
2815 3583 3583 2887 3567 3459
3071 3583 3583 3093 3575 3463
3327 3583 3583 3316 3580 3465
3583 3583 3583 3542 3586 3469
3839 3583 3583 3774 3590 3472
4095 3583 3583 4011 3593 3475
0 3839 3583 1242 3800 3476
256 3839 3583 1276 3800 3476
512 3839 3583 1341 3800 3475
768 3839 3583 1453 3799 3473
1024 3839 3583 1608 3797 3471
1280 3839 3583 1780 3795 3467
1536 3839 3583 1974 3791 3464
1792 3839 3583 2171 3789 3462
2048 3839 3583 2371 3788 3460
2303 3839 3583 2559 3793 3463
2559 3839 3583 2737 3802 3468
2815 3839 3583 2899 3817 3477
3071 3839 3583 3112 3823 3479
3327 3839 3583 3338 3826 3479
3583 3839 3583 3566 3830 3478
3839 3839 3583 3797 3834 3478
4095 3839 3583 4028 3839 3478
0 4095 3583 1320 4044 3476
256 4095 3583 1344 4045 3476
512 4095 3583 1391 4047 3477
768 4095 3583 1473 4050 3479
1024 4095 3583 1596 4053 3481
1280 4095 3583 1737 4056 3482
1536 4095 3583 1907 4057 3482
1792 4095 3583 2091 4059 3482
2048 4095 3583 2283 4060 3482
2303 4095 3583 2489 4063 3482
2559 4095 3583 2700 4065 3482
2815 4095 3583 2916 4068 3482
3071 4095 3583 3137 4071 3482
3327 4095 3583 3361 4074 3482
3583 4095 3583 3588 4077 3482
3839 4095 3583 3816 4081 3481
4095 4095 3583 4046 4085 3481
0 0 3839 581 676 3671
256 0 3839 626 672 3677
512 0 3839 715 669 3684
768 0 3839 870 667 3692
1024 0 3839 1073 672 3693
1280 0 3839 1291 680 3693
1536 0 3839 1519 692 3693
1792 0 3839 1751 704 3694
2048 0 3839 1984 716 3696
2303 0 3839 2221 734 3696
2559 0 3839 2459 753 3695
2815 0 3839 2697 774 3695
3071 0 3839 2937 796 3694
3327 0 3839 3176 820 3694
3583 0 3839 3417 844 3694
3839 0 3839 3652 879 3689
4095 0 3839 3882 921 3679
0 256 3839 538 723 3685
256 256 3839 604 723 3681
512 256 3839 713 725 3676
768 256 3839 885 729 3668
1024 256 3839 1087 736 3667
1280 256 3839 1299 745 3669
1536 256 3839 1523 755 3673
1792 256 3839 1752 767 3677
2048 256 3839 1984 780 3681
2303 256 3839 2219 795 3684
2559 256 3839 2457 812 3686
2815 256 3839 2695 831 3688
3071 256 3839 2935 852 3690
3327 256 3839 3175 873 3691
3583 256 3839 3416 895 3693
3839 256 3839 3654 922 3691
4095 256 3839 3891 950 3687
0 512 3839 521 816 3694
256 512 3839 599 817 3684
512 512 3839 720 822 3670
768 512 3839 904 831 3647
1024 512 3839 1105 839 3641
1280 512 3839 1312 848 3640
1536 512 3839 1531 859 3645
1792 512 3839 1756 871 3650
2048 512 3839 1985 884 3654
2303 512 3839 2218 899 3659
2559 512 3839 2453 915 3665
2815 512 3839 2690 932 3671
3071 512 3839 2929 951 3675
3327 512 3839 3168 970 3680
3583 512 3839 3410 991 3684
3839 512 3839 3653 1006 3688
4095 512 3839 3897 1018 3692
0 768 3839 544 976 3694
256 768 3839 620 978 3685
512 768 3839 741 982 3666
768 768 3839 931 991 3632
1024 768 3839 1130 1000 3616
1280 768 3839 1334 1011 3607
1536 768 3839 1547 1022 3608
1792 768 3839 1766 1036 3610
2048 768 3839 1988 1051 3612
2303 768 3839 2215 1068 3618
2559 768 3839 2446 1084 3626
2815 768 3839 2680 1100 3637
3071 768 3839 2917 1116 3647
3327 768 3839 3156 1133 3656
3583 768 3839 3396 1151 3664
3839 768 3839 3645 1153 3677
4095 768 3839 3901 1143 3694
0 1024 3839 568 1175 3699
256 1024 3839 644 1176 3690
512 1024 3839 765 1179 3670
768 1024 3839 953 1186 3635
1024 1024 3839 1152 1194 3615
1280 1024 3839 1354 1204 3602
1536 1024 3839 1564 1214 3602
1792 1024 3839 1779 1226 3603
2048 1024 3839 1999 1239 3604
2303 1024 3839 2223 1256 3608
2559 1024 3839 2450 1272 3612
2815 1024 3839 2680 1289 3619
3071 1024 3839 2912 1309 3625
3327 1024 3839 3145 1328 3632
3583 1024 3839 3381 1348 3640
3839 1024 3839 3636 1340 3663
4095 1024 3839 3906 1313 3695
0 1280 3839 599 1386 3704
256 1280 3839 673 1387 3694
512 1280 3839 792 1390 3676
768 1280 3839 977 1394 3642
1024 1280 3839 1174 1401 3620
1280 1280 3839 1376 1408 3604
1536 1280 3839 1582 1417 3604
1792 1280 3839 1795 1427 3605
2048 1280 3839 2012 1438 3606
2303 1280 3839 2234 1453 3607
2559 1280 3839 2458 1469 3608
2815 1280 3839 2684 1488 3609
3071 1280 3839 2910 1509 3611
3327 1280 3839 3138 1532 3613
3583 1280 3839 3369 1553 3621
3839 1280 3839 3630 1539 3651
4095 1280 3839 3911 1501 3697
0 1536 3839 656 1616 3702
256 1536 3839 722 1616 3695
512 1536 3839 832 1617 3679
768 1536 3839 1009 1620 3651
1024 1536 3839 1204 1625 3626
1280 1536 3839 1404 1631 3607
1536 1536 3839 1607 1638 3607
1792 1536 3839 1816 1647 3608
2048 1536 3839 2031 1656 3609
2303 1536 3839 2251 1669 3610
2559 1536 3839 2473 1683 3611
2815 1536 3839 2697 1699 3612
3071 1536 3839 2922 1718 3614
3327 1536 3839 3147 1738 3616
3583 1536 3839 3374 1760 3619
3839 1536 3839 3635 1747 3651
4095 1536 3839 3919 1711 3701
0 1792 3839 716 1850 3701
256 1792 3839 774 1850 3696
512 1792 3839 877 1851 3683
768 1792 3839 1045 1852 3659
1024 1792 3839 1239 1856 3632
1280 1792 3839 1438 1860 3610
1536 1792 3839 1636 1866 3611
1792 1792 3839 1842 1873 3611
2048 1792 3839 2053 1882 3612
2303 1792 3839 2270 1892 3613
2559 1792 3839 2490 1904 3614
2815 1792 3839 2712 1918 3616
3071 1792 3839 2936 1935 3617
3327 1792 3839 3159 1953 3619
3583 1792 3839 3383 1974 3622
3839 1792 3839 3643 1963 3653
4095 1792 3839 3927 1931 3703
0 2048 3839 777 2087 3700
256 2048 3839 830 2087 3697
512 2048 3839 925 2088 3688
768 2048 3839 1085 2088 3668
1024 2048 3839 1277 2090 3639
1280 2048 3839 1476 2093 3615
1536 2048 3839 1669 2098 3615
1792 2048 3839 1871 2104 3615
2048 2048 3839 2078 2112 3616
2303 2048 3839 2293 2121 3617
2559 2048 3839 2510 2132 3618
2815 2048 3839 2730 2144 3620
3071 2048 3839 2951 2158 3622
3327 2048 3839 3173 2174 3624
3583 2048 3839 3396 2193 3627
3839 2048 3839 3653 2184 3656
4095 2048 3839 3934 2157 3704
0 2303 3839 840 2328 3702
256 2303 3839 889 2328 3700
512 2303 3839 978 2329 3692
768 2303 3839 1130 2329 3676
1024 2303 3839 1318 2329 3651
1280 2303 3839 1515 2331 3628
1536 2303 3839 1709 2335 3622
1792 2303 3839 1908 2340 3620
2048 2303 3839 2111 2347 3621
2303 2303 3839 2322 2355 3623
2559 2303 3839 2536 2364 3624
2815 2303 3839 2753 2375 3626
3071 2303 3839 2972 2388 3628
3327 2303 3839 3192 2403 3631
3583 2303 3839 3412 2420 3634
3839 2303 3839 3666 2413 3661
4095 2303 3839 3943 2391 3705
0 2559 3839 905 2571 3703
256 2559 3839 950 2571 3702
512 2559 3839 1034 2572 3697
768 2559 3839 1178 2572 3684
1024 2559 3839 1361 2571 3663
1280 2559 3839 1556 2571 3642
1536 2559 3839 1752 2574 3631
1792 2559 3839 1949 2578 3627
2048 2559 3839 2147 2584 3628
2303 2559 3839 2355 2591 3629
2559 2559 3839 2565 2600 3631
2815 2559 3839 2779 2610 3633
3071 2559 3839 2995 2621 3636
3327 2559 3839 3213 2634 3639
3583 2559 3839 3431 2649 3643
3839 2559 3839 3682 2645 3668
4095 2559 3839 3954 2627 3707
0 2815 3839 974 2815 3704
256 2815 3839 1014 2816 3705
512 2815 3839 1093 2817 3701
768 2815 3839 1229 2816 3692
1024 2815 3839 1407 2815 3676
1280 2815 3839 1598 2814 3658
1536 2815 3839 1799 2815 3641
1792 2815 3839 1996 2818 3635
2048 2815 3839 2189 2823 3636
2303 2815 3839 2392 2829 3638
2559 2815 3839 2599 2837 3640
2815 2815 3839 2809 2846 3643
3071 2815 3839 3023 2857 3646
3327 2815 3839 3238 2868 3650
3583 2815 3839 3454 2882 3655
3839 2815 3839 3701 2880 3678
4095 2815 3839 3968 2868 3711
0 3071 3839 1043 3060 3706
256 3071 3839 1081 3062 3708
512 3071 3839 1155 3063 3706
768 3071 3839 1283 3062 3699
1024 3071 3839 1456 3061 3687
1280 3071 3839 1642 3059 3673
1536 3071 3839 1844 3058 3659
1792 3071 3839 2043 3060 3651
2048 3071 3839 2239 3063 3648
2303 3071 3839 2437 3069 3651
2559 3071 3839 2639 3076 3654
2815 3071 3839 2846 3084 3657
3071 3071 3839 3056 3094 3662
3327 3071 3839 3269 3104 3668
3583 3071 3839 3487 3114 3677
3839 3071 3839 3727 3115 3693
4095 3071 3839 3981 3109 3713
0 3327 3839 1113 3306 3709
256 3327 3839 1148 3308 3711
512 3327 3839 1218 3309 3710
768 3327 3839 1340 3309 3707
1024 3327 3839 1506 3307 3698
1280 3327 3839 1688 3305 3688
1536 3327 3839 1888 3303 3677
1792 3327 3839 2089 3303 3669
2048 3327 3839 2290 3304 3663
2303 3327 3839 2483 3309 3666
2559 3327 3839 2679 3316 3670
2815 3327 3839 2877 3325 3676
3071 3327 3839 3086 3333 3682
3327 3327 3839 3299 3341 3689
3583 3327 3839 3521 3349 3699
3839 3327 3839 3754 3352 3708
4095 3327 3839 3995 3352 3715
0 3583 3839 1183 3554 3712
256 3583 3839 1217 3556 3714
512 3583 3839 1283 3557 3715
768 3583 3839 1399 3557 3713
1024 3583 3839 1559 3555 3708
1280 3583 3839 1736 3552 3702
1536 3583 3839 1933 3549 3695
1792 3583 3839 2134 3548 3690
2048 3583 3839 2336 3547 3686
2303 3583 3839 2527 3552 3688
2559 3583 3839 2712 3560 3695
2815 3583 3839 2884 3574 3707
3071 3583 3839 3096 3580 3711
3327 3583 3839 3319 3585 3712
3583 3583 3839 3546 3590 3715
3839 3583 3839 3778 3594 3717
4095 3583 3839 4012 3597 3719
0 3839 3839 1258 3799 3713
256 3839 3839 1287 3801 3715
512 3839 3839 1344 3803 3717
768 3839 3839 1444 3805 3718
1024 3839 3839 1589 3805 3717
1280 3839 3839 1751 3804 3714
1536 3839 3839 1937 3803 3711
1792 3839 3839 2131 3802 3708
2048 3839 3839 2329 3802 3706
2303 3839 3839 2525 3806 3708
2559 3839 3839 2716 3812 3713
2815 3839 3839 2899 3823 3722
3071 3839 3839 3115 3828 3723
3327 3839 3839 3340 3831 3723
3583 3839 3839 3569 3835 3723
3839 3839 3839 3799 3839 3723
4095 3839 3839 4030 3843 3723
0 4095 3839 1335 4042 3711
256 4095 3839 1358 4044 3713
512 4095 3839 1403 4048 3717
768 4095 3839 1481 4054 3722
1024 4095 3839 1603 4057 3724
1280 4095 3839 1744 4059 3725
1536 4095 3839 1913 4061 3726
1792 4095 3839 2096 4062 3726
2048 4095 3839 2287 4064 3726
2303 4095 3839 2493 4066 3726
2559 4095 3839 2703 4068 3726
2815 4095 3839 2919 4072 3726
3071 4095 3839 3140 4075 3726
3327 4095 3839 3363 4078 3726
3583 4095 3839 3590 4082 3726
3839 4095 3839 3819 4086 3726
4095 4095 3839 4049 4090 3726
0 0 4095 632 723 3908
256 0 4095 672 720 3914
512 0 4095 758 719 3920
768 0 4095 910 720 3924
1024 0 4095 1105 726 3925
1280 0 4095 1314 735 3925
1536 0 4095 1537 746 3924
1792 0 4095 1763 756 3927
2048 0 4095 1992 766 3932
2303 0 4095 2226 783 3931
2559 0 4095 2461 803 3930
2815 0 4095 2698 824 3928
3071 0 4095 2935 847 3927
3327 0 4095 3172 870 3926
3583 0 4095 3411 893 3928
3839 0 4095 3646 924 3923
4095 0 4095 3877 960 3915
0 256 4095 607 770 3918
256 256 4095 643 765 3928
512 256 4095 728 762 3935
768 256 4095 887 763 3940
1024 256 4095 1088 768 3941
1280 256 4095 1302 776 3941
1536 256 4095 1529 785 3941
1792 256 4095 1759 796 3941
2048 256 4095 1992 807 3942
2303 256 4095 2227 822 3942
2559 256 4095 2464 839 3942
2815 256 4095 2702 857 3942
3071 256 4095 2941 878 3940
3327 256 4095 3180 899 3940
3583 256 4095 3421 920 3941
3839 256 4095 3655 951 3935
4095 256 4095 3885 989 3923
0 512 4095 600 858 3925
256 512 4095 633 854 3935
512 512 4095 718 851 3944
768 512 4095 878 851 3949
1024 512 4095 1082 855 3950
1280 512 4095 1299 861 3951
1536 512 4095 1527 869 3950
1792 512 4095 1759 879 3950
2048 512 4095 1993 891 3949
2303 512 4095 2229 903 3950
2559 512 4095 2467 917 3950
2815 512 4095 2706 933 3950
3071 512 4095 2946 951 3949
3327 512 4095 3186 970 3948
3583 512 4095 3427 989 3949
3839 512 4095 3661 1019 3941
4095 512 4095 3890 1056 3928
0 768 4095 619 1010 3925
256 768 4095 655 1007 3934
512 768 4095 738 1005 3942
768 768 4095 892 1005 3949
1024 768 4095 1092 1008 3951
1280 768 4095 1306 1013 3951
1536 768 4095 1533 1020 3951
1792 768 4095 1764 1028 3951
2048 768 4095 1998 1037 3950
2303 768 4095 2233 1048 3950
2559 768 4095 2471 1059 3950
2815 768 4095 2710 1072 3950
3071 768 4095 2949 1087 3950
3327 768 4095 3189 1103 3950
3583 768 4095 3430 1120 3950
3839 768 4095 3663 1146 3942
4095 768 4095 3892 1177 3928
0 1024 4095 618 1200 3937
256 1024 4095 664 1199 3942
512 1024 4095 754 1198 3947
768 1024 4095 910 1199 3951
1024 1024 4095 1108 1202 3951
1280 1024 4095 1319 1206 3951
1536 1024 4095 1544 1211 3951
1792 1024 4095 1773 1218 3951
2048 1024 4095 2005 1225 3951
2303 1024 4095 2240 1234 3951
2559 1024 4095 2477 1244 3951
2815 1024 4095 2715 1255 3951
3071 1024 4095 2954 1267 3951
3327 1024 4095 3194 1281 3951
3583 1024 4095 3434 1295 3951
3839 1024 4095 3667 1316 3943
4095 1024 4095 3896 1341 3929
0 1280 4095 626 1404 3949
256 1280 4095 680 1405 3950
512 1280 4095 775 1405 3952
768 1280 4095 933 1407 3952
1024 1280 4095 1127 1410 3952
1280 1280 4095 1335 1413 3952
1536 1280 4095 1557 1417 3952
1792 1280 4095 1784 1423 3952
2048 1280 4095 2015 1429 3952
2303 1280 4095 2249 1436 3952
2559 1280 4095 2484 1444 3952
2815 1280 4095 2722 1453 3952
3071 1280 4095 2960 1464 3951
3327 1280 4095 3199 1475 3951
3583 1280 4095 3439 1487 3951
3839 1280 4095 3673 1503 3944
4095 1280 4095 3903 1523 3933
0 1536 4095 691 1631 3942
256 1536 4095 734 1631 3947
512 1536 4095 818 1632 3951
768 1536 4095 965 1633 3953
1024 1536 4095 1153 1635 3953
1280 1536 4095 1356 1638 3953
1536 1536 4095 1574 1642 3953
1792 1536 4095 1799 1646 3953
2048 1536 4095 2027 1651 3953
2303 1536 4095 2260 1657 3953
2559 1536 4095 2494 1664 3953
2815 1536 4095 2730 1672 3952
3071 1536 4095 2968 1681 3952
3327 1536 4095 3206 1690 3952
3583 1536 4095 3446 1701 3952
3839 1536 4095 3682 1713 3948
4095 1536 4095 3915 1727 3941
0 1792 4095 754 1862 3937
256 1792 4095 789 1863 3945
512 1792 4095 865 1863 3950
768 1792 4095 1002 1865 3953
1024 1792 4095 1183 1867 3954
1280 1792 4095 1380 1869 3954
1536 1792 4095 1595 1872 3954
1792 1792 4095 1817 1876 3954
2048 1792 4095 2042 1880 3954
2303 1792 4095 2273 1886 3954
2559 1792 4095 2506 1892 3954
2815 1792 4095 2741 1898 3953
3071 1792 4095 2978 1906 3953
3327 1792 4095 3215 1914 3953
3583 1792 4095 3454 1923 3953
3839 1792 4095 3690 1933 3950
4095 1792 4095 3924 1944 3944
0 2048 4095 817 2097 3934
256 2048 4095 845 2098 3943
512 2048 4095 914 2099 3950
768 2048 4095 1042 2101 3954
1024 2048 4095 1216 2102 3955
1280 2048 4095 1407 2104 3955
1536 2048 4095 1618 2107 3955
1792 2048 4095 1836 2110 3955
2048 2048 4095 2059 2114 3955
2303 2048 4095 2288 2119 3955
2559 2048 4095 2519 2124 3955
2815 2048 4095 2753 2129 3955
3071 2048 4095 2989 2136 3955
3327 2048 4095 3225 2143 3954
3583 2048 4095 3463 2151 3954
3839 2048 4095 3698 2159 3951
4095 2048 4095 3931 2168 3944
0 2303 4095 877 2335 3935
256 2303 4095 904 2337 3944
512 2303 4095 968 2339 3951
768 2303 4095 1088 2341 3956
1024 2303 4095 1256 2342 3957
1280 2303 4095 1440 2344 3957
1536 2303 4095 1646 2347 3956
1792 2303 4095 1860 2350 3956
2048 2303 4095 2080 2353 3956
2303 2303 4095 2307 2357 3956
2559 2303 4095 2536 2361 3956
2815 2303 4095 2768 2367 3956
3071 2303 4095 3002 2372 3956
3327 2303 4095 3237 2378 3956
3583 2303 4095 3474 2385 3956
3839 2303 4095 3707 2392 3951
4095 2303 4095 3938 2399 3944
0 2559 4095 939 2575 3936
256 2559 4095 964 2578 3945
512 2559 4095 1025 2581 3952
768 2559 4095 1137 2583 3957
1024 2559 4095 1297 2585 3958
1280 2559 4095 1475 2586 3958
1536 2559 4095 1676 2588 3958
1792 2559 4095 1887 2591 3958
2048 2559 4095 2103 2594 3958
2303 2559 4095 2327 2598 3958
2559 2559 4095 2554 2602 3958
2815 2559 4095 2784 2606 3958
3071 2559 4095 3017 2611 3958
3327 2559 4095 3251 2617 3958
3583 2559 4095 3486 2623 3957
3839 2559 4095 3719 2628 3953
4095 2559 4095 3950 2634 3947
0 2815 4095 1003 2817 3937
256 2815 4095 1028 2820 3945
512 2815 4095 1084 2824 3953
768 2815 4095 1189 2827 3959
1024 2815 4095 1342 2829 3960
1280 2815 4095 1514 2830 3960
1536 2815 4095 1710 2832 3960
1792 2815 4095 1915 2835 3960
2048 2815 4095 2128 2837 3960
2303 2815 4095 2349 2841 3960
2559 2815 4095 2574 2844 3960
2815 2815 4095 2802 2848 3960
3071 2815 4095 3033 2853 3960
3327 2815 4095 3266 2858 3959
3583 2815 4095 3500 2863 3959
3839 2815 4095 3735 2869 3958
4095 2815 4095 3969 2874 3956
0 3071 4095 1070 3060 3939
256 3071 4095 1093 3065 3947
512 3071 4095 1146 3069 3954
768 3071 4095 1245 3073 3961
1024 3071 4095 1391 3075 3962
1280 3071 4095 1556 3076 3962
1536 3071 4095 1747 3078 3962
1792 3071 4095 1948 3080 3962
2048 3071 4095 2156 3082 3962
2303 3071 4095 2375 3085 3962
2559 3071 4095 2597 3088 3962
2815 3071 4095 2823 3092 3962
3071 3071 4095 3052 3096 3962
3327 3071 4095 3283 3101 3962
3583 3071 4095 3516 3106 3961
3839 3071 4095 3749 3110 3960
4095 3071 4095 3981 3114 3957
0 3327 4095 1138 3304 3941
256 3327 4095 1160 3309 3949
512 3327 4095 1210 3315 3956
768 3327 4095 1302 3319 3963
1024 3327 4095 1442 3321 3964
1280 3327 4095 1600 3322 3964
1536 3327 4095 1785 3324 3964
1792 3327 4095 1982 3326 3964
2048 3327 4095 2186 3328 3964
2303 3327 4095 2402 3331 3964
2559 3327 4095 2621 3334 3964
2815 3327 4095 2844 3337 3964
3071 3327 4095 3072 3341 3964
3327 3327 4095 3301 3345 3964
3583 3327 4095 3533 3349 3964
3839 3327 4095 3764 3353 3961
4095 3327 4095 3994 3356 3958
0 3583 4095 1207 3549 3944
256 3583 4095 1227 3556 3952
512 3583 4095 1274 3562 3960
768 3583 4095 1362 3567 3966
1024 3583 4095 1496 3569 3967
1280 3583 4095 1648 3570 3967
1536 3583 4095 1828 3571 3967
1792 3583 4095 2019 3573 3967
2048 3583 4095 2219 3575 3967
2303 3583 4095 2431 3577 3967
2559 3583 4095 2648 3580 3966
2815 3583 4095 2869 3583 3966
3071 3583 4095 3094 3587 3966
3327 3583 4095 3321 3590 3966
3583 3583 4095 3552 3595 3966
3839 3583 4095 3782 3598 3965
4095 3583 4095 4013 3601 3963
0 3839 4095 1281 3790 3942
256 3839 4095 1301 3797 3949
512 3839 4095 1345 3804 3957
768 3839 4095 1426 3812 3965
1024 3839 4095 1553 3814 3967
1280 3839 4095 1699 3816 3967
1536 3839 4095 1872 3818 3968
1792 3839 4095 2059 3819 3968
2048 3839 4095 2254 3821 3968
2303 3839 4095 2463 3823 3968
2559 3839 4095 2676 3826 3968
2815 3839 4095 2894 3829 3968
3071 3839 4095 3118 3833 3968
3327 3839 4095 3343 3836 3968
3583 3839 4095 3571 3840 3969
3839 3839 4095 3801 3844 3968
4095 3839 4095 4032 3848 3967
0 4095 4095 1359 4028 3937
256 4095 4095 1379 4034 3942
512 4095 4095 1420 4042 3950
768 4095 4095 1492 4055 3963
1024 4095 4095 1612 4059 3966
1280 4095 4095 1751 4061 3967
1536 4095 4095 1918 4064 3969
1792 4095 4095 2100 4065 3969
2048 4095 4095 2291 4066 3968
2303 4095 4095 2496 4068 3968
2559 4095 4095 2705 4071 3969
2815 4095 4095 2921 4075 3970
3071 4095 4095 3142 4078 3970
3327 4095 4095 3365 4082 3970
3583 4095 4095 3592 4086 3971
3839 4095 4095 3821 4091 3971
4095 4095 4095 4052 4095 3971
